fecha,id_usuario,ingreso_mensual,gasto_mensual_total,tasa_ahorro,objetivo_presupuesto,escenario_financiero,puntaje_crediticio,relacion_deuda_ingreso,pago_prestamo,monto_inversion,servicios_suscripcion,fondo_emergencia,cantidad_transacciones,indicador_fraude,gastos_discrecionales,gastos_esenciales,tipo_ingreso,alquiler_o_hipoteca,categoria,estado_flujo_caja,puntaje_recomendacion_financiera,nivel_estres_financiero,ahorro_real,meta_ahorro_cumplida,indice_financiero,perfil_financiero
2019-01-01,1584,3119.58,3212.07,0.38,3676.11,Inflación,721.0,0.56,125.77,689.22,3,510.58,68,0,857.55,1910.85,Independiente,1501.65,Inversiones,Positivo,8.3,Bajo,0.0,0,50.3459980910259,En observación
2019-01-31,1045,3262.44,3732.81,0.1,2607.17,Inflación,670.0,0.42,454.19,360.34,4,1154.41,41,0,534.51,3165.2,Salario,1603.17,Inversiones,Positivo,22.6,Bajo,0.0,0,39.29495098392652,Crítico
2019-03-02,1756,2931.2,3335.58,0.15,3004.14,Inflación,691.0,0.24,971.82,0.0,5,1433.02,90,0,353.67,1504.56,Independiente,1097.82,Salud,Positivo,58.8,Bajo,0.0,0,47.05677638306453,En observación
2019-04-01,1724,3506.79,2327.59,0.17,3346.97,Normal,717.0,0.16,482.76,182.06,5,227.37,94,0,594.08,1450.72,Independiente,1155.64,Alimentacion,Positivo,74.5,Bajo,1179.2,0,53.08786343605746,Estable
2019-05-01,1600,4606.87,2182.58,0.34,2670.09,Inflación,795.0,0.25,263.74,342.78,9,589.81,73,0,556.86,1000.0,Salario,1170.86,Servicios,Negativo,38.7,Alto,2424.29,0,61.78291187788531,Saludable
2019-05-31,1985,4028.39,3876.57,0.26,2079.72,Recesión,643.0,0.43,323.2,451.11,8,1131.03,56,0,431.04,2330.01,Salario,548.67,Salud,Positivo,53.7,Medio,151.82,0,50.18276905836862,En observación
2019-06-30,1194,4145.45,3035.61,0.15,2215.8,Normal,683.0,0.3,609.88,730.42,8,995.12,69,0,443.5,2860.3,Independiente,637.04,Transporte,Positivo,74.7,Alto,1109.84,0,49.83827979944091,En observación
2019-07-30,1600,3202.37,2689.51,0.25,3650.48,Normal,655.0,0.24,524.64,224.15,4,732.71,65,0,602.88,3526.55,Salario,1453.18,Ocio,Neutral,83.1,Medio,512.86,0,49.98883944052507,En observación
2019-08-29,1835,4765.11,2628.56,0.06,2813.81,Normal,715.0,0.52,103.3,0.0,7,1623.05,99,0,733.67,2503.65,Salario,1675.75,Educacion,Negativo,71.6,Bajo,2136.55,0,37.126911375023525,Crítico
2019-09-28,1454,3581.79,3370.8,0.13,2195.92,Normal,749.0,0.52,643.48,261.39,9,1057.1,91,0,464.34,1691.26,Salario,682.16,Ocio,Positivo,77.9,Alto,210.99,0,37.509116170306655,Crítico
2019-10-28,1045,3832.71,3230.77,0.23,3178.17,Normal,611.0,0.19,316.34,452.59,9,1095.63,73,0,585.69,3029.36,Mixto,1254.48,Inversiones,Positivo,62.5,Medio,601.94,0,56.01750087482584,Estable
2019-11-27,1357,2136.79,3444.29,0.34,2685.16,Normal,669.0,0.39,285.31,528.05,5,1967.83,53,0,283.44,2492.21,Independiente,773.98,Ocio,Negativo,36.1,Alto,0.0,0,54.92855610884388,Estable
2019-12-27,1403,5462.92,3049.29,0.29,2973.21,Recesión,670.0,0.23,679.87,275.58,2,1431.37,41,0,582.65,1483.81,Salario,1502.86,Alimentacion,Positivo,39.0,Bajo,2413.63,0,63.256185030473134,Excelente
2020-01-26,1884,2110.66,2707.86,0.24,1420.73,Recesión,647.0,0.32,331.5,563.48,6,1153.64,86,0,309.46,3236.23,Salario,790.3,Otros,Positivo,17.2,Medio,0.0,0,52.77999065367019,Estable
2020-02-25,1675,3507.29,2661.4,0.26,3493.12,Normal,739.0,0.4,650.88,220.05,7,1405.48,74,0,248.39,2825.21,Salario,1009.85,Inversiones,Neutral,11.2,Medio,845.89,0,49.362630632915874,En observación
2020-03-26,1750,2098.58,4614.09,0.16,2896.61,Normal,620.0,0.29,655.47,284.89,1,1381.6,58,0,494.7,1332.65,Salario,868.9,Gastos_hormiga,Positivo,94.2,Bajo,0.0,0,46.33340778162961,En riesgo
2020-04-25,1222,3677.65,3489.82,0.3,2068.33,Normal,631.0,0.13,511.94,347.32,7,1729.56,66,1,362.3,2576.38,Mixto,1284.68,Alimentacion,Negativo,50.0,Bajo,187.83,0,61.60150917403323,Saludable
2020-05-25,1050,1884.19,2764.11,0.29,3904.13,Normal,676.0,0.41,550.79,394.33,6,1692.29,59,0,633.22,2517.59,Mixto,1187.56,Gastos_hormiga,Positivo,68.6,Bajo,0.0,0,49.24380193102245,En observación
2020-06-24,1234,3697.31,3523.56,0.17,3122.47,Normal,743.0,0.52,351.55,247.39,6,493.09,62,0,516.89,2177.0,Salario,919.0,Gastos_hormiga,Negativo,90.6,Medio,173.75,0,37.08567857162946,Crítico
2020-07-24,1447,4726.33,3948.38,0.14,2539.69,Normal,691.0,0.48,369.67,409.83,7,1320.35,96,0,478.5,1850.42,Salario,929.73,Transporte,Negativo,73.7,Bajo,777.95,0,42.357466620148365,En riesgo
2020-08-23,1347,2911.22,1886.67,0.17,2330.65,Normal,631.0,0.52,448.13,112.31,7,1431.26,35,0,755.99,1737.44,Salario,1501.13,Inversiones,Neutral,43.5,Alto,1024.55,0,40.27646244035749,En riesgo
2020-09-22,1918,3972.53,2793.73,0.22,2700.51,Normal,759.0,0.44,469.72,955.5,7,1359.6,82,0,563.8,2305.04,Mixto,1187.25,Otros,Neutral,79.7,Bajo,1178.8,0,52.47553826408448,Estable
2020-10-22,1879,5136.85,2474.84,0.28,2837.11,Inflación,694.0,0.25,428.59,529.61,7,1045.61,64,0,435.07,2900.43,Salario,943.32,Salud,Neutral,81.4,Bajo,2662.01,0,61.74114404549819,Saludable
2020-11-21,1057,4124.22,2712.7,0.26,3029.37,Normal,706.0,0.21,308.5,258.74,5,615.45,94,0,643.02,1682.26,Salario,839.09,Servicios,Neutral,78.3,Bajo,1411.52,0,58.54954079207831,Saludable
2020-12-21,1129,4622.48,2219.51,0.18,2541.05,Normal,661.0,0.46,318.48,591.38,3,2306.84,27,0,260.55,1651.01,Salario,903.63,Alimentacion,Negativo,64.1,Bajo,2402.97,0,55.707893699775376,Estable
2021-01-20,1680,4859.63,2830.71,0.4,2665.05,Normal,609.0,0.32,787.17,459.74,2,768.35,31,0,186.89,1921.24,Salario,1611.29,Salud,Positivo,39.8,Bajo,2028.92,0,64.47710390527702,Excelente
2021-02-19,1621,5414.37,3328.5,0.1,2707.47,Inflación,665.0,0.56,540.72,512.29,5,1233.88,41,0,468.01,2460.65,Salario,964.77,Transporte,Positivo,47.7,Medio,2085.87,0,40.918594392968345,En riesgo
2021-03-21,1998,6042.51,2246.36,0.05,2185.71,Inflación,620.0,0.5,419.3,579.51,5,1513.09,22,0,383.93,1975.73,Salario,423.02,Gastos_hormiga,Positivo,27.9,Medio,3796.15,1,49.174068201072636,En observación
2021-04-20,1058,4422.94,2989.14,0.32,2506.2,Normal,662.0,0.38,440.32,326.25,9,322.35,90,0,809.16,1000.0,Salario,1618.9,Alimentacion,Negativo,27.3,Alto,1433.8,0,50.21236955164802,En observación
2021-05-20,1334,4012.76,2193.69,0.3,3328.25,Normal,617.0,0.53,720.24,0.0,6,1168.02,96,0,183.69,1375.03,Independiente,489.72,Ocio,Negativo,65.4,Medio,1819.07,0,48.623211593450804,En observación
2021-06-19,1256,3163.61,4000.56,0.22,2749.02,Recesión,619.0,0.29,377.91,686.52,6,1411.56,96,0,220.76,2389.84,Salario,1197.82,Ocio,Negativo,89.5,Bajo,0.0,0,52.89104099609804,Estable
2021-07-19,1421,2980.36,2083.75,0.15,3026.26,Recesión,690.0,0.23,365.45,213.49,6,453.89,78,0,96.31,2709.84,Salario,1127.79,Vivienda,Positivo,84.0,Medio,896.61,0,50.65356987264501,En observación
2021-08-18,1456,3515.99,3276.12,0.06,3289.32,Inflación,633.0,0.12,479.01,353.98,8,347.98,38,0,482.87,2536.01,Salario,1042.06,Alimentacion,Positivo,98.8,Bajo,239.87,0,46.902604195617755,En observación
2021-09-17,1974,3855.03,2510.28,0.4,3054.35,Normal,736.0,0.52,247.74,223.91,9,497.88,22,0,352.05,2030.87,Independiente,994.3,Otros,Positivo,80.7,Bajo,1344.75,0,54.515746425333106,Estable
2021-10-17,1730,3725.58,3430.91,0.08,2739.51,Normal,771.0,0.43,588.68,736.18,9,890.21,70,0,0.0,1675.65,Salario,834.94,Salud,Positivo,88.5,Medio,294.67,0,43.598611455138666,En riesgo
2021-11-16,1340,5423.61,3424.74,0.39,2646.35,Recesión,718.0,0.2,330.56,610.25,4,735.81,86,0,546.81,2287.09,Salario,1768.19,Alimentacion,Positivo,62.6,Medio,1998.87,0,67.74276825270168,Excelente
2021-12-16,1794,5273.97,2583.11,0.16,3373.36,Recesión,602.0,0.44,426.18,621.56,7,898.01,71,0,547.92,2573.98,Salario,1370.0,Transporte,Positivo,72.8,Medio,2690.86,0,49.17657025336807,En observación
2022-01-15,1776,4276.99,2785.21,0.31,3381.24,Inflación,731.0,0.22,480.68,282.26,7,2344.53,29,0,482.68,2102.28,Independiente,866.95,Educacion,Positivo,46.9,Alto,1491.78,0,64.70533151742771,Excelente
2022-02-14,1173,4781.39,3279.82,0.29,2503.33,Recesión,691.0,0.36,742.09,0.0,7,0.0,62,0,119.8,2368.1,Salario,1530.57,Servicios,Positivo,22.2,Alto,1501.57,0,48.638246897769605,En observación
2022-03-16,1482,4457.69,3522.27,0.3,2887.95,Normal,632.0,0.13,390.65,0.0,3,1154.66,35,0,469.88,2333.02,Salario,1607.09,Ocio,Neutral,51.5,Medio,935.42,0,60.98345697990449,Saludable
2022-04-15,1913,3782.73,2241.48,0.16,3606.0,Normal,689.0,0.5,564.04,278.85,9,790.98,25,0,260.49,2092.8,Salario,1181.67,Vivienda,Negativo,4.2,Bajo,1541.25,0,40.739427104113894,En riesgo
2022-05-15,1529,3933.49,4154.43,0.37,3058.63,Normal,635.0,0.13,880.34,552.72,3,210.08,52,0,598.5,3256.12,Salario,1213.39,Transporte,Negativo,98.0,Bajo,0.0,0,58.21931908327142,Saludable
2022-06-14,1737,4047.29,2359.97,0.07,3092.41,Normal,599.0,0.4,602.42,342.41,3,857.38,21,0,662.09,1979.19,Salario,969.63,Vivienda,Neutral,77.9,Bajo,1687.32,0,42.16805020758132,En riesgo
2022-07-14,1205,4076.19,3117.55,0.32,2422.02,Normal,728.0,0.59,358.86,160.08,5,471.82,70,0,482.28,2970.22,Salario,519.17,Educacion,Negativo,4.2,Alto,958.64,0,42.95577278668175,En riesgo
2022-08-13,1756,4155.26,3157.23,0.17,2270.44,Normal,720.0,0.27,743.05,245.03,2,1347.98,27,0,697.79,2778.93,Salario,1396.85,Otros,Positivo,11.9,Bajo,998.03,0,49.85298836686306,En observación
2022-09-12,1957,1900.97,3577.86,0.4,3450.97,Recesión,744.0,0.31,548.82,237.28,9,1398.07,35,0,719.91,2969.82,Salario,1418.73,Educacion,Positivo,5.2,Bajo,0.0,0,53.474065468370675,Estable
2022-10-12,1983,2402.19,2901.92,0.06,2919.87,Normal,705.0,0.18,686.61,461.51,6,1569.13,54,0,702.66,2610.4,Salario,1762.45,Otros,Positivo,39.9,Bajo,0.0,0,45.35770291389416,En riesgo
2022-11-11,1206,3764.31,2918.07,0.22,2831.01,Normal,662.0,0.44,671.29,0.0,4,789.59,96,0,619.13,2275.19,Salario,1127.83,Alimentacion,Positivo,66.0,Bajo,846.24,0,44.33363501986708,En riesgo
2022-12-11,1983,3549.62,2797.15,0.07,2304.84,Normal,690.0,0.16,639.79,313.85,7,713.24,94,0,722.47,2522.92,Salario,906.81,Otros,Positivo,71.6,Alto,752.47,0,46.137480242666804,En riesgo
2023-01-10,1984,4722.51,3075.01,0.34,2922.43,Normal,655.0,0.33,632.85,130.94,3,662.47,82,0,738.87,1951.17,Salario,936.35,Salud,Positivo,32.4,Alto,1647.5,0,56.09829918525257,Estable
2023-02-09,1368,3393.56,3409.64,0.4,3043.73,Normal,614.0,0.19,415.4,249.76,4,1264.6,96,0,626.21,3048.68,Mixto,920.01,Educacion,Neutral,41.1,Bajo,0.0,0,63.10428946107556,Excelente
2023-03-11,1443,4264.95,1818.65,0.09,2964.82,Normal,561.0,0.27,153.88,30.37,8,1429.66,35,0,466.6,3184.95,Salario,1485.3,Ocio,Negativo,27.8,Medio,2446.3,0,47.89332559651969,En observación
2023-04-10,1506,3170.26,2214.21,0.36,2228.47,Recesión,661.0,0.28,306.82,466.11,2,1084.61,40,0,925.74,2129.03,Salario,1027.2,Servicios,Negativo,67.7,Medio,956.05,0,60.40427534478728,Saludable
2023-05-10,1942,4573.38,3768.84,0.27,2182.29,Normal,749.0,0.55,146.4,464.62,5,1591.2,86,0,293.81,1930.96,Salario,686.66,Educacion,Neutral,54.3,Medio,804.54,0,50.68975441410885,En observación
2023-06-09,1353,2800.92,1663.92,0.24,2369.23,Normal,657.0,0.17,125.73,553.6,4,1420.61,82,0,487.92,2253.56,Independiente,1787.83,Educacion,Positivo,23.0,Bajo,1137.0,0,63.72821750235539,Excelente
2023-07-09,1477,5578.55,2600.71,0.06,1942.39,Recesión,700.0,0.45,262.58,813.12,3,1379.9,74,0,473.79,2580.57,Independiente,1051.48,Salud,Negativo,53.8,Medio,2977.84,1,47.84423441941453,En observación
2023-08-08,1657,4078.42,2546.59,0.33,2892.13,Recesión,630.0,0.37,589.78,690.28,8,1376.49,22,0,784.24,1158.34,Salario,1571.24,Alimentacion,Positivo,6.3,Bajo,1531.83,0,59.7236280544715,Saludable
2023-09-07,1275,4116.03,2919.91,0.14,2697.48,Normal,688.0,0.53,485.74,386.86,9,897.14,76,0,228.4,2745.38,Salario,916.7,Salud,Positivo,64.1,Bajo,1196.12,0,41.57917703358225,En riesgo
2023-10-07,1908,4268.09,2534.99,0.13,1820.82,Recesión,750.0,0.5,470.08,499.18,3,928.08,80,0,430.83,2556.3,Independiente,1076.83,Servicios,Positivo,76.0,Bajo,1733.1,0,43.80898315158913,En riesgo
2023-11-06,1585,5466.77,3518.15,0.15,3075.67,Normal,675.0,0.33,300.01,419.52,8,872.66,29,0,555.2,2010.92,Salario,1257.5,Educacion,Positivo,87.6,Bajo,1948.62,0,50.83594988095695,En observación
2019-01-01,1177,3593.89,3401.82,0.25,2155.52,Normal,619.0,0.13,725.61,698.79,7,1860.17,96,0,348.61,3220.52,Salario,862.47,Otros,Positivo,68.3,Alto,192.07,0,61.28455838730886,Saludable
2019-01-31,1900,5216.32,3003.14,0.25,3287.03,Normal,695.0,0.25,322.61,207.54,4,429.86,25,0,152.69,1446.48,Mixto,1084.08,Ocio,Negativo,77.3,Bajo,2213.18,0,58.92009734104199,Saludable
2019-03-02,1213,3997.43,2243.56,0.16,2257.94,Normal,683.0,0.45,399.33,705.24,2,466.72,32,0,776.76,2170.57,Salario,2614.62,Educacion,Neutral,37.1,Medio,1753.87,0,43.95105794490211,En riesgo
2019-04-01,1855,4838.69,4392.42,0.26,3274.63,Recesión,645.0,0.5,723.09,919.03,7,1226.78,87,0,470.58,1931.79,Salario,936.57,Alimentacion,Positivo,23.8,Bajo,446.27,0,50.401863952948695,En observación
2019-05-01,1094,3613.29,1069.2,0.25,3365.82,Recesión,649.0,0.48,516.49,465.08,8,609.45,93,0,226.87,3212.17,Independiente,485.97,Alimentacion,Neutral,99.4,Alto,2544.09,0,49.20319388863589,En observación
2019-05-31,1900,4055.69,4699.43,0.16,1905.94,Normal,764.0,0.41,262.43,483.13,6,354.31,24,0,342.8,1307.91,Mixto,860.13,Transporte,Neutral,38.0,Bajo,0.0,0,43.62990870543834,En riesgo
2019-06-30,1483,4533.65,3390.89,0.16,2109.21,Normal,658.0,0.27,568.54,122.02,7,1332.26,84,0,870.45,3362.31,Mixto,2114.22,Inversiones,Neutral,25.8,Alto,1142.76,0,43.89537161629984,En riesgo
2019-07-30,1512,5532.8,810.91,0.32,2731.72,Inflación,691.0,0.14,416.89,228.69,9,1635.48,59,0,545.09,2136.32,Mixto,1562.54,Inversiones,Positivo,45.2,Medio,4721.89,1,74.13110930124091,Excelente
2019-08-29,1458,5295.24,1740.05,0.11,3118.97,Normal,726.0,0.16,525.73,356.75,8,1003.08,24,0,811.35,1293.6,Independiente,1000.74,Transporte,Positivo,72.3,Bajo,3555.19,1,59.63430786477738,Saludable
2019-09-28,1038,3705.56,2972.45,0.18,2874.56,Normal,692.0,0.11,686.14,0.0,4,1420.62,77,0,47.46,1052.47,Salario,1347.05,Alimentacion,Negativo,97.4,Medio,733.11,0,56.90436442990229,Estable
2019-10-28,1595,4521.79,3131.93,0.37,3025.06,Normal,645.0,0.41,280.93,303.34,1,1013.99,90,0,187.14,1731.05,Salario,368.58,Ocio,Negativo,62.2,Alto,1389.86,0,60.19681921603575,Saludable
2019-11-27,1205,3629.51,3352.63,0.06,2658.66,Normal,727.0,0.39,4.73,495.41,7,1294.54,23,0,532.19,2227.09,Salario,1465.63,Educacion,Neutral,73.8,Bajo,276.88,0,42.97082608958625,En riesgo
2019-12-27,1511,2586.17,2534.03,0.09,2409.44,Inflación,613.0,0.56,604.13,979.88,7,185.58,34,0,679.0,2078.09,Salario,1681.8,Salud,Positivo,50.3,Medio,52.14,0,34.191881807827514,Crítico
2020-01-26,1084,3677.05,2276.04,0.17,3074.08,Normal,753.0,0.57,366.83,601.09,9,834.09,36,0,146.24,2715.84,Salario,1441.28,Alimentacion,Positivo,74.5,Medio,1401.01,0,42.902879638392236,En riesgo
2020-02-25,1799,3285.42,2691.73,0.21,2966.68,Recesión,714.0,0.47,706.65,406.24,7,195.09,76,0,586.33,1361.88,Salario,1121.37,Ocio,Positivo,33.8,Alto,593.69,0,41.95111145231766,En riesgo
2020-03-26,1866,3814.84,2020.61,0.14,2757.38,Recesión,670.0,0.18,367.81,666.47,8,1872.93,37,0,537.93,2462.69,Independiente,465.23,Salud,Positivo,96.9,Bajo,1794.23,0,60.70080130147808,Saludable
2020-04-25,1949,2282.15,1808.42,0.08,2036.74,Normal,612.0,0.43,573.76,489.73,5,486.95,93,0,438.09,2490.75,Salario,928.5,Inversiones,Positivo,55.7,Bajo,473.73,0,40.20862434014421,Crítico
2020-05-25,1730,4003.62,4254.45,0.17,2560.16,Normal,628.0,0.46,660.45,767.32,1,794.26,57,0,525.02,1000.0,Salario,1609.61,Otros,Positivo,71.8,Bajo,0.0,0,45.445906190274535,En riesgo
2020-06-24,1355,4169.75,3064.38,0.39,3289.28,Normal,658.0,0.24,633.69,759.34,8,1040.06,60,0,384.05,3045.44,Salario,1556.05,Otros,Positivo,46.4,Medio,1105.37,0,64.21028812335679,Excelente
2020-07-24,1166,4154.59,3070.33,0.37,3168.63,Inflación,682.0,0.35,634.79,475.69,9,723.56,53,0,563.52,2297.94,Mixto,2222.8,Inversiones,Positivo,93.6,Alto,1084.26,0,55.273516446684084,Estable
2020-08-23,1694,5530.99,996.21,0.26,1673.99,Inflación,668.0,0.1,563.79,597.11,6,1304.41,50,0,437.43,1887.29,Salario,1249.45,Servicios,Neutral,69.7,Alto,4534.78,1,71.79082999397072,Excelente
2020-09-22,1230,2249.0,4408.99,0.1,3479.97,Inflación,681.0,0.35,832.77,312.28,4,1475.67,73,0,226.64,1547.2,Salario,1380.6,Inversiones,Positivo,9.6,Bajo,0.0,0,40.22953667028007,En riesgo
2020-10-22,1306,4108.07,2591.19,0.2,3900.31,Recesión,668.0,0.1,298.17,41.32,2,669.87,76,0,400.19,2157.76,Salario,1484.8,Transporte,Positivo,28.8,Medio,1516.88,0,58.606280897795415,Saludable
2020-11-21,1856,3281.77,2937.27,0.09,2975.45,Normal,621.0,0.22,91.88,625.54,6,1642.86,89,0,579.78,2982.26,Salario,1094.01,Gastos_hormiga,Positivo,40.7,Bajo,344.5,0,52.470553036823716,Estable
2020-12-21,1310,3642.2,1872.49,0.25,1972.05,Normal,721.0,0.16,782.47,423.27,2,1139.84,50,0,408.48,2303.32,Salario,1540.2,Otros,Neutral,4.5,Bajo,1769.71,0,60.74604505651431,Saludable
2021-01-20,1332,3463.41,3271.94,0.08,2743.33,Normal,604.0,0.16,415.25,396.61,5,1464.46,45,0,221.86,1895.09,Salario,1585.15,Salud,Neutral,91.8,Alto,191.47,0,50.88350771665842,En observación
2021-02-19,1071,4599.21,3564.07,0.3,3528.02,Inflación,657.0,0.37,385.63,736.26,6,503.96,21,0,606.22,2307.27,Salario,1451.61,Servicios,Positivo,61.4,Bajo,1035.14,0,55.13819597610586,Estable
2021-03-21,1371,3375.82,2627.31,0.07,3402.61,Normal,661.0,0.23,885.3,580.03,2,532.31,87,1,459.21,2665.28,Salario,1306.39,Otros,Negativo,23.5,Medio,748.51,0,43.02678098519169,En riesgo
2021-04-20,1938,4023.87,1360.32,0.17,3357.66,Recesión,740.0,0.21,470.65,0.0,7,2018.03,77,0,830.19,2651.21,Salario,851.6,Salud,Positivo,87.0,Bajo,2663.55,0,56.94902897843584,Estable
2021-05-20,1260,4976.02,3902.74,0.27,2370.54,Normal,535.0,0.43,1151.87,318.52,5,592.64,58,0,346.96,2214.83,Salario,815.3,Otros,Positivo,93.5,Bajo,1073.28,0,47.16652378997665,En observación
2021-06-19,1277,3874.19,2673.9,0.06,3160.19,Inflación,709.0,0.42,359.9,0.0,9,192.49,21,0,826.7,2111.3,Salario,1239.34,Servicios,Positivo,22.5,Medio,1200.29,0,34.52538966079905,Crítico
2021-07-19,1446,3539.63,1192.31,0.07,2554.84,Normal,731.0,0.4,680.77,130.48,3,303.31,91,0,641.53,1446.19,Independiente,1269.19,Transporte,Negativo,34.0,Bajo,2347.32,0,39.87132815083727,Crítico
2021-08-18,1917,2832.28,4716.8,0.39,2712.04,Normal,648.0,0.23,346.02,479.85,1,1165.48,68,0,390.53,2336.89,Salario,1179.15,Otros,Negativo,63.3,Medio,0.0,0,60.15846823689228,Saludable
2021-09-17,1209,3456.66,2910.41,0.3,3457.95,Normal,611.0,0.48,492.74,222.84,7,592.01,68,0,429.48,2045.01,Salario,670.0,Alimentacion,Neutral,10.7,Bajo,546.25,0,47.2824006715839,En observación
2021-10-17,1896,2954.93,5011.59,0.19,3533.22,Inflación,696.0,0.35,324.05,608.22,1,959.69,69,0,516.68,2701.17,Salario,1902.67,Vivienda,Neutral,1.0,Alto,0.0,0,43.34385798136767,En riesgo
2021-11-16,1335,4374.48,4704.11,0.2,2581.05,Normal,666.0,0.28,791.63,275.37,9,543.07,51,0,163.42,2079.27,Independiente,1375.16,Gastos_hormiga,Positivo,48.0,Alto,0.0,0,45.927431876701135,En riesgo
2021-12-16,1604,3185.98,1721.25,0.15,2148.24,Normal,613.0,0.32,421.45,403.33,1,959.2,56,0,453.23,1440.94,Salario,812.36,Otros,Positivo,98.9,Bajo,1464.73,0,53.83440332398265,Estable
2022-01-15,1895,3150.47,2759.67,0.05,2711.72,Inflación,753.0,0.16,538.51,418.16,6,689.26,52,0,748.25,1384.25,Salario,1101.52,Transporte,Neutral,8.8,Bajo,390.8,0,46.62692592188658,En riesgo
2022-02-14,1662,3797.06,2792.7,0.37,2453.8,Inflación,690.0,0.34,372.48,25.42,1,1593.13,63,0,920.17,2452.58,Salario,1380.33,Gastos_hormiga,Positivo,97.7,Bajo,1004.36,0,59.06341773968078,Saludable
2022-03-16,1461,3152.89,1886.08,0.13,3334.43,Inflación,754.0,0.54,728.33,325.3,9,988.54,61,0,329.4,1350.44,Salario,642.61,Otros,Positivo,57.6,Bajo,1266.81,0,40.62736102938659,En riesgo
2022-04-15,1243,4953.73,3013.09,0.31,2929.87,Inflación,651.0,0.56,1110.26,521.1,9,1472.05,88,0,517.53,1553.91,Salario,557.02,Gastos_hormiga,Negativo,45.5,Medio,1940.64,0,48.232600686983204,En observación
2022-05-15,1894,5299.48,2460.74,0.34,3367.14,Recesión,636.0,0.25,496.16,264.36,4,295.52,49,0,508.35,2556.54,Salario,1281.91,Alimentacion,Neutral,38.1,Bajo,2838.74,0,61.73461890749809,Saludable
2022-06-14,1446,3266.25,1380.33,0.23,2511.99,Normal,708.0,0.19,164.61,464.44,7,1085.1,97,0,407.98,2656.32,Salario,720.27,Alimentacion,Positivo,99.5,Alto,1885.92,0,62.1069779251373,Saludable
2022-07-14,1827,3805.09,2046.66,0.38,2905.7,Normal,741.0,0.27,232.36,306.77,8,980.8,75,0,505.06,2657.53,Salario,818.8,Ocio,Positivo,76.2,Bajo,1758.43,0,64.9254781370921,Excelente
2022-08-13,1063,4695.21,4526.43,0.2,2232.93,Normal,746.0,0.52,149.62,1114.32,1,1174.05,86,0,721.25,1585.08,Salario,1277.59,Inversiones,Positivo,4.4,Medio,168.78,0,49.15816458625867,En observación
2022-09-12,1579,3062.59,2374.18,0.37,2715.38,Normal,691.0,0.28,492.44,312.53,6,1952.76,49,0,799.8,2231.37,Independiente,1034.37,Inversiones,Neutral,33.3,Medio,688.41,0,61.059721307072266,Saludable
2022-10-12,1866,2567.88,2611.7,0.22,3408.13,Normal,663.0,0.41,505.42,0.0,1,397.39,32,0,399.37,1913.29,Independiente,1856.11,Inversiones,Positivo,4.9,Alto,0.0,0,42.21756034367763,En riesgo
2022-11-11,1737,3564.15,2364.97,0.26,2846.31,Inflación,711.0,0.14,544.1,48.06,4,397.5,68,0,285.79,2412.89,Salario,930.95,Otros,Negativo,53.1,Medio,1199.18,0,56.73159233628679,Estable
2022-12-11,1370,3018.3,2843.89,0.18,2417.01,Normal,635.0,0.36,722.82,438.22,3,997.38,71,0,687.59,2514.67,Independiente,1535.2,Servicios,Positivo,7.1,Alto,174.41,0,44.84771140640983,En riesgo
2023-01-10,1807,4385.93,2446.52,0.37,2618.46,Normal,718.0,0.19,608.8,249.26,9,1121.99,31,0,389.61,2473.45,Salario,1307.07,Educacion,Positivo,50.0,Alto,1939.41,0,64.48760401001796,Excelente
2023-02-09,1214,3365.37,4409.87,0.28,2178.54,Normal,683.0,0.22,626.78,706.14,7,1014.1,54,0,315.23,2725.96,Mixto,1455.59,Ocio,Negativo,52.2,Bajo,0.0,0,54.600081398245045,Estable
2023-03-11,1128,4797.98,3844.56,0.3,3441.53,Normal,685.0,0.18,615.87,331.69,6,665.9,83,0,783.88,2484.2,Salario,1231.69,Gastos_hormiga,Positivo,89.1,Bajo,953.42,0,58.024349197980094,Saludable
2023-04-10,1048,3940.12,3005.82,0.29,2963.31,Normal,665.0,0.37,376.16,231.16,6,700.32,46,0,347.27,2089.57,Independiente,2043.99,Transporte,Positivo,54.4,Medio,934.3,0,52.24313488294621,En observación
2023-05-10,1453,4576.18,2464.61,0.14,3021.33,Recesión,751.0,0.56,547.0,524.2,2,1394.16,36,0,526.62,1719.7,Independiente,418.92,Transporte,Positivo,12.1,Alto,2111.57,0,45.88434819731459,En riesgo
2023-06-09,1386,5111.08,3601.36,0.12,2685.73,Inflación,698.0,0.21,260.95,278.3,3,1016.3,45,0,848.56,2091.46,Salario,660.59,Educacion,Neutral,15.6,Medio,1509.72,0,51.39378640627059,En observación
2023-07-09,1962,5514.81,2614.04,0.08,3259.67,Normal,703.0,0.11,809.86,28.65,3,1074.75,81,0,450.6,2559.54,Independiente,1385.43,Vivienda,Positivo,58.3,Bajo,2900.77,0,53.809466555330125,Estable
2023-08-08,1701,3737.87,3199.86,0.31,1513.22,Normal,647.0,0.18,345.65,633.55,4,1414.24,74,0,611.22,2706.64,Salario,1378.12,Otros,Positivo,25.4,Bajo,538.01,0,63.41991358544286,Excelente
2023-09-07,1978,2788.49,2128.48,0.19,2728.76,Normal,671.0,0.14,921.83,394.93,5,640.45,64,0,487.03,1893.97,Independiente,856.72,Ocio,Positivo,11.4,Bajo,660.01,0,54.72018413256785,Estable
2023-10-07,1410,3145.16,2220.45,0.32,3615.97,Normal,608.0,0.52,537.63,821.14,6,593.19,37,0,778.07,2165.56,Salario,1445.45,Ocio,Negativo,99.7,Bajo,924.71,0,47.633204828265455,En observación
2023-11-06,1389,3360.3,5853.2,0.12,3016.99,Normal,693.0,0.57,565.83,392.04,5,1104.14,50,0,887.86,2093.06,Salario,1119.7,Gastos_hormiga,Positivo,31.7,Medio,0.0,0,30.15061028032511,Crítico
2019-01-01,1997,2578.18,2314.4,0.07,2979.66,Recesión,771.0,0.33,487.37,654.57,2,1538.03,32,0,449.34,1991.85,Salario,1062.6,Gastos_hormiga,Positivo,31.5,Alto,263.78,0,46.825487249709,En observación
2019-01-31,1577,4532.96,2762.25,0.36,2286.6,Normal,664.0,0.37,509.45,299.82,9,1262.0,92,0,366.62,2385.74,Salario,1465.27,Servicios,Neutral,19.1,Medio,1770.71,0,57.43444024972819,Saludable
2019-03-02,1965,6148.1,3555.9,0.25,2624.66,Recesión,660.0,0.13,978.84,423.54,1,178.61,45,0,530.47,2209.22,Salario,1199.77,Inversiones,Negativo,1.3,Bajo,2592.2,0,57.89481615785646,Saludable
2019-04-01,1333,1947.27,4457.39,0.26,2997.07,Normal,669.0,0.46,687.79,596.46,8,396.93,25,0,162.89,2171.38,Salario,1060.91,Otros,Positivo,76.4,Alto,0.0,0,41.36142075904705,En riesgo
2019-05-01,1608,2918.58,1340.14,0.32,2849.76,Normal,657.0,0.35,534.33,385.09,5,686.51,59,0,342.52,2141.52,Salario,1094.19,Otros,Negativo,74.7,Alto,1578.44,0,55.19430970231011,Estable
2019-05-31,1527,4743.64,3230.18,0.3,3444.56,Normal,759.0,0.59,447.11,95.44,7,210.13,49,0,338.95,2888.98,Salario,1055.09,Otros,Positivo,91.4,Bajo,1513.46,0,43.96290336616455,En riesgo
2019-06-30,1461,2598.15,3477.97,0.25,3019.66,Normal,666.0,0.48,450.99,752.74,6,435.09,94,0,679.7,2740.24,Salario,1321.52,Servicios,Positivo,64.3,Medio,0.0,0,43.10871117415337,En riesgo
2019-07-30,1905,3482.5,2302.83,0.33,2970.08,Normal,630.0,0.15,704.13,321.0,2,683.01,60,0,116.82,2021.61,Mixto,1423.22,Inversiones,Neutral,90.1,Medio,1179.67,0,63.82584683616285,Excelente
2019-08-29,1925,4313.75,2613.77,0.33,2414.02,Normal,616.0,0.27,459.07,544.2,5,757.58,45,0,1007.33,2905.84,Salario,1846.99,Vivienda,Positivo,43.3,Medio,1699.98,0,57.90868099297174,Saludable
2019-09-28,1120,2413.74,2468.21,0.36,1868.91,Normal,728.0,0.23,775.44,391.76,8,1205.19,60,0,309.67,2016.58,Salario,1710.16,Transporte,Positivo,6.3,Alto,0.0,0,59.48965453946641,Saludable
2019-10-28,1942,3351.95,2206.76,0.16,3223.23,Normal,731.0,0.33,615.16,369.66,7,1342.36,57,0,795.63,1842.64,Salario,916.09,Otros,Positivo,51.2,Medio,1145.19,0,48.55564427302603,En observación
2019-11-27,1061,4724.31,3619.56,0.06,2612.59,Normal,622.0,0.53,477.56,610.37,7,557.75,66,0,457.14,2159.52,Salario,1127.59,Ocio,Positivo,31.0,Bajo,1104.75,0,37.07150495021222,Crítico
2019-12-27,1857,4744.74,2737.26,0.08,2829.23,Normal,734.0,0.44,473.71,815.78,8,295.45,64,0,490.81,1374.36,Mixto,1535.78,Transporte,Positivo,46.9,Alto,2007.48,0,43.384053809614656,En riesgo
2020-01-26,1178,4019.61,3348.09,0.09,2223.5,Inflación,662.0,0.44,361.59,39.16,6,1207.1,27,0,373.47,2248.86,Salario,591.0,Gastos_hormiga,Neutral,93.2,Bajo,671.52,0,40.23174442525354,En riesgo
2020-02-25,1563,3366.47,4182.38,0.31,1874.76,Normal,738.0,0.48,591.37,201.73,5,841.57,34,0,720.15,2563.36,Salario,2133.36,Educacion,Neutral,21.4,Medio,0.0,0,41.79855930985034,En riesgo
2020-03-26,1788,4236.25,1861.05,0.31,3863.63,Recesión,661.0,0.3,375.76,115.31,1,588.55,80,0,388.07,2759.05,Mixto,1059.87,Vivienda,Positivo,95.1,Medio,2375.2,0,59.271775200266774,Saludable
2020-04-25,1759,3391.04,4857.85,0.37,3028.27,Inflación,726.0,0.17,420.55,748.4,2,1696.56,83,0,879.56,1430.28,Salario,1914.63,Salud,Neutral,5.9,Bajo,0.0,0,64.0568617591429,Excelente
2020-05-25,1718,2598.82,2864.59,0.13,2660.26,Inflación,671.0,0.11,758.38,0.0,1,447.74,32,0,866.5,1636.85,Independiente,1055.44,Educacion,Negativo,83.2,Bajo,0.0,0,45.93231751682288,En riesgo
2020-06-24,1250,3511.52,3264.87,0.3,2937.08,Recesión,665.0,0.27,37.48,696.03,2,1044.62,22,0,752.48,2461.02,Independiente,658.9,Salud,Positivo,31.2,Bajo,246.65,0,61.43957521713395,Saludable
2020-07-24,1671,3735.72,3341.88,0.23,2812.9,Recesión,674.0,0.4,572.46,298.72,6,951.49,82,0,310.85,1917.47,Salario,1430.52,Otros,Positivo,90.5,Bajo,393.84,0,48.96343984388015,En observación
2020-08-23,1224,2829.98,2944.6,0.29,3228.37,Inflación,695.0,0.41,558.19,254.35,7,808.29,52,0,534.4,1254.88,Salario,1527.49,Vivienda,Positivo,56.4,Medio,0.0,0,48.33933182582599,En observación
2020-09-22,1947,2249.7,3320.08,0.36,2595.9,Recesión,644.0,0.45,563.4,393.77,4,1159.91,79,0,740.21,2155.4,Independiente,1587.66,Servicios,Neutral,28.4,Bajo,0.0,0,49.20745850864199,En observación
2020-10-22,1538,5275.13,2932.46,0.31,3945.1,Normal,661.0,0.4,743.21,264.15,9,766.96,87,0,284.43,1907.7,Salario,1290.68,Servicios,Positivo,9.8,Bajo,2342.67,0,54.80051235853397,Estable
2020-11-21,1070,5822.68,3179.36,0.21,3325.13,Recesión,628.0,0.2,507.93,29.11,1,761.82,54,0,339.71,1000.0,Salario,970.58,Alimentacion,Positivo,93.4,Bajo,2643.32,0,60.699684419721585,Saludable
2020-12-21,1568,2841.36,2155.87,0.26,2378.99,Normal,786.0,0.36,441.54,0.0,1,745.31,43,0,839.27,1766.43,Independiente,1259.7,Salud,Neutral,52.7,Bajo,685.49,0,49.23979689460247,En observación
2021-01-20,1561,5173.36,1901.57,0.26,2810.5,Inflación,720.0,0.46,253.85,347.42,5,912.0,77,0,799.8,1000.0,Salario,958.44,Ocio,Positivo,56.6,Alto,3271.79,1,57.14077403190319,Estable
2021-02-19,1726,3916.1,3321.43,0.12,3274.45,Normal,598.0,0.28,369.36,275.25,1,2192.03,75,0,657.48,3000.99,Salario,911.81,Gastos_hormiga,Positivo,64.8,Alto,594.67,0,50.52185611410891,En observación
2021-03-21,1109,4870.59,3461.87,0.22,2200.37,Inflación,643.0,0.25,371.28,380.98,3,448.36,81,0,254.78,1622.42,Salario,1256.79,Ocio,Positivo,15.9,Bajo,1408.72,0,56.75962554235291,Estable
2021-04-20,1532,3192.65,2536.07,0.15,3016.3,Recesión,629.0,0.28,428.2,110.83,4,1500.46,68,0,397.23,2430.85,Salario,1639.1,Educacion,Neutral,28.1,Medio,656.58,0,48.498942442426866,En observación
2021-05-20,1433,4364.93,2068.6,0.32,2835.57,Normal,630.0,0.18,524.35,0.0,8,1337.57,47,0,773.77,2679.95,Salario,1535.82,Transporte,Positivo,18.9,Bajo,2296.33,0,61.93348347697178,Saludable
2021-06-19,1469,4424.01,3273.45,0.39,2313.13,Normal,734.0,0.41,399.9,448.44,6,1072.04,51,0,688.96,1000.0,Salario,1040.46,Inversiones,Neutral,42.1,Bajo,1150.56,0,59.182528759002984,Saludable
2021-07-19,1942,3950.61,4145.59,0.08,3392.67,Inflación,717.0,0.22,656.13,94.21,4,972.52,37,0,348.13,1725.78,Salario,1722.81,Ocio,Positivo,40.4,Alto,0.0,0,43.52144780191541,En riesgo
2021-08-18,1191,3552.09,2608.6,0.31,2597.95,Normal,674.0,0.16,537.44,352.15,1,1932.91,22,0,536.73,3491.05,Salario,547.59,Gastos_hormiga,Neutral,94.8,Bajo,943.49,0,65.21160376451813,Excelente
2021-09-17,1975,3780.84,2435.75,0.4,2923.72,Normal,639.0,0.25,452.79,577.32,3,244.24,38,0,474.94,2171.6,Mixto,1811.64,Inversiones,Neutral,14.4,Medio,1345.09,0,63.339915360465675,Excelente
2021-10-17,1611,4348.0,2301.0,0.16,2533.29,Normal,714.0,0.39,210.95,335.33,4,976.95,79,0,818.7,2833.09,Salario,1248.21,Otros,Neutral,13.0,Medio,2047.0,0,47.333311818717476,En observación
2021-11-16,1869,4451.58,2430.48,0.13,3152.31,Recesión,826.0,0.2,600.37,799.51,3,1704.66,45,0,456.41,2881.27,Salario,1268.71,Salud,Positivo,45.9,Medio,2021.1,0,58.608508202932114,Saludable
2021-12-16,1247,4514.39,2230.66,0.17,2506.81,Normal,589.0,0.36,811.28,83.75,3,957.85,81,0,669.9,2321.88,Salario,1666.56,Alimentacion,Positivo,72.0,Medio,2283.73,0,46.646039575607695,En observación
2022-01-15,1117,4224.96,2896.18,0.23,3389.0,Recesión,590.0,0.39,478.88,113.33,4,632.33,93,0,748.45,1618.49,Salario,647.79,Gastos_hormiga,Positivo,13.9,Bajo,1328.78,0,49.41805788225983,En observación
2022-02-14,1401,3522.96,3828.39,0.05,3072.32,Inflación,682.0,0.36,279.02,298.87,8,1881.79,45,0,302.61,1994.3,Salario,1237.43,Inversiones,Positivo,61.9,Bajo,0.0,0,43.465764276668395,En riesgo
2022-03-16,1805,5599.7,2721.35,0.34,2719.29,Recesión,523.0,0.15,586.9,1049.32,5,0.0,81,0,547.21,1000.0,Mixto,999.3,Gastos_hormiga,Positivo,82.8,Alto,2878.35,1,72.15730643844229,Excelente
2022-04-15,1808,4148.47,3669.69,0.36,2487.54,Inflación,720.0,0.32,369.29,45.38,8,2083.31,46,0,814.04,2672.96,Salario,1480.44,Gastos_hormiga,Negativo,91.5,Bajo,478.78,0,55.77056090970277,Estable
2022-05-15,1733,5173.72,3570.01,0.37,2631.98,Normal,650.0,0.47,695.4,412.01,5,817.05,50,0,604.38,2388.88,Salario,1071.56,Salud,Positivo,44.7,Bajo,1603.71,0,54.16877091443714,Estable
2022-06-14,1856,878.47,3711.08,0.12,2918.12,Recesión,694.0,0.29,766.45,451.01,4,1628.87,25,0,585.98,1678.89,Salario,1729.85,Servicios,Positivo,5.7,Bajo,0.0,0,42.023935231965794,En riesgo
2022-07-14,1317,5784.09,3430.15,0.17,3111.91,Normal,721.0,0.39,708.76,773.55,1,1764.62,74,0,609.4,2013.63,Salario,1291.04,Salud,Neutral,78.2,Bajo,2353.94,0,53.806449519844506,Estable
2022-08-13,1491,3598.39,3003.42,0.14,2793.03,Normal,652.0,0.5,594.12,602.97,3,920.91,44,0,397.14,1625.5,Mixto,1770.26,Gastos_hormiga,Positivo,50.4,Bajo,594.97,0,43.37990285309207,En riesgo
2022-09-12,1643,3751.22,4491.63,0.14,3562.7,Normal,672.0,0.48,210.01,391.71,5,1726.02,25,0,357.57,1613.11,Salario,583.68,Alimentacion,Negativo,78.4,Bajo,0.0,0,42.86723807122626,En riesgo
2022-10-12,1865,4018.19,2347.54,0.36,3538.24,Inflación,723.0,0.44,321.21,559.82,5,811.69,20,0,792.24,2164.37,Independiente,300.0,Ocio,Positivo,39.6,Bajo,1670.65,0,58.197513056315195,Saludable
2022-11-11,1194,4405.6,2086.74,0.25,3067.48,Inflación,667.0,0.31,690.36,291.7,2,1254.99,78,0,604.26,1317.03,Independiente,1402.39,Transporte,Negativo,42.6,Bajo,2318.86,0,56.26729323073421,Estable
2022-12-11,1889,3988.46,4850.38,0.23,3107.88,Normal,726.0,0.39,503.97,513.48,2,997.14,38,0,98.36,2494.41,Salario,962.58,Salud,Negativo,43.7,Bajo,0.0,0,48.28055996076784,En observación
2023-01-10,1760,2349.1,3478.14,0.24,3023.22,Normal,741.0,0.6,547.97,478.93,1,1723.6,88,0,797.64,2166.48,Salario,1041.19,Vivienda,Neutral,34.4,Medio,0.0,0,40.398326037143136,En riesgo
2023-02-09,1845,3384.49,3124.1,0.08,2997.07,Normal,611.0,0.19,297.28,279.95,3,625.08,66,1,525.95,1865.02,Salario,1226.57,Transporte,Negativo,36.4,Bajo,260.39,0,46.68687794098991,En observación
2023-03-11,1300,2772.8,3557.14,0.36,3356.31,Normal,640.0,0.47,363.99,420.95,7,1376.08,28,0,423.83,1419.48,Salario,1254.4,Inversiones,Positivo,12.9,Bajo,0.0,0,53.38003920127936,Estable
2023-04-10,1942,3791.64,3048.59,0.29,3367.34,Normal,665.0,0.12,436.53,255.32,1,727.69,98,0,492.46,2540.57,Mixto,1586.13,Salud,Positivo,55.9,Medio,743.05,0,61.374950563492575,Saludable
2023-05-10,1639,5591.87,2156.97,0.16,2462.58,Inflación,653.0,0.57,790.76,0.0,8,467.08,98,0,403.2,3084.99,Salario,1334.98,Otros,Positivo,42.1,Alto,3434.9,1,39.438282795063685,Crítico
2023-06-09,1722,5463.62,2816.29,0.25,2446.48,Normal,739.0,0.46,580.65,220.9,5,1519.15,86,0,842.28,2560.7,Independiente,1018.91,Vivienda,Neutral,44.1,Bajo,2647.33,1,51.647538095081046,En observación
2023-07-09,1351,5500.56,2501.94,0.34,3216.31,Normal,678.0,0.17,131.92,0.0,1,479.11,41,0,416.96,1793.33,Salario,739.18,Gastos_hormiga,Positivo,49.5,Bajo,2998.62,0,69.28461936634429,Excelente
2023-08-08,1680,4786.28,2579.17,0.24,3106.51,Normal,689.0,0.13,697.21,728.56,7,1494.09,40,0,786.79,3247.95,Mixto,1074.03,Transporte,Positivo,45.6,Bajo,2207.11,0,63.76582864267378,Excelente
2023-09-07,1432,3035.68,2846.88,0.4,2889.28,Inflación,631.0,0.53,610.9,344.4,3,1150.27,50,0,897.23,1452.31,Salario,1335.64,Vivienda,Positivo,79.6,Alto,188.8,0,50.96395757160052,En observación
2023-10-07,1077,2216.99,3393.73,0.33,3273.4,Recesión,718.0,0.27,977.65,839.46,3,489.56,50,0,498.4,3829.47,Salario,785.53,Transporte,Negativo,42.4,Medio,0.0,0,50.86189092315164,En observación
2023-11-06,1848,4581.92,4121.99,0.39,2635.18,Normal,680.0,0.51,475.71,81.65,3,2116.1,81,0,300.61,2129.07,Salario,1371.69,Gastos_hormiga,Positivo,28.7,Alto,459.93,0,55.317010299511274,Estable
2019-01-01,1254,2335.32,3350.56,0.06,2856.34,Inflación,659.0,0.23,813.66,388.09,7,1200.13,31,0,624.75,2607.93,Salario,1172.8,Transporte,Neutral,5.2,Medio,0.0,0,39.80925836452293,Crítico
2019-01-31,1984,4529.28,3330.63,0.21,3601.6,Normal,674.0,0.41,497.97,415.73,8,1029.0,34,0,623.43,2072.06,Salario,1605.25,Ocio,Negativo,35.9,Bajo,1198.65,0,45.959013903155245,En riesgo
2019-03-02,1810,3107.16,2657.15,0.09,2755.0,Normal,675.0,0.37,89.65,365.92,7,1137.77,62,0,632.18,1992.41,Salario,300.0,Alimentacion,Positivo,37.9,Bajo,450.01,0,46.1089671353077,En riesgo
2019-04-01,1928,4721.11,3425.31,0.21,3193.98,Normal,688.0,0.11,335.82,256.28,6,1563.67,97,0,632.74,1726.92,Salario,1487.11,Gastos_hormiga,Positivo,45.8,Medio,1295.8,0,61.435828252108934,Saludable
2019-05-01,1229,3908.56,3196.97,0.18,3962.26,Recesión,807.0,0.18,563.12,546.06,2,1550.13,41,0,689.1,2458.84,Salario,1746.55,Servicios,Neutral,20.2,Bajo,711.59,0,54.742024578460644,Estable
2019-05-31,1320,4813.79,2222.54,0.21,3386.62,Normal,645.0,0.19,571.44,323.59,5,378.27,38,0,493.48,3700.98,Mixto,1025.64,Transporte,Neutral,49.6,Bajo,2591.25,0,55.71751347934609,Estable
2019-06-30,1295,3797.07,3606.88,0.39,2300.44,Normal,736.0,0.2,382.19,903.44,1,39.23,80,0,643.59,2155.69,Independiente,1728.14,Gastos_hormiga,Positivo,95.0,Bajo,190.19,0,64.55071143586233,Excelente
2019-07-30,1784,4018.31,1566.09,0.12,2757.69,Normal,765.0,0.26,414.11,316.5,8,1123.86,98,0,238.58,1612.76,Salario,1304.51,Educacion,Positivo,3.9,Medio,2452.22,0,54.59556119380791,Estable
2019-08-29,1283,6187.45,3518.25,0.23,2703.76,Inflación,676.0,0.22,733.8,443.23,6,976.4,79,0,457.05,2462.77,Independiente,612.75,Servicios,Neutral,56.2,Bajo,2669.2,0,58.008979288910254,Saludable
2019-09-28,1567,2602.7,3487.53,0.38,2589.63,Normal,654.0,0.19,306.94,289.13,1,1684.59,34,0,236.9,1778.1,Salario,1418.38,Otros,Neutral,86.1,Medio,0.0,0,65.57984006095838,Excelente
2019-10-28,1634,3970.71,4435.95,0.15,2748.72,Recesión,676.0,0.44,640.58,273.26,6,1635.22,35,0,852.02,2311.11,Independiente,1355.55,Ocio,Neutral,29.9,Bajo,0.0,0,39.45072706665695,Crítico
2019-11-27,1800,4896.1,3404.36,0.24,2018.65,Inflación,757.0,0.36,542.81,487.6,2,838.45,70,0,687.49,1928.02,Salario,851.91,Servicios,Positivo,65.4,Alto,1491.74,0,52.35999266738488,Estable
2019-12-27,1108,2149.49,3535.83,0.06,3321.08,Normal,662.0,0.58,537.2,577.28,5,442.88,93,0,337.93,1883.77,Salario,904.08,Servicios,Negativo,84.9,Alto,0.0,0,27.806091431905376,Crítico
2020-01-26,1332,4425.12,2375.51,0.25,3099.92,Normal,656.0,0.15,379.77,221.77,3,1568.27,53,0,861.52,2568.6,Salario,798.01,Vivienda,Positivo,7.9,Medio,2049.61,0,63.065014620114034,Excelente
2020-02-25,1521,4516.16,3683.37,0.31,1824.49,Inflación,685.0,0.23,297.37,155.75,7,1878.64,42,0,440.47,1503.34,Salario,1362.81,Inversiones,Neutral,33.7,Bajo,832.79,0,61.265730414941274,Saludable
2020-03-26,1749,4960.36,3565.49,0.35,2418.21,Recesión,654.0,0.57,781.6,436.03,5,1351.29,25,0,289.44,3135.85,Mixto,947.18,Gastos_hormiga,Neutral,77.0,Bajo,1394.87,0,50.161510164592954,En observación
2020-04-25,1244,3579.28,3564.95,0.08,3138.08,Normal,578.0,0.55,697.35,582.85,1,1135.29,49,0,461.58,2004.93,Salario,982.64,Vivienda,Positivo,73.5,Bajo,14.33,0,37.383939033278864,Crítico
2020-05-25,1852,4195.32,4528.08,0.06,3192.45,Normal,722.0,0.43,789.01,436.08,2,246.74,57,0,504.13,2207.11,Salario,770.82,Educacion,Negativo,92.6,Medio,0.0,0,33.08207734078914,Crítico
2020-06-24,1353,3861.33,2315.84,0.36,2977.54,Recesión,677.0,0.29,434.62,709.77,6,747.03,36,0,846.35,1453.05,Salario,803.2,Inversiones,Neutral,12.7,Medio,1545.49,0,62.388635130472885,Saludable
2020-07-24,1370,4628.51,2707.27,0.17,3734.83,Inflación,661.0,0.22,447.31,585.0,6,246.27,49,0,910.56,2398.46,Mixto,818.51,Salud,Positivo,61.5,Bajo,1921.24,0,53.3052703658643,Estable
2020-08-23,1849,4985.68,3857.51,0.35,2972.64,Normal,779.0,0.22,476.72,712.01,3,866.14,60,0,550.23,2524.21,Salario,872.95,Educacion,Negativo,55.3,Medio,1128.17,0,62.917351193745816,Excelente
2020-09-22,1770,4960.6,3365.61,0.3,3305.15,Normal,702.0,0.1,648.79,1084.24,9,975.05,25,0,629.38,2203.43,Salario,1697.35,Inversiones,Neutral,7.7,Bajo,1594.99,0,66.68340857964363,Excelente
2020-10-22,1971,3400.45,2751.58,0.29,3033.65,Normal,767.0,0.51,374.47,0.0,2,941.59,39,0,798.83,2362.15,Salario,1239.84,Transporte,Neutral,1.7,Medio,648.87,0,44.649124307783346,En riesgo
2020-11-21,1439,4381.57,3102.35,0.11,3022.66,Normal,628.0,0.52,354.83,456.38,5,914.8,39,0,953.03,1807.13,Salario,1779.79,Otros,Positivo,76.0,Bajo,1279.22,0,39.61730308845463,Crítico
2020-12-21,1045,3925.11,3033.29,0.37,2635.8,Normal,612.0,0.1,331.05,243.98,1,1115.71,94,0,529.17,1566.64,Salario,1266.81,Servicios,Negativo,99.0,Alto,891.82,0,67.52894006272552,Excelente
2021-01-20,1196,2046.45,4009.84,0.4,3060.09,Normal,663.0,0.28,362.11,730.73,8,315.68,87,0,452.14,2178.34,Salario,1651.71,Transporte,Positivo,46.6,Alto,0.0,0,56.17806849278167,Estable
2021-02-19,1317,4301.87,2687.81,0.28,3167.77,Normal,715.0,0.59,960.2,527.68,3,884.83,98,0,476.81,1884.19,Salario,1060.97,Vivienda,Positivo,25.0,Bajo,1614.06,0,47.13568845755057,En observación
2021-03-21,1239,4030.27,4110.0,0.08,3068.57,Normal,682.0,0.51,519.56,369.45,6,1814.19,82,0,647.95,1579.39,Salario,1138.58,Servicios,Positivo,95.0,Bajo,0.0,0,38.74925804505485,Crítico
2021-04-20,1183,4628.88,3948.03,0.21,2901.07,Recesión,684.0,0.55,721.14,455.05,2,1553.77,55,0,731.04,2352.05,Salario,1376.24,Educacion,Negativo,99.0,Alto,680.85,0,40.78904026192386,En riesgo
2021-05-20,1542,4199.72,3447.17,0.38,2524.56,Recesión,637.0,0.3,781.35,401.6,3,1139.96,53,0,586.17,1683.32,Salario,977.54,Alimentacion,Negativo,12.2,Medio,752.55,0,58.95405859649091,Saludable
2021-06-19,1018,3727.2,2866.51,0.34,3024.36,Normal,756.0,0.37,715.66,651.92,2,767.64,85,0,233.62,2389.16,Mixto,819.47,Salud,Negativo,8.9,Bajo,860.69,0,57.236274400593416,Saludable
2021-07-19,1680,4566.2,2625.76,0.17,1714.73,Inflación,718.0,0.36,698.12,302.37,3,492.93,95,0,298.67,3050.94,Independiente,1011.88,Otros,Neutral,58.1,Alto,1940.44,1,47.401298658805636,En observación
2021-08-18,1715,3905.58,3644.25,0.34,2970.4,Recesión,742.0,0.56,493.53,511.12,1,1729.69,98,0,775.94,1854.28,Salario,1025.89,Servicios,Negativo,10.5,Bajo,261.33,0,50.40115404430959,En observación
2021-09-17,1191,4625.76,3753.91,0.17,2701.65,Recesión,727.0,0.3,128.14,0.0,8,900.37,34,0,639.96,1946.77,Salario,1224.58,Ocio,Positivo,50.7,Bajo,871.85,0,48.77261499868145,En observación
2021-10-17,1419,4153.75,2946.18,0.37,2685.02,Recesión,680.0,0.31,577.34,482.11,4,1297.86,72,0,686.32,2952.92,Independiente,1156.4,Alimentacion,Positivo,81.7,Alto,1207.57,0,60.18643925413829,Saludable
2021-11-16,1287,2929.28,2062.0,0.18,3302.54,Recesión,769.0,0.35,736.25,644.58,8,1136.83,81,0,629.97,1122.05,Salario,1149.32,Inversiones,Positivo,92.6,Bajo,867.28,0,50.05741992656576,En observación
2021-12-16,1701,2378.14,3431.58,0.09,3004.2,Normal,609.0,0.53,0.0,201.84,8,1887.34,86,0,446.63,1822.37,Salario,1372.98,Alimentacion,Neutral,63.8,Alto,0.0,0,36.20338976425238,Crítico
2022-01-15,1528,2932.61,3926.52,0.16,2976.24,Normal,714.0,0.18,463.01,0.0,3,534.47,60,0,261.2,2403.36,Salario,955.07,Educacion,Positivo,11.7,Bajo,0.0,0,48.71204579441395,En observación
2022-02-14,1271,4008.54,2737.67,0.23,2528.4,Recesión,629.0,0.15,587.48,150.28,5,1254.63,62,0,730.14,2945.52,Salario,1646.5,Salud,Positivo,6.2,Medio,1270.87,0,56.24867309565413,Estable
2022-03-16,1119,4018.94,2129.49,0.26,3067.24,Normal,652.0,0.57,727.8,709.48,7,846.47,62,0,238.98,2600.49,Salario,1007.75,Alimentacion,Positivo,41.6,Bajo,1889.45,0,48.92570558389946,En observación
2022-04-15,1322,4729.29,1401.51,0.33,2655.49,Normal,636.0,0.38,115.85,665.94,8,996.27,76,0,286.52,2161.93,Salario,570.3,Inversiones,Positivo,45.2,Alto,3327.78,1,67.39790299056372,Excelente
2022-05-15,1863,4371.96,2455.72,0.36,2535.29,Normal,760.0,0.17,346.45,553.16,5,1123.53,59,0,391.69,1875.97,Salario,958.13,Ocio,Neutral,49.2,Medio,1916.24,0,69.47400330840948,Excelente
2022-06-14,1510,4552.98,3002.22,0.1,2919.41,Normal,657.0,0.41,560.19,379.79,2,427.6,20,0,964.29,2484.22,Mixto,1729.39,Transporte,Negativo,26.4,Alto,1550.76,0,37.741936806576824,Crítico
2022-07-14,1199,4745.46,2585.7,0.2,2623.14,Recesión,682.0,0.42,654.38,863.13,3,296.47,76,0,152.45,1263.81,Salario,1237.81,Gastos_hormiga,Positivo,37.4,Medio,2159.76,0,53.34994127458341,Estable
2022-08-13,1260,4820.37,2712.34,0.07,2917.38,Normal,724.0,0.48,340.47,221.39,8,1462.83,67,0,211.92,1714.96,Salario,1695.02,Gastos_hormiga,Negativo,77.2,Bajo,2108.03,0,41.68496219581839,En riesgo
2022-09-12,1005,5907.23,2670.07,0.31,2905.78,Normal,688.0,0.15,558.97,398.13,5,1354.07,64,0,658.11,2295.59,Salario,1208.49,Inversiones,Negativo,25.3,Bajo,3237.16,1,68.17166587900985,Excelente
2022-10-12,1145,5196.78,3775.28,0.05,2880.0,Inflación,704.0,0.21,634.59,433.45,4,1068.71,63,0,799.53,2485.54,Salario,361.49,Gastos_hormiga,Positivo,32.2,Bajo,1421.5,0,48.28686441509755,En observación
2022-11-11,1391,3008.33,2707.59,0.16,2970.39,Recesión,662.0,0.52,331.77,393.5,4,573.03,27,0,528.58,2332.52,Salario,1616.83,Salud,Negativo,78.2,Bajo,300.74,0,37.997426695569104,Crítico
2022-12-11,1829,4589.2,2140.76,0.36,2019.69,Inflación,682.0,0.46,245.8,285.51,2,921.04,58,0,666.19,2528.63,Independiente,1411.3,Otros,Neutral,60.2,Bajo,2448.44,1,58.35822092885881,Saludable
2023-01-10,1578,4151.52,3116.6,0.22,2889.56,Inflación,623.0,0.55,589.79,442.22,4,754.9,21,0,124.82,1781.24,Salario,529.5,Educacion,Positivo,23.2,Medio,1034.92,0,46.89646879237637,En observación
2023-02-09,1026,4517.63,2694.5,0.2,2979.15,Recesión,648.0,0.59,752.08,592.76,7,88.41,95,0,680.79,1599.26,Salario,540.69,Transporte,Positivo,30.3,Bajo,1823.13,0,41.82463971225491,En riesgo
2023-03-11,1329,3282.64,3340.16,0.15,3883.44,Normal,737.0,0.6,307.81,300.92,5,719.85,25,0,523.37,2411.47,Salario,1614.83,Ocio,Positivo,84.7,Medio,0.0,0,34.16815300480772,Crítico
2023-04-10,1961,5793.84,3009.44,0.37,2895.1,Recesión,634.0,0.31,89.89,588.66,8,773.82,40,0,516.09,1000.0,Mixto,300.0,Transporte,Positivo,44.7,Alto,2784.4,0,68.11085794562011,Excelente
2023-05-10,1798,916.04,3094.28,0.26,2511.34,Normal,680.0,0.18,409.43,882.13,7,1389.3,48,0,543.92,1000.0,Salario,857.33,Gastos_hormiga,Neutral,37.7,Medio,0.0,0,58.36658568856718,Saludable
2023-06-09,1822,3196.81,2748.36,0.24,2671.3,Normal,576.0,0.39,425.05,341.02,7,2046.22,40,0,828.51,1608.31,Salario,1166.25,Alimentacion,Neutral,12.3,Medio,448.45,0,51.14406392960274,En observación
2023-07-09,1623,3884.77,3691.02,0.34,3562.9,Recesión,640.0,0.22,762.35,545.5,5,660.4,34,0,494.58,2567.83,Salario,1713.33,Salud,Positivo,16.6,Bajo,193.75,0,57.90149983050904,Saludable
2023-08-08,1615,6303.25,2367.02,0.39,3291.62,Recesión,690.0,0.34,627.34,371.63,1,74.49,48,0,462.13,1725.06,Independiente,1114.01,Transporte,Neutral,10.2,Medio,3936.23,1,65.67449002545804,Excelente
2023-09-07,1161,6580.84,2714.76,0.12,2997.07,Recesión,657.0,0.47,232.56,50.39,3,1815.1,93,0,473.14,1752.62,Salario,981.29,Inversiones,Positivo,4.7,Bajo,3866.08,1,53.16995708377037,Estable
2023-10-07,1358,2303.02,3598.26,0.3,2229.49,Normal,663.0,0.44,455.64,573.45,8,1127.97,64,0,708.84,2370.78,Salario,1711.78,Salud,Positivo,99.0,Medio,0.0,0,47.410576424008546,En observación
2023-11-06,1676,3441.61,3902.53,0.18,2686.9,Inflación,720.0,0.37,362.76,726.65,9,1653.31,46,0,538.13,2155.96,Mixto,1816.79,Gastos_hormiga,Positivo,71.0,Medio,0.0,0,48.861909522891885,En observación
2019-01-01,1180,2739.6,3771.22,0.2,2381.32,Inflación,699.0,0.12,202.75,132.88,9,143.83,39,0,187.94,1717.87,Salario,1093.59,Gastos_hormiga,Positivo,15.4,Bajo,0.0,0,53.80654856893996,Estable
2019-01-31,1384,3548.86,2081.26,0.15,2753.81,Recesión,641.0,0.46,481.66,418.19,2,919.14,36,0,538.73,1818.82,Independiente,1814.45,Ocio,Positivo,81.7,Medio,1467.6,0,45.291795018630296,En riesgo
2019-03-02,1585,4373.16,2110.01,0.09,3177.66,Inflación,652.0,0.32,541.47,433.3,3,568.34,97,0,722.9,2246.69,Salario,865.02,Vivienda,Positivo,30.9,Bajo,2263.15,0,47.93819521458083,En observación
2019-04-01,1637,2884.4,2870.08,0.33,3144.62,Inflación,707.0,0.14,292.64,654.29,5,623.76,30,0,544.29,2324.03,Independiente,924.24,Salud,Neutral,33.0,Bajo,14.32,0,62.91985636750998,Excelente
2019-05-01,1844,4925.07,2916.49,0.28,2264.48,Normal,684.0,0.37,626.16,710.26,3,974.63,42,0,0.0,1730.6,Salario,1082.22,Otros,Positivo,76.6,Bajo,2008.58,0,60.52367572505392,Saludable
2019-05-31,1038,3555.98,2493.91,0.17,3398.87,Recesión,716.0,0.27,466.59,400.1,8,339.46,62,0,717.65,2967.72,Independiente,1347.04,Alimentacion,Negativo,10.0,Medio,1062.07,0,44.689641698327705,En riesgo
2019-06-30,1776,2902.45,3733.93,0.26,2883.64,Normal,651.0,0.36,211.78,628.9,3,1027.48,75,0,637.51,1964.1,Salario,1312.54,Transporte,Positivo,74.5,Bajo,0.0,0,52.89511718085147,Estable
2019-07-30,1236,4524.43,3708.33,0.16,3306.8,Inflación,714.0,0.46,705.24,601.38,2,1114.45,67,0,506.18,1860.51,Salario,1577.19,Salud,Negativo,22.1,Bajo,816.1,0,43.61807336971061,En riesgo
2019-08-29,1398,3624.63,2615.67,0.29,2958.93,Normal,712.0,0.6,811.57,457.97,3,1289.36,95,0,695.06,1551.12,Salario,1298.37,Alimentacion,Positivo,35.3,Medio,1008.96,0,46.17383176414894,En riesgo
2019-09-28,1432,4636.99,2274.65,0.31,1541.2,Recesión,691.0,0.41,689.38,360.27,5,789.39,28,0,843.52,3159.83,Mixto,1368.84,Otros,Positivo,34.8,Bajo,2362.34,1,53.85805654004067,Estable
2019-10-28,1652,3828.64,2606.47,0.2,2631.87,Normal,690.0,0.49,369.24,172.91,4,1175.35,23,0,385.35,1024.55,Salario,337.61,Transporte,Negativo,73.8,Medio,1222.17,0,47.38493362936105,En observación
2019-11-27,1834,4317.9,4029.09,0.25,2380.06,Normal,608.0,0.34,357.29,437.23,8,1119.27,55,0,638.48,1678.86,Salario,1808.17,Alimentacion,Positivo,88.8,Bajo,288.81,0,51.78459609672993,En observación
2019-12-27,1994,3518.17,2805.6,0.33,2453.71,Inflación,697.0,0.13,347.13,156.48,2,583.75,64,0,587.21,2684.17,Mixto,711.26,Salud,Negativo,46.3,Bajo,712.57,0,61.861743834972145,Saludable
2020-01-26,1314,4083.62,3354.56,0.09,2979.78,Normal,636.0,0.42,300.91,196.15,9,1743.24,37,0,413.06,2072.72,Salario,1039.35,Inversiones,Positivo,59.0,Medio,729.06,0,43.56554281264012,En riesgo
2020-02-25,1950,4455.53,3308.17,0.32,2815.92,Normal,720.0,0.54,402.27,371.17,9,1435.17,48,0,674.34,2461.61,Salario,1117.59,Vivienda,Positivo,45.3,Medio,1147.36,0,49.8873575440672,En observación
2020-03-26,1982,3787.96,1551.83,0.19,3098.12,Normal,627.0,0.41,712.19,483.07,2,1110.87,52,0,443.07,1233.79,Salario,622.68,Salud,Positivo,87.8,Bajo,2236.13,0,53.883931064131495,Estable
2020-04-25,1891,3379.5,3878.12,0.12,2734.71,Recesión,616.0,0.58,215.77,402.27,4,669.03,80,0,552.46,2799.78,Salario,1095.54,Educacion,Neutral,13.1,Medio,0.0,0,33.91948558402579,Crítico
2020-05-25,1484,4088.09,3620.7,0.34,2010.8,Inflación,710.0,0.34,611.34,735.94,1,1614.93,75,0,551.29,2624.18,Salario,1461.19,Transporte,Positivo,46.1,Bajo,467.39,0,60.153222929375396,Saludable
2020-06-24,1415,6821.53,3505.87,0.27,2737.23,Normal,653.0,0.56,237.46,147.67,8,218.72,22,0,470.28,2322.59,Salario,1031.42,Otros,Positivo,25.1,Bajo,3315.66,1,49.56106116422048,En observación
2020-07-24,1580,5869.52,3657.56,0.33,2996.28,Normal,763.0,0.12,604.4,154.42,6,910.57,38,0,435.45,2560.03,Independiente,865.11,Inversiones,Negativo,45.2,Medio,2211.96,0,62.98627322097162,Excelente
2020-08-23,1392,2646.33,2649.57,0.07,3068.22,Normal,757.0,0.26,537.53,395.3,4,789.02,34,0,624.87,2621.33,Salario,1364.64,Otros,Positivo,68.7,Medio,0.0,0,42.54271934855576,En riesgo
2020-09-22,1031,2979.88,4356.16,0.07,3101.58,Normal,700.0,0.6,295.74,610.97,7,1241.42,78,0,509.17,1723.53,Independiente,1132.24,Transporte,Negativo,73.5,Alto,0.0,0,30.34391385858525,Crítico
2020-10-22,1219,3914.16,2159.97,0.28,2840.27,Recesión,648.0,0.37,477.05,407.84,5,1458.76,75,0,486.96,2272.18,Salario,1344.01,Inversiones,Positivo,80.3,Bajo,1754.19,0,57.73250763150789,Saludable
2020-11-21,1778,2476.92,1869.67,0.08,2292.18,Inflación,598.0,0.21,587.83,495.08,8,199.86,86,0,158.12,1593.15,Salario,1338.36,Educacion,Positivo,88.4,Medio,607.25,0,47.84610258024048,En observación
2020-12-21,1697,4036.28,3829.82,0.35,2663.89,Inflación,781.0,0.11,819.33,161.19,9,1349.24,55,0,636.08,1301.27,Salario,1048.71,Transporte,Negativo,43.9,Alto,206.46,0,60.33658374607676,Saludable
2021-01-20,1271,4712.15,3397.54,0.14,2981.73,Normal,679.0,0.14,192.61,767.44,7,1899.8,27,0,665.8,2817.97,Salario,1193.97,Otros,Neutral,42.4,Medio,1314.61,0,59.355344407856585,Saludable
2021-02-19,1207,3789.06,2571.24,0.34,3195.33,Normal,661.0,0.52,833.95,600.14,4,1455.27,57,0,577.05,2842.82,Salario,1880.98,Educacion,Neutral,50.2,Medio,1217.82,0,50.11885578462321,En observación
2021-03-21,1624,3647.49,3318.78,0.27,1786.74,Normal,660.0,0.18,316.56,1069.32,6,1287.53,54,0,648.47,1165.72,Salario,1431.22,Ocio,Negativo,30.1,Medio,328.71,0,62.31153170112842,Saludable
2021-04-20,1563,5012.67,2133.72,0.05,3351.43,Normal,626.0,0.4,408.36,284.12,1,1458.97,98,0,605.61,1511.97,Salario,785.35,Inversiones,Positivo,6.1,Bajo,2878.95,0,48.93333879752666,En observación
2021-05-20,1543,2824.81,3960.22,0.11,2458.07,Normal,636.0,0.46,610.99,212.63,7,260.04,38,0,758.35,2567.74,Mixto,1712.07,Servicios,Neutral,79.8,Bajo,0.0,0,30.860833360918953,Crítico
2021-06-19,1158,3652.62,3357.22,0.26,2534.24,Normal,637.0,0.56,125.84,0.0,1,647.0,75,0,343.91,2069.21,Salario,441.35,Vivienda,Positivo,1.3,Bajo,295.4,0,46.33769977432424,En riesgo
2021-07-19,1032,2831.05,1633.94,0.19,2877.03,Normal,734.0,0.51,718.85,559.11,8,1629.45,49,1,71.27,2196.12,Salario,1196.39,Alimentacion,Neutral,52.8,Alto,1197.11,0,46.081437394773495,En riesgo
2021-08-18,1129,3913.95,3876.22,0.15,2955.47,Inflación,691.0,0.5,624.62,399.92,6,1176.73,30,0,498.77,1838.49,Independiente,1460.22,Gastos_hormiga,Positivo,4.1,Medio,37.73,0,39.91149333408716,Crítico
2021-09-17,1124,5046.77,3509.69,0.23,2336.68,Normal,664.0,0.16,572.28,62.53,7,1500.59,94,0,253.73,2968.49,Mixto,1391.38,Servicios,Negativo,67.7,Bajo,1537.08,0,56.449793198966326,Estable
2021-10-17,1760,3273.03,4972.57,0.19,2089.53,Normal,752.0,0.6,369.34,595.49,3,374.93,99,0,465.91,2604.53,Independiente,1014.43,Ocio,Negativo,14.5,Bajo,0.0,0,34.44489976458666,Crítico
2021-11-16,1260,3322.09,3557.36,0.11,2501.65,Inflación,700.0,0.4,583.16,628.83,6,1535.07,48,0,996.56,2094.45,Salario,802.1,Alimentacion,Positivo,94.5,Bajo,0.0,0,43.09779660599108,En riesgo
2021-12-16,1487,3873.44,2452.8,0.11,2152.96,Normal,719.0,0.57,231.57,321.14,2,466.03,29,0,476.19,3566.47,Salario,1039.99,Educacion,Positivo,91.0,Medio,1420.64,0,37.355718542541794,Crítico
2022-01-15,1378,4283.67,2417.46,0.35,2988.46,Normal,575.0,0.12,590.8,634.71,9,1505.59,33,0,782.71,2718.95,Salario,749.15,Servicios,Neutral,59.3,Alto,1866.21,0,67.43807346901596,Excelente
2022-02-14,1119,4741.24,2250.81,0.26,2820.0,Inflación,769.0,0.56,569.44,461.04,4,856.31,52,0,690.65,2450.71,Salario,1696.36,Transporte,Positivo,35.6,Bajo,2490.43,0,47.91096924786593,En observación
2022-03-16,1804,3561.44,4684.11,0.09,3305.09,Recesión,765.0,0.37,541.53,102.87,4,849.78,69,0,731.04,2901.39,Salario,872.25,Ocio,Positivo,81.4,Alto,0.0,0,35.278714264169594,Crítico
2022-04-15,1243,3093.65,2327.95,0.05,2794.67,Normal,684.0,0.47,639.45,760.27,9,1773.26,59,0,426.02,1599.92,Independiente,1750.89,Salud,Negativo,38.5,Bajo,765.7,0,39.555816772684494,Crítico
2022-05-15,1050,1681.0,3932.68,0.05,2806.41,Normal,674.0,0.59,952.51,290.41,6,1079.44,73,0,517.04,1246.95,Salario,1570.24,Gastos_hormiga,Positivo,12.9,Bajo,0.0,0,25.784764757633617,Crítico
2022-06-14,1333,4274.61,1909.03,0.31,2826.03,Normal,757.0,0.51,535.78,545.12,1,1198.51,47,0,304.68,2570.49,Salario,1481.57,Ocio,Positivo,84.7,Medio,2365.58,0,56.12385903497434,Estable
2022-07-14,1122,3443.99,1600.36,0.17,2361.89,Recesión,704.0,0.54,694.32,544.92,2,1039.25,33,0,205.16,2248.27,Salario,786.4,Ocio,Negativo,14.2,Bajo,1843.63,0,45.44580139508079,En riesgo
2022-08-13,1223,2990.7,1765.16,0.19,2513.36,Inflación,651.0,0.22,617.52,816.62,3,1103.98,93,0,673.85,1965.37,Mixto,420.06,Transporte,Negativo,24.0,Medio,1225.54,0,57.08189692204302,Estable
2022-09-12,1568,3688.35,3530.27,0.24,2616.2,Recesión,643.0,0.27,386.02,513.43,4,1373.92,25,0,612.91,2005.82,Salario,993.77,Ocio,Positivo,42.3,Alto,158.08,0,56.01655971130816,Estable
2022-10-12,1683,4431.8,2816.37,0.25,2584.6,Normal,607.0,0.49,908.21,1089.91,9,831.46,55,0,774.05,2509.19,Salario,1433.18,Servicios,Positivo,7.5,Bajo,1615.43,0,48.59832600819465,En observación
2022-11-11,1875,2482.74,2494.31,0.08,2043.34,Normal,656.0,0.21,642.08,354.87,4,779.65,24,0,472.08,3925.17,Mixto,908.01,Gastos_hormiga,Positivo,39.0,Medio,0.0,0,44.80297624458897,En riesgo
2022-12-11,1867,3893.7,4059.59,0.36,2105.37,Inflación,720.0,0.52,548.56,270.79,1,617.51,36,0,666.82,1463.57,Salario,709.16,Alimentacion,Positivo,28.1,Medio,0.0,0,49.29386708868996,En observación
2023-01-10,1932,4633.53,2293.26,0.19,3413.65,Inflación,609.0,0.41,367.22,358.86,5,468.73,63,0,477.22,1365.3,Salario,1071.79,Alimentacion,Positivo,86.7,Bajo,2340.27,0,51.34663433420411,En observación
2023-02-09,1192,4343.46,3503.16,0.28,2243.33,Normal,699.0,0.55,641.11,850.99,3,344.29,70,0,749.1,2624.58,Salario,1627.27,Inversiones,Negativo,96.6,Medio,840.3,0,42.98279406121506,En riesgo
2023-03-11,1776,3214.42,3378.15,0.11,2470.65,Inflación,748.0,0.45,577.77,161.17,3,1091.36,35,1,525.25,2113.39,Independiente,873.93,Otros,Negativo,84.8,Bajo,0.0,0,37.65999727220773,Crítico
2023-04-10,1259,2872.44,2272.67,0.35,2222.63,Normal,680.0,0.49,441.3,174.67,8,67.14,35,0,515.89,2539.84,Salario,2165.26,Inversiones,Positivo,47.5,Alto,599.77,0,45.84002275062645,En riesgo
2023-05-10,1777,2989.19,3440.24,0.21,2774.66,Inflación,711.0,0.45,375.28,705.64,8,399.25,22,0,329.38,1990.34,Salario,800.33,Educacion,Negativo,54.5,Bajo,0.0,0,44.27770651629714,En riesgo
2023-06-09,1390,2402.24,3288.0,0.36,2014.06,Recesión,639.0,0.25,509.11,726.06,2,1072.47,84,0,321.86,3007.72,Mixto,1671.95,Educacion,Negativo,21.1,Medio,0.0,0,59.41126117760377,Saludable
2023-07-09,1502,3919.48,4018.3,0.38,3114.94,Normal,636.0,0.49,505.75,751.48,4,776.84,53,0,569.05,1844.03,Salario,844.06,Otros,Neutral,98.9,Bajo,0.0,0,53.922823079899516,Estable
2023-08-08,1036,4850.12,1752.14,0.14,3573.38,Normal,703.0,0.32,512.53,627.08,1,1163.01,24,0,368.38,2357.52,Salario,889.28,Salud,Positivo,95.4,Medio,3097.98,0,56.74647920622821,Estable
2023-09-07,1743,3969.26,2561.17,0.06,2352.22,Normal,734.0,0.27,429.39,718.78,7,1281.54,55,0,906.02,1636.05,Salario,907.71,Ocio,Negativo,15.8,Bajo,1408.09,0,47.59444884218467,En observación
2023-10-07,1800,3390.22,3241.42,0.18,2988.99,Inflación,717.0,0.56,629.2,574.92,6,965.47,77,0,781.08,2756.08,Salario,765.13,Vivienda,Negativo,95.5,Alto,148.8,0,36.090791673785745,Crítico
2023-11-06,1037,4140.54,2259.24,0.38,2878.09,Normal,695.0,0.48,580.84,512.94,8,184.94,74,0,302.81,2611.32,Salario,1370.45,Inversiones,Positivo,26.0,Alto,1881.3,0,53.99286007909878,Estable
2019-01-01,1165,4134.92,2963.51,0.19,3462.74,Normal,647.0,0.59,308.83,0.0,1,2210.68,67,0,194.65,1858.83,Salario,944.59,Transporte,Negativo,42.9,Alto,1171.41,0,44.21227779952565,En riesgo
2019-01-31,1391,3991.48,2873.48,0.27,2994.05,Normal,705.0,0.44,780.34,572.82,7,1736.92,40,0,452.17,2284.59,Independiente,988.51,Salud,Neutral,64.7,Medio,1118.0,0,51.796181224565174,En observación
2019-03-02,1867,4700.05,2531.95,0.05,2651.93,Recesión,671.0,0.41,513.77,251.49,9,694.98,97,0,426.9,2637.38,Salario,1011.46,Salud,Positivo,52.7,Bajo,2168.1,0,40.65478613181808,En riesgo
2019-04-01,1639,4370.54,3943.51,0.06,2581.08,Recesión,736.0,0.34,499.46,373.86,2,998.29,84,0,245.49,1210.14,Independiente,2088.46,Gastos_hormiga,Negativo,11.6,Bajo,427.03,0,42.20862503042797,En riesgo
2019-05-01,1502,3195.59,2605.17,0.26,2720.14,Normal,621.0,0.45,767.7,337.21,3,769.77,40,0,666.17,2209.88,Salario,1236.68,Inversiones,Positivo,62.7,Bajo,590.42,0,46.94991420849505,En observación
2019-05-31,1113,3193.45,2559.28,0.38,3179.79,Normal,725.0,0.52,288.28,1016.47,7,1254.46,95,0,126.32,2727.35,Salario,1304.24,Salud,Positivo,73.4,Alto,634.17,0,58.02807238774801,Saludable
2019-06-30,1953,4276.42,4024.49,0.1,2535.15,Normal,706.0,0.36,295.44,663.43,4,2356.07,93,0,584.31,1798.22,Salario,1223.98,Vivienda,Negativo,48.7,Medio,251.93,0,48.324249486033445,En observación
2019-07-30,1311,3261.08,2935.4,0.05,2587.59,Inflación,727.0,0.28,633.75,590.98,1,563.4,58,0,301.42,2158.86,Independiente,1193.31,Servicios,Positivo,45.3,Bajo,325.68,0,45.3880228464501,En riesgo
2019-08-29,1856,4344.02,2797.36,0.33,2189.92,Normal,710.0,0.16,809.89,583.72,8,281.72,61,0,0.0,1734.17,Salario,1443.29,Alimentacion,Positivo,67.8,Bajo,1546.66,0,64.32271733821324,Excelente
2019-09-28,1702,2981.02,1794.53,0.25,2942.05,Recesión,722.0,0.37,790.68,813.49,9,2026.73,49,0,267.46,2625.12,Salario,1491.65,Inversiones,Neutral,13.7,Alto,1186.49,0,54.577864965652864,Estable
2019-10-28,1132,6056.93,3329.73,0.28,2610.68,Normal,705.0,0.26,536.89,156.68,7,1040.05,66,0,569.5,1000.0,Mixto,1386.32,Salud,Positivo,62.3,Medio,2727.2,1,61.67553570060732,Saludable
2019-11-27,1536,2565.16,3794.76,0.35,2632.0,Recesión,700.0,0.22,749.45,272.21,7,1972.24,51,0,480.12,1432.31,Salario,577.5,Gastos_hormiga,Negativo,3.1,Alto,0.0,0,58.30105889814421,Saludable
2019-12-27,1656,4371.67,3226.87,0.18,3120.73,Normal,682.0,0.44,627.15,463.85,5,708.55,88,0,748.92,1718.06,Mixto,1261.64,Vivienda,Positivo,43.2,Bajo,1144.8,0,45.568018444093184,En riesgo
2020-01-26,1587,5040.93,3350.26,0.21,3111.74,Recesión,708.0,0.43,760.56,300.43,9,789.99,21,0,516.09,2329.35,Salario,802.08,Servicios,Neutral,56.5,Medio,1690.67,0,45.325833250162646,En riesgo
2020-02-25,1029,2498.07,3418.06,0.2,2581.18,Inflación,681.0,0.29,403.3,200.59,2,275.75,79,0,481.99,1671.09,Mixto,1822.25,Vivienda,Negativo,99.3,Medio,0.0,0,44.75229668726526,En riesgo
2020-03-26,1924,3314.49,2616.74,0.12,2834.98,Inflación,668.0,0.12,906.75,1006.41,4,930.4,91,0,578.38,2802.85,Salario,664.43,Gastos_hormiga,Negativo,90.7,Bajo,697.75,0,53.867984860015255,Estable
2020-04-25,1066,3804.27,2920.26,0.09,3017.68,Recesión,638.0,0.32,772.03,189.5,2,311.97,22,0,241.23,2253.05,Salario,1250.39,Servicios,Positivo,22.8,Bajo,884.01,0,43.070535141500216,En riesgo
2020-05-25,1605,3942.37,4078.75,0.32,3336.25,Normal,718.0,0.53,690.54,275.01,7,818.54,86,0,562.32,2412.97,Salario,1326.91,Salud,Positivo,53.4,Alto,0.0,0,43.31787100219675,En riesgo
2020-06-24,1528,3509.23,1976.53,0.18,2721.05,Normal,674.0,0.32,187.8,323.03,5,2370.01,82,0,456.32,2232.27,Independiente,1676.3,Ocio,Positivo,43.4,Medio,1532.7,0,56.72579756016766,Estable
2020-07-24,1252,5186.4,3313.47,0.34,2842.88,Recesión,633.0,0.3,858.02,844.41,5,1407.53,65,0,793.91,2515.57,Salario,1655.58,Servicios,Positivo,78.1,Alto,1872.93,0,60.51407691182321,Saludable
2020-08-23,1306,2162.05,4840.09,0.3,3477.9,Recesión,626.0,0.4,501.73,641.28,2,171.64,67,0,700.72,2861.31,Salario,1345.29,Gastos_hormiga,Positivo,63.2,Alto,0.0,0,43.361891449461666,En riesgo
2020-09-22,1251,3451.67,2081.86,0.34,2485.6,Recesión,681.0,0.22,621.69,144.44,7,1385.46,24,0,128.07,2657.69,Salario,1715.0,Ocio,Neutral,12.6,Alto,1369.81,0,61.035938121133576,Saludable
2020-10-22,1718,3212.02,3857.04,0.35,2961.51,Inflación,663.0,0.5,497.59,122.72,1,864.64,99,0,748.54,2301.04,Salario,1396.57,Otros,Positivo,47.3,Bajo,0.0,0,47.19560669089746,En observación
2020-11-21,1945,4015.48,2304.72,0.09,3023.05,Normal,580.0,0.48,725.06,146.85,2,130.62,86,0,0.0,3905.56,Salario,1761.48,Servicios,Positivo,55.6,Bajo,1710.76,0,37.053166177998676,Crítico
2020-12-21,1278,3666.66,3711.48,0.19,2365.41,Recesión,669.0,0.57,181.24,0.0,5,1330.03,58,0,874.35,1910.88,Salario,1513.23,Alimentacion,Neutral,62.6,Bajo,0.0,0,37.78116845368678,Crítico
2021-01-20,1482,3989.76,903.28,0.21,3067.23,Inflación,698.0,0.35,454.33,445.73,4,1391.66,46,0,525.44,2510.82,Salario,1198.94,Vivienda,Positivo,6.7,Medio,3086.48,1,59.42307282395849,Saludable
2021-02-19,1874,1533.84,3622.3,0.23,3438.26,Normal,667.0,0.23,565.34,503.81,2,924.7,68,0,763.53,2636.74,Independiente,1810.69,Otros,Positivo,47.6,Bajo,0.0,0,48.20027718892521,En observación
2021-03-21,1115,5395.68,3656.6,0.1,2801.69,Normal,673.0,0.18,584.69,668.13,5,1187.26,51,0,519.8,1835.08,Independiente,300.0,Transporte,Positivo,56.8,Medio,1739.08,0,55.68578266317928,Estable
2021-04-20,1713,5064.66,2634.9,0.33,2879.74,Normal,666.0,0.19,588.41,41.33,6,888.0,88,0,681.37,2533.74,Salario,786.12,Servicios,Neutral,46.7,Bajo,2429.76,0,61.53278689486852,Saludable
2021-05-20,1540,2556.47,2812.86,0.13,3929.76,Recesión,636.0,0.31,708.7,419.84,6,1187.26,59,0,821.83,1948.5,Salario,878.22,Vivienda,Neutral,85.4,Bajo,0.0,0,42.68419933311511,En riesgo
2021-06-19,1382,1949.72,3154.76,0.16,3199.38,Normal,571.0,0.48,902.18,280.87,8,1081.59,35,0,627.5,1474.79,Salario,1390.28,Alimentacion,Positivo,12.2,Alto,0.0,0,35.10063005886342,Crítico
2021-07-19,1586,3633.4,2973.05,0.14,2713.93,Normal,668.0,0.29,261.2,345.66,2,1592.85,27,0,379.58,2490.03,Independiente,881.9,Inversiones,Positivo,39.9,Medio,660.35,0,52.869969095640116,Estable
2021-08-18,1719,5471.78,1498.72,0.11,2378.91,Inflación,696.0,0.55,519.78,364.23,7,1004.42,68,0,542.82,1802.09,Salario,2423.01,Educacion,Positivo,81.7,Medio,3973.06,1,44.48363116993943,En riesgo
2021-09-17,1588,4551.86,2345.05,0.22,2186.93,Normal,711.0,0.11,511.6,555.36,9,1723.44,58,0,319.13,1874.79,Salario,903.03,Educacion,Positivo,39.2,Medio,2206.81,1,68.08053646710573,Excelente
2021-10-17,1279,3550.85,2607.99,0.32,2261.81,Normal,716.0,0.39,593.65,11.25,4,384.88,35,0,669.37,2166.84,Independiente,1311.01,Otros,Negativo,21.9,Alto,942.86,0,47.163449414137986,En observación
2021-11-16,1424,3406.61,1878.88,0.22,2730.24,Recesión,722.0,0.38,413.46,718.11,3,771.6,91,0,630.54,2218.15,Salario,1505.23,Salud,Positivo,79.4,Bajo,1527.73,0,53.621000205923764,Estable
2021-12-16,1853,3462.58,3017.41,0.12,3034.22,Inflación,699.0,0.42,652.12,303.09,6,591.44,37,0,609.52,2748.45,Mixto,1040.43,Alimentacion,Positivo,89.0,Medio,445.17,0,38.8519338945189,Crítico
2022-01-15,1199,3659.97,2801.27,0.25,3232.5,Normal,630.0,0.1,445.12,306.85,1,1109.42,41,0,347.53,1755.42,Salario,355.49,Vivienda,Positivo,41.7,Medio,858.7,0,64.8581141718145,Excelente
2022-02-14,1959,3842.98,3322.65,0.29,3413.11,Normal,665.0,0.26,433.77,336.52,6,1188.44,69,0,696.81,2758.48,Salario,858.11,Ocio,Negativo,4.4,Medio,520.33,0,54.060700131286744,Estable
2022-03-16,1279,3223.75,1694.9,0.33,2570.46,Inflación,655.0,0.11,167.0,567.37,5,606.59,72,0,187.17,1554.8,Mixto,1201.15,Vivienda,Negativo,59.9,Bajo,1528.85,0,69.75510353888464,Excelente
2022-04-15,1168,4300.2,3057.07,0.33,2273.71,Recesión,664.0,0.29,352.09,233.49,9,1411.0,70,0,626.16,2154.8,Salario,1226.11,Gastos_hormiga,Positivo,47.2,Bajo,1243.13,0,59.50650097602555,Saludable
2022-05-15,1176,4366.82,1838.24,0.2,3144.45,Inflación,676.0,0.59,395.75,666.84,1,966.18,28,0,281.61,1740.07,Salario,1519.98,Educacion,Negativo,88.4,Alto,2528.58,0,47.13181970303185,En observación
2022-06-14,1949,3735.8,3957.68,0.32,3734.75,Normal,690.0,0.29,539.82,114.74,5,1161.18,61,0,157.04,2274.34,Independiente,1074.66,Vivienda,Positivo,69.2,Bajo,0.0,0,55.78179487694037,Estable
2022-07-14,1171,3072.24,3338.23,0.36,2300.1,Normal,640.0,0.31,330.12,499.46,2,1015.73,93,0,624.75,2535.46,Salario,884.05,Inversiones,Positivo,49.2,Bajo,0.0,0,60.09274878189176,Saludable
2022-08-13,1714,3742.93,2513.37,0.26,3179.15,Inflación,643.0,0.52,318.37,38.54,5,1347.49,70,1,893.09,1517.47,Independiente,761.16,Ocio,Positivo,84.8,Bajo,1229.56,0,47.62863179727345,En observación
2022-09-12,1654,2418.64,2258.62,0.32,2679.51,Recesión,614.0,0.1,424.5,444.16,7,653.59,58,0,432.82,3255.69,Independiente,781.41,Alimentacion,Negativo,48.0,Bajo,160.02,0,60.6790232208114,Saludable
2022-10-12,1082,3989.81,2400.21,0.35,3080.67,Normal,741.0,0.27,586.66,170.9,5,0.0,47,0,271.4,2072.3,Salario,1401.76,Transporte,Positivo,37.3,Bajo,1589.6,0,58.89447111867798,Saludable
2022-11-11,1997,4196.79,3668.42,0.27,2891.74,Recesión,729.0,0.58,49.07,588.88,6,939.47,78,0,490.08,1398.86,Salario,1820.12,Salud,Positivo,56.7,Medio,528.37,0,48.15485301918673,En observación
2022-12-11,1169,4290.13,3487.21,0.05,2711.37,Inflación,663.0,0.59,458.92,729.89,4,1550.91,26,0,793.93,1666.23,Salario,822.24,Vivienda,Neutral,0.2,Bajo,802.92,0,37.29514483990405,Crítico
2023-01-10,1399,4150.27,2021.29,0.17,2959.33,Normal,681.0,0.31,462.13,735.88,7,663.14,97,0,388.36,2497.52,Salario,955.2,Servicios,Negativo,2.5,Bajo,2128.98,0,52.848350398178425,Estable
2023-02-09,1134,3501.21,4399.76,0.29,2832.87,Inflación,724.0,0.19,568.3,0.0,8,1413.48,87,0,645.79,2467.31,Salario,1431.49,Servicios,Neutral,79.1,Medio,0.0,0,52.51747693188608,Estable
2023-03-11,1121,4145.43,2592.74,0.19,2467.64,Inflación,635.0,0.28,444.85,336.49,7,1062.42,78,0,190.05,1709.29,Salario,300.0,Otros,Negativo,83.2,Bajo,1552.69,0,54.90718166741547,Estable
2023-04-10,1037,3421.48,3796.62,0.05,2555.16,Normal,715.0,0.58,427.76,615.83,5,982.62,71,0,713.98,3204.29,Independiente,1055.84,Educacion,Negativo,9.3,Alto,0.0,0,28.829186767706613,Crítico
2023-05-10,1251,2695.8,3326.55,0.23,2571.33,Inflación,646.0,0.28,727.66,386.36,5,375.45,72,0,705.95,2251.77,Salario,1244.96,Vivienda,Neutral,45.1,Bajo,0.0,0,46.62854002917178,En observación
2023-06-09,1020,5407.44,4930.48,0.37,3287.49,Recesión,663.0,0.49,523.72,142.87,2,1709.57,71,0,483.69,2394.04,Salario,564.47,Alimentacion,Positivo,40.9,Alto,476.96,0,54.12390394754338,Estable
2023-07-09,1264,3799.96,2805.6,0.3,2303.62,Normal,680.0,0.23,620.46,492.23,2,984.63,60,0,388.87,2869.47,Salario,1541.04,Transporte,Negativo,81.6,Bajo,994.36,0,58.3205579738984,Saludable
2023-08-08,1341,4895.09,2957.16,0.15,2389.18,Recesión,599.0,0.37,652.8,587.98,1,944.6,80,0,444.77,1998.58,Mixto,1203.17,Otros,Negativo,82.6,Medio,1937.93,0,48.61702622083632,En observación
2023-09-07,1442,4766.88,4324.96,0.12,3764.44,Recesión,586.0,0.33,519.27,141.16,7,532.95,87,0,629.11,2139.99,Independiente,1658.96,Salud,Neutral,36.2,Medio,441.92,0,39.341029714821715,Crítico
2023-10-07,1260,4598.12,4700.46,0.1,3017.97,Recesión,634.0,0.17,751.03,175.24,4,790.53,36,0,349.98,2447.52,Salario,1014.14,Gastos_hormiga,Neutral,63.7,Alto,0.0,0,45.404033952562585,En riesgo
2023-11-06,1924,4760.77,2188.63,0.32,2455.71,Recesión,663.0,0.11,491.41,284.51,4,1162.7,94,0,528.26,2426.13,Salario,1330.08,Gastos_hormiga,Positivo,88.4,Medio,2572.14,1,69.99428921027751,Excelente
2019-01-01,1819,3635.83,3067.73,0.11,3131.99,Normal,626.0,0.54,508.12,461.83,4,1554.26,74,0,551.08,1494.98,Salario,978.42,Servicios,Neutral,10.8,Medio,568.1,0,40.120919048792345,Crítico
2019-01-31,1478,2733.02,3121.64,0.18,2019.2,Normal,669.0,0.6,664.38,45.75,9,1460.63,44,0,392.16,1831.01,Salario,723.41,Ocio,Positivo,95.1,Bajo,0.0,0,37.354122712470584,Crítico
2019-03-02,1837,3658.36,3372.77,0.27,2680.35,Normal,676.0,0.51,449.01,599.68,8,208.49,32,0,672.32,2051.75,Salario,1662.03,Ocio,Positivo,28.8,Bajo,285.59,0,44.58295060599661,En riesgo
2019-04-01,1762,4002.16,1710.64,0.38,3210.41,Normal,661.0,0.16,230.83,572.38,5,1248.38,94,0,425.66,2977.8,Salario,1050.45,Salud,Positivo,93.8,Medio,2291.52,0,72.27333470849449,Excelente
2019-05-01,1682,3977.34,2827.05,0.14,2761.8,Recesión,716.0,0.27,558.88,470.95,5,1598.92,97,0,597.85,1372.83,Independiente,1406.41,Vivienda,Neutral,10.1,Bajo,1150.29,0,52.54599078999608,Estable
2019-05-31,1397,4254.4,1207.37,0.25,3373.82,Normal,680.0,0.13,569.19,511.39,1,1148.46,77,0,569.76,3255.65,Independiente,1678.6,Otros,Positivo,96.1,Bajo,3047.03,0,65.45505093851946,Excelente
2019-06-30,1873,3361.32,1403.25,0.29,3316.72,Inflación,772.0,0.11,1059.09,423.18,6,1343.92,60,0,734.27,1688.85,Salario,1928.34,Gastos_hormiga,Positivo,90.5,Medio,1958.07,0,62.46190257394457,Saludable
2019-07-30,1345,3330.45,3342.94,0.29,3418.93,Recesión,813.0,0.31,662.7,508.25,9,871.36,67,0,528.41,2426.98,Independiente,992.91,Gastos_hormiga,Positivo,26.9,Medio,0.0,0,51.837928631136535,En observación
2019-08-29,1030,2905.47,4065.73,0.39,2433.2,Normal,616.0,0.3,469.58,299.51,7,395.59,68,0,485.41,2262.98,Salario,1994.25,Gastos_hormiga,Negativo,75.1,Medio,0.0,0,52.18052824816096,En observación
2019-09-28,1661,3247.54,2924.49,0.19,2637.44,Normal,726.0,0.6,288.21,522.91,8,1403.94,81,0,447.47,2216.73,Mixto,1370.43,Otros,Positivo,41.2,Bajo,323.05,0,42.67291159887546,En riesgo
2019-10-28,1264,5270.31,2463.85,0.25,3141.09,Normal,699.0,0.22,746.89,246.83,2,843.27,34,0,213.12,1846.67,Salario,583.66,Inversiones,Negativo,75.3,Alto,2806.46,0,59.78127262320706,Saludable
2019-11-27,1891,5156.83,3422.85,0.18,3144.24,Normal,665.0,0.29,597.49,324.29,5,1840.38,60,0,0.0,3339.38,Independiente,1375.73,Educacion,Negativo,57.6,Medio,1733.98,0,53.14091874309325,Estable
2019-12-27,1718,4533.02,1986.53,0.06,3838.57,Normal,687.0,0.47,296.74,733.01,4,735.12,96,0,617.45,1914.6,Salario,1591.84,Servicios,Positivo,12.2,Alto,2546.49,0,43.36717271706469,En riesgo
2020-01-26,1562,3704.46,2639.58,0.07,3431.52,Recesión,681.0,0.21,564.8,675.96,7,686.59,29,0,487.78,2115.76,Salario,924.55,Otros,Positivo,69.5,Bajo,1064.88,0,49.52981721229183,En observación
2020-02-25,1618,2461.89,2001.98,0.21,2506.49,Recesión,672.0,0.15,975.97,337.94,1,790.88,74,0,427.03,1829.64,Independiente,775.16,Transporte,Negativo,79.7,Alto,459.91,0,53.346115178156815,Estable
2020-03-26,1325,3193.44,3294.84,0.39,2294.64,Normal,773.0,0.3,635.95,311.31,7,1137.61,46,0,570.92,3173.48,Salario,1278.43,Inversiones,Positivo,25.0,Medio,0.0,0,57.03098273570482,Estable
2020-04-25,1023,4493.74,2518.77,0.17,2045.48,Recesión,632.0,0.16,550.48,0.0,7,1584.71,94,0,310.54,2016.61,Salario,692.79,Vivienda,Negativo,41.5,Alto,1974.97,0,55.13993990630544,Estable
2020-05-25,1286,5753.34,3238.35,0.38,2607.6,Normal,682.0,0.26,487.83,296.7,7,1258.39,77,0,804.12,2517.02,Salario,1359.53,Educacion,Positivo,95.8,Medio,2514.99,0,63.27647608466178,Excelente
2020-06-24,1080,1118.44,3639.95,0.06,2897.2,Normal,578.0,0.25,732.81,280.05,9,505.15,54,0,722.05,2066.33,Salario,1244.01,Otros,Positivo,28.0,Bajo,0.0,0,34.93783058071684,Crítico
2020-07-24,1023,5855.6,4442.22,0.27,2154.22,Recesión,656.0,0.17,308.5,48.33,3,1645.94,39,0,475.13,2031.58,Salario,1580.39,Gastos_hormiga,Neutral,73.6,Bajo,1413.38,0,60.56674718735144,Saludable
2020-08-23,1545,4132.73,3577.41,0.38,1934.72,Inflación,727.0,0.14,840.14,0.0,5,175.87,25,0,651.81,1960.84,Mixto,1303.56,Gastos_hormiga,Positivo,46.3,Bajo,555.32,0,59.12790492450243,Saludable
2020-09-22,1211,4312.17,2800.36,0.35,2351.69,Recesión,702.0,0.29,517.61,762.36,6,857.43,22,0,297.28,2388.46,Salario,1466.19,Ocio,Positivo,8.5,Bajo,1511.81,0,63.521523119583705,Excelente
2020-10-22,1180,4083.51,1994.34,0.07,3024.39,Normal,674.0,0.5,102.63,809.73,1,1321.43,45,0,690.09,2266.31,Salario,1685.53,Alimentacion,Positivo,55.2,Bajo,2089.17,0,46.5620976012095,En riesgo
2020-11-21,1056,3301.09,1601.81,0.26,3028.42,Inflación,676.0,0.3,575.11,749.8,7,1642.1,29,0,794.03,1710.12,Salario,1337.76,Educacion,Positivo,13.2,Alto,1699.28,0,58.86956453413121,Saludable
2020-12-21,1060,3416.59,4025.71,0.06,2672.23,Recesión,742.0,0.38,302.39,576.92,8,941.38,57,0,902.32,2728.07,Independiente,1674.74,Inversiones,Negativo,8.0,Medio,0.0,0,35.01498349126873,Crítico
2021-01-20,1941,3732.11,3631.83,0.22,2719.66,Normal,667.0,0.57,886.41,250.78,6,1432.82,44,0,656.08,2176.01,Salario,622.55,Transporte,Positivo,67.9,Medio,100.28,0,40.05284723407378,Crítico
2021-02-19,1375,3787.19,2779.63,0.06,2876.58,Recesión,687.0,0.31,611.43,0.0,7,1689.04,56,0,675.69,3815.58,Salario,1516.92,Servicios,Negativo,64.1,Alto,1007.56,0,37.81955743903654,Crítico
2021-03-21,1715,826.36,3322.15,0.36,2206.97,Recesión,610.0,0.19,855.85,446.79,9,601.05,99,0,681.99,2937.06,Salario,976.62,Educacion,Positivo,36.9,Bajo,0.0,0,53.31268385664847,Estable
2021-04-20,1899,4037.48,4470.87,0.35,2176.18,Inflación,607.0,0.38,347.79,493.97,9,1708.83,80,0,256.04,2766.76,Mixto,787.68,Transporte,Negativo,68.4,Bajo,0.0,0,55.86004393347429,Estable
2021-05-20,1808,4352.97,3363.07,0.18,2907.32,Inflación,752.0,0.59,385.0,254.44,3,1281.11,79,0,755.9,2622.08,Salario,2067.82,Servicios,Neutral,3.0,Bajo,989.9,0,38.78139079970972,Crítico
2021-06-19,1242,3857.32,2481.91,0.05,3051.46,Normal,673.0,0.24,471.35,404.3,6,865.15,65,0,540.7,1551.91,Salario,1688.72,Ocio,Positivo,56.3,Alto,1375.41,0,46.61062239024745,En riesgo
2021-07-19,1756,3976.54,3184.21,0.25,3060.25,Inflación,638.0,0.28,600.64,248.89,3,1177.76,60,0,269.42,3548.11,Salario,821.07,Gastos_hormiga,Negativo,90.7,Medio,792.33,0,52.52261716301585,Estable
2021-08-18,1236,2716.43,2427.56,0.23,3153.9,Recesión,699.0,0.59,530.68,453.73,1,1531.73,74,0,486.89,2416.56,Salario,1055.94,Otros,Negativo,63.1,Alto,288.87,0,41.70472206961457,En riesgo
2021-09-17,1632,4971.84,3404.51,0.11,3803.92,Inflación,710.0,0.54,525.34,755.28,9,911.81,28,0,486.28,1589.32,Mixto,1239.05,Servicios,Positivo,47.7,Bajo,1567.33,0,42.10813126650736,En riesgo
2021-10-17,1920,2598.41,4365.72,0.05,2220.0,Normal,636.0,0.28,928.42,352.1,5,1550.37,81,0,281.92,1488.14,Salario,1208.39,Ocio,Positivo,46.5,Bajo,0.0,0,41.904433666677086,En riesgo
2021-11-16,1421,3737.62,2117.58,0.25,4248.53,Normal,606.0,0.3,474.48,630.55,9,1308.81,29,0,0.0,2560.27,Salario,1416.02,Servicios,Positivo,84.3,Bajo,1620.04,0,58.62622069170674,Saludable
2021-12-16,1458,2791.22,3963.88,0.22,2721.29,Normal,616.0,0.13,363.32,96.27,3,1564.26,50,0,337.83,3095.28,Mixto,1014.47,Servicios,Positivo,5.1,Medio,0.0,0,56.227345705779,Estable
2022-01-15,1073,3525.79,2509.28,0.38,3003.38,Normal,750.0,0.26,789.92,646.9,6,363.48,76,0,653.28,2490.48,Salario,1158.34,Ocio,Positivo,89.2,Medio,1016.51,0,59.87030656995794,Saludable
2022-02-14,1796,3538.65,2538.87,0.05,3694.37,Normal,667.0,0.18,494.42,650.53,1,1226.71,42,0,396.44,2739.96,Salario,1519.53,Salud,Positivo,67.4,Bajo,999.78,0,51.378846865454506,En observación
2022-03-16,1479,5984.12,3374.13,0.34,2858.98,Normal,676.0,0.14,927.83,779.21,7,1569.0,87,0,16.62,3573.37,Mixto,1165.33,Otros,Positivo,74.4,Bajo,2609.99,0,70.58663137011379,Excelente
2022-04-15,1553,4143.98,3935.73,0.37,2836.54,Normal,626.0,0.13,395.4,203.12,8,1151.72,55,0,451.75,2984.14,Salario,1143.66,Ocio,Positivo,35.5,Alto,208.25,0,63.375022744878365,Excelente
2022-05-15,1816,3996.81,2217.87,0.2,2595.98,Inflación,644.0,0.11,404.71,0.0,1,684.03,76,0,450.36,2312.53,Salario,1066.21,Gastos_hormiga,Neutral,91.1,Bajo,1778.94,0,58.89332503890658,Saludable
2022-06-14,1494,3925.45,2200.28,0.28,3076.24,Inflación,700.0,0.29,411.02,638.75,2,700.3,83,0,370.47,3386.47,Salario,886.93,Vivienda,Positivo,63.9,Bajo,1725.17,0,60.21652803112898,Saludable
2022-07-14,1980,2415.69,3040.38,0.31,2877.84,Inflación,738.0,0.12,425.88,454.91,2,345.8,71,0,562.3,1710.66,Salario,1355.4,Ocio,Positivo,78.4,Alto,0.0,0,59.94205793748269,Saludable
2022-08-13,1812,4345.86,4226.75,0.37,2943.24,Recesión,666.0,0.45,648.88,822.4,3,628.3,90,0,438.31,1893.08,Independiente,657.1,Alimentacion,Positivo,44.6,Bajo,119.11,0,56.58539767498885,Estable
2022-09-12,1626,3167.23,4907.5,0.17,3214.17,Inflación,705.0,0.19,331.45,225.88,7,1117.35,56,0,280.84,2712.07,Salario,792.28,Servicios,Negativo,76.2,Bajo,0.0,0,47.99337985000878,En observación
2022-10-12,1426,3667.84,3268.22,0.33,2887.99,Inflación,636.0,0.51,1006.86,792.51,3,1662.67,59,0,276.96,2914.63,Salario,1625.68,Gastos_hormiga,Neutral,34.6,Bajo,399.62,0,51.53499452195069,En observación
2022-11-11,1526,4691.35,2418.36,0.3,2610.73,Inflación,718.0,0.55,381.63,533.7,5,1054.18,21,0,702.55,1311.71,Salario,726.94,Salud,Positivo,79.5,Bajo,2272.99,0,54.03271578751742,Estable
2022-12-11,1701,3408.84,3743.66,0.38,3649.06,Normal,676.0,0.19,618.18,287.7,3,1439.19,81,0,532.18,2387.99,Mixto,1537.6,Ocio,Positivo,62.3,Bajo,0.0,0,62.363836517551135,Saludable
2023-01-10,1264,2382.08,1619.76,0.16,2308.48,Recesión,679.0,0.37,445.71,891.36,9,530.5,59,0,183.1,1968.53,Mixto,1192.18,Servicios,Negativo,70.6,Bajo,762.32,0,48.80472920482826,En observación
2023-02-09,1209,2672.05,3614.9,0.35,2327.68,Normal,623.0,0.25,446.73,3.07,5,1736.19,86,0,408.37,2467.85,Salario,1399.77,Otros,Positivo,50.0,Medio,0.0,0,58.142495079963375,Saludable
2023-03-11,1176,2968.03,2454.77,0.1,2936.19,Normal,653.0,0.49,524.08,492.8,5,0.0,75,0,549.79,2341.66,Independiente,1464.48,Educacion,Neutral,60.5,Alto,513.26,0,34.02455107220916,Crítico
2023-04-10,1407,3190.22,4304.22,0.18,2931.15,Normal,639.0,0.11,577.94,633.17,8,551.86,46,0,287.75,2677.86,Salario,1380.57,Vivienda,Positivo,36.8,Alto,0.0,0,52.270757038855734,En observación
2023-05-10,1783,3764.6,3619.57,0.22,2800.92,Recesión,653.0,0.26,654.73,545.02,2,1633.23,54,0,775.1,2513.74,Salario,930.68,Educacion,Neutral,47.9,Medio,145.03,0,53.54210196239344,Estable
2023-06-09,1433,2661.13,2019.9,0.08,2226.18,Normal,712.0,0.39,552.42,728.89,5,710.44,72,0,556.46,2987.12,Independiente,361.44,Transporte,Neutral,24.9,Alto,641.23,0,41.628137393155086,En riesgo
2023-07-09,1116,3355.81,1753.15,0.1,2842.88,Normal,693.0,0.18,402.8,332.02,2,1025.8,23,0,704.16,1112.07,Salario,1382.81,Vivienda,Positivo,41.5,Bajo,1602.66,0,54.6172719380696,Estable
2023-08-08,1309,3757.85,3208.4,0.36,2481.69,Normal,682.0,0.12,510.76,553.43,8,1261.81,88,0,604.83,1996.91,Independiente,1140.47,Ocio,Neutral,89.0,Bajo,549.45,0,66.2697297209621,Excelente
2023-09-07,1921,3305.48,3667.31,0.34,2968.81,Normal,688.0,0.39,601.18,302.12,8,398.15,79,0,294.62,2408.33,Independiente,1161.89,Transporte,Positivo,61.8,Bajo,0.0,0,50.468045737088055,En observación
2023-10-07,1340,5433.69,2753.66,0.07,2053.35,Normal,681.0,0.26,547.88,320.78,7,1996.78,50,0,144.97,2187.27,Salario,978.44,Vivienda,Positivo,15.3,Alto,2680.03,1,54.806653308328244,Estable
2023-11-06,1103,3993.72,3079.16,0.1,3330.02,Normal,660.0,0.12,615.86,452.5,3,1459.83,26,0,727.98,2721.92,Salario,1241.88,Otros,Positivo,24.3,Bajo,914.56,0,53.657887441403886,Estable
2019-01-01,1230,4456.07,2530.98,0.33,1668.02,Normal,781.0,0.23,546.3,0.0,8,1089.78,77,0,462.19,2619.34,Independiente,756.83,Educacion,Positivo,2.3,Bajo,1925.09,1,61.96459134086435,Saludable
2019-01-31,1890,4598.81,4402.53,0.26,2887.66,Recesión,722.0,0.22,335.82,489.07,1,725.49,83,0,361.57,2177.76,Salario,962.91,Inversiones,Neutral,54.8,Bajo,196.28,0,58.311121087523354,Saludable
2019-03-02,1348,3967.48,4154.02,0.25,2118.33,Normal,650.0,0.23,740.32,434.18,8,964.3,94,0,362.88,2166.14,Salario,1482.44,Servicios,Positivo,22.1,Bajo,0.0,0,53.30019749115899,Estable
2019-04-01,1050,3710.06,3726.19,0.31,2109.71,Normal,756.0,0.13,249.52,376.76,1,169.44,76,0,424.2,1894.23,Salario,928.37,Salud,Negativo,88.1,Medio,0.0,0,60.186985679822826,Saludable
2019-05-01,1335,3468.29,3518.16,0.3,3493.07,Normal,643.0,0.28,620.38,281.67,6,1576.48,86,0,755.39,3132.23,Salario,968.91,Educacion,Positivo,55.9,Bajo,0.0,0,53.94934643291202,Estable
2019-05-31,1542,1596.51,2085.66,0.21,3378.62,Inflación,742.0,0.57,302.47,432.82,1,932.31,54,0,381.53,1179.06,Independiente,1633.35,Salud,Positivo,14.2,Medio,0.0,0,42.15610376036204,En riesgo
2019-06-30,1984,4085.94,3449.51,0.35,2936.09,Normal,698.0,0.22,674.05,441.61,6,1192.23,96,0,700.37,2321.52,Salario,916.16,Inversiones,Positivo,48.2,Medio,636.43,0,61.23476451422217,Saludable
2019-07-30,1034,3880.74,3054.91,0.11,2444.3,Inflación,698.0,0.37,630.2,589.59,7,1354.99,39,0,705.38,1554.28,Salario,2252.27,Salud,Neutral,11.8,Medio,825.83,0,43.46676467500964,En riesgo
2019-08-29,1655,5089.88,3012.55,0.34,3143.18,Normal,745.0,0.52,153.44,980.57,3,742.5,68,0,482.65,3162.15,Independiente,622.6,Salud,Positivo,7.0,Medio,2077.33,0,58.4890386437458,Saludable
2019-09-28,1573,3669.75,3842.72,0.21,3079.28,Normal,643.0,0.56,531.91,812.19,2,1225.71,96,0,544.49,2439.15,Salario,1291.86,Gastos_hormiga,Positivo,99.8,Bajo,0.0,0,44.442340923274585,En riesgo
2019-10-28,1847,4190.52,4255.47,0.12,2765.0,Normal,695.0,0.51,279.63,208.07,5,1409.21,96,0,154.0,1186.27,Salario,1136.34,Transporte,Positivo,22.6,Medio,0.0,0,42.32583862117703,En riesgo
2019-11-27,1424,4160.5,3810.28,0.11,1859.05,Normal,621.0,0.26,374.98,739.14,3,1270.99,84,0,887.98,2535.19,Salario,1219.7,Ocio,Positivo,94.6,Bajo,350.22,0,49.36458681804798,En observación
2019-12-27,1173,6406.73,2085.38,0.3,2600.22,Inflación,705.0,0.17,418.28,375.62,2,560.9,61,0,750.01,2451.91,Salario,529.35,Ocio,Neutral,42.8,Alto,4321.35,1,68.02159919038004,Excelente
2020-01-26,1918,3907.04,3703.17,0.27,3478.79,Normal,691.0,0.17,724.76,594.5,3,465.67,98,0,222.83,3042.43,Independiente,1685.33,Transporte,Neutral,23.7,Medio,203.87,0,55.52440939244073,Estable
2020-02-25,1589,3868.2,2228.21,0.06,3671.15,Normal,661.0,0.49,776.42,549.12,7,65.41,72,0,604.92,1027.61,Salario,1327.69,Transporte,Positivo,97.2,Bajo,1639.99,0,36.62657812940562,Crítico
2020-03-26,1274,5263.09,3299.5,0.31,1664.8,Normal,684.0,0.23,599.35,260.85,9,747.05,85,0,569.14,2330.05,Independiente,1181.61,Alimentacion,Neutral,29.9,Bajo,1963.59,1,58.82524490657965,Saludable
2020-04-25,1922,1830.45,3499.35,0.13,2932.96,Inflación,708.0,0.26,555.32,586.41,9,1899.02,87,0,740.71,2218.76,Salario,1143.57,Ocio,Positivo,77.5,Alto,0.0,0,45.74454820210924,En riesgo
2020-05-25,1529,4708.46,3533.97,0.37,2535.78,Normal,697.0,0.36,783.58,0.0,3,709.75,61,0,690.13,2430.74,Salario,1152.65,Vivienda,Positivo,20.8,Bajo,1174.49,0,53.998350869008995,Estable
2020-06-24,1598,3568.59,3014.16,0.25,2283.25,Recesión,675.0,0.35,767.24,62.52,7,585.73,51,0,479.39,3431.47,Mixto,922.94,Servicios,Positivo,10.6,Bajo,554.43,0,46.56104345140987,En riesgo
2020-07-24,1468,4151.57,4170.8,0.3,2914.36,Normal,603.0,0.53,752.54,259.35,5,1336.16,38,0,77.3,3379.82,Salario,1871.18,Servicios,Positivo,34.4,Bajo,0.0,0,45.81098906495903,En riesgo
2020-08-23,1495,3221.83,3821.01,0.21,2761.45,Normal,709.0,0.51,889.38,724.75,4,460.71,96,0,505.17,2157.51,Salario,1416.99,Ocio,Positivo,94.6,Medio,0.0,0,40.33487134779066,En riesgo
2020-09-22,1938,4161.1,4723.76,0.24,2600.89,Normal,712.0,0.21,323.51,173.44,8,1406.45,39,0,604.8,2541.1,Independiente,1146.6,Educacion,Positivo,4.6,Medio,0.0,0,53.26614374020356,Estable
2020-10-22,1083,4504.36,3433.1,0.29,3309.33,Normal,643.0,0.31,673.7,291.43,5,1503.0,61,0,458.21,1580.99,Independiente,1066.57,Salud,Positivo,28.1,Medio,1071.26,0,57.508495077069455,Saludable
2020-11-21,1903,3308.17,3768.77,0.11,3172.0,Inflación,641.0,0.12,472.27,330.6,5,0.0,75,0,324.9,1607.32,Salario,640.55,Otros,Neutral,82.2,Alto,0.0,0,48.08030811035529,En observación
2020-12-21,1040,4172.19,2723.57,0.18,2552.8,Inflación,725.0,0.1,395.28,280.54,3,834.01,89,0,570.84,2978.74,Salario,849.97,Ocio,Neutral,91.7,Alto,1448.62,0,56.966649911282964,Estable
2021-01-20,1248,4007.61,3328.15,0.18,2459.79,Recesión,674.0,0.45,484.39,340.96,9,1170.79,49,0,372.65,1807.47,Salario,1014.97,Transporte,Positivo,65.8,Bajo,679.46,0,46.12626903093019,En riesgo
2021-02-19,1897,4140.4,2319.06,0.28,2127.61,Normal,687.0,0.22,413.83,433.13,4,817.56,93,0,769.98,3507.24,Mixto,1574.03,Transporte,Positivo,75.9,Bajo,1821.34,0,58.59590486849909,Saludable
2021-03-21,1059,3388.47,3685.62,0.2,2599.05,Recesión,598.0,0.17,593.87,24.05,9,732.43,67,0,856.96,2185.74,Salario,1914.44,Alimentacion,Neutral,21.6,Bajo,0.0,0,46.83449296674727,En observación
2021-04-20,1247,4168.96,1741.8,0.22,3065.08,Recesión,697.0,0.22,397.98,199.46,6,1746.02,39,0,435.08,2063.83,Salario,1684.58,Vivienda,Negativo,7.2,Bajo,2427.16,0,59.26360182153091,Saludable
2021-05-20,1166,3307.47,2863.66,0.15,3004.1,Normal,767.0,0.2,691.94,584.53,1,957.52,80,0,0.0,1617.28,Salario,731.88,Alimentacion,Positivo,47.4,Bajo,443.81,0,56.95818866356228,Estable
2021-06-19,1646,3968.25,2563.71,0.11,2079.96,Recesión,747.0,0.51,452.51,308.08,4,1536.58,98,0,534.71,2564.27,Salario,1096.12,Otros,Positivo,86.6,Bajo,1404.54,0,42.356849503211016,En riesgo
2021-07-19,1650,3333.33,1497.29,0.2,3327.99,Normal,580.0,0.48,650.2,489.97,5,1710.05,66,0,535.82,2799.71,Independiente,1353.84,Alimentacion,Neutral,35.3,Bajo,1836.04,0,47.62244988044279,En observación
2021-08-18,1075,4174.09,2568.25,0.11,2400.17,Normal,754.0,0.42,379.43,744.83,1,1584.43,38,0,580.16,1977.55,Salario,959.98,Ocio,Positivo,24.8,Medio,1605.84,0,50.40228699308703,En observación
2021-09-17,1211,2388.2,2203.69,0.36,3870.71,Normal,702.0,0.6,521.3,189.27,4,199.81,66,0,549.72,1877.92,Salario,968.27,Educacion,Positivo,26.8,Alto,184.51,0,43.101369671139196,En riesgo
2021-10-17,1572,4672.84,3412.94,0.29,3249.47,Normal,675.0,0.53,360.24,369.69,5,190.83,73,0,319.77,1814.17,Salario,1345.52,Servicios,Positivo,2.6,Bajo,1259.9,0,48.79085553041614,En observación
2021-11-16,1659,3565.41,3692.28,0.06,3132.17,Recesión,666.0,0.35,482.65,123.35,7,216.58,59,0,501.54,2588.87,Independiente,964.59,Servicios,Neutral,84.1,Bajo,0.0,0,35.14035197137018,Crítico
2021-12-16,1136,1812.45,2667.42,0.12,2338.74,Normal,671.0,0.53,470.27,311.11,5,785.76,64,0,419.75,2149.77,Salario,1314.9,Ocio,Negativo,22.4,Bajo,0.0,0,34.024158441100724,Crítico
2022-01-15,1351,3646.42,3513.52,0.3,3117.89,Recesión,677.0,0.19,576.39,425.7,6,1374.43,51,0,445.45,2637.07,Salario,1442.03,Salud,Positivo,23.4,Medio,132.9,0,59.2982226831747,Saludable
2022-02-14,1289,6760.38,3027.02,0.15,2402.42,Normal,672.0,0.26,658.54,1020.97,4,1248.67,74,0,419.73,2098.87,Salario,1790.89,Educacion,Neutral,11.5,Bajo,3733.36,1,60.86356794814617,Saludable
2022-03-16,1631,4919.85,3837.39,0.12,2045.35,Recesión,668.0,0.34,673.47,521.54,9,539.1,79,0,643.24,2270.6,Independiente,1366.15,Vivienda,Negativo,18.0,Bajo,1082.46,0,40.719237294779774,En riesgo
2022-04-15,1333,3631.22,2872.3,0.2,2567.06,Inflación,656.0,0.28,613.64,509.5,8,464.09,20,0,305.72,2057.52,Salario,427.86,Inversiones,Positivo,81.4,Medio,758.92,0,52.521209803129175,Estable
2022-05-15,1399,3557.06,4233.83,0.28,3190.36,Recesión,716.0,0.57,526.35,386.69,9,1396.77,55,0,671.6,3143.11,Salario,1598.93,Educacion,Neutral,66.0,Alto,0.0,0,39.03337570146154,Crítico
2022-06-14,1293,5208.51,3282.4,0.23,2826.45,Normal,681.0,0.45,824.91,389.28,9,776.38,23,0,553.85,2743.49,Mixto,1162.37,Educacion,Positivo,15.5,Medio,1926.11,0,46.04401911535466,En riesgo
2022-07-14,1175,2562.91,3346.14,0.17,2508.7,Normal,718.0,0.34,604.48,101.87,1,876.18,67,0,213.1,2898.74,Salario,1311.67,Ocio,Positivo,12.5,Bajo,0.0,0,44.80917568768232,En riesgo
2022-08-13,1520,3658.63,2078.66,0.24,2830.27,Normal,756.0,0.46,295.21,296.35,8,1023.08,84,0,637.3,2973.46,Mixto,1312.88,Educacion,Neutral,48.3,Bajo,1579.97,0,47.85377877671564,En observación
2022-09-12,1392,5198.04,4072.54,0.12,3192.61,Recesión,708.0,0.14,323.62,61.64,9,1114.16,32,0,428.78,1966.94,Salario,1346.04,Transporte,Negativo,33.2,Bajo,1125.5,0,51.13565169596885,En observación
2022-10-12,1373,4764.91,3517.07,0.33,2818.2,Inflación,671.0,0.26,553.46,257.4,8,916.49,51,0,361.91,2737.54,Mixto,300.0,Servicios,Positivo,17.5,Bajo,1247.84,0,60.43775622818967,Saludable
2022-11-11,1493,4903.91,4430.98,0.15,2181.01,Recesión,658.0,0.12,353.86,310.92,6,1028.16,71,0,619.22,1816.74,Independiente,1067.29,Inversiones,Positivo,68.5,Bajo,472.93,0,54.518992233430694,Estable
2022-12-11,1134,4813.44,4016.0,0.16,2977.31,Normal,656.0,0.43,562.97,234.33,6,486.95,58,0,593.19,2363.81,Salario,698.64,Educacion,Positivo,80.6,Bajo,797.44,0,42.34990131806156,En riesgo
2023-01-10,1138,2402.06,3653.49,0.12,3262.63,Normal,635.0,0.38,476.82,460.14,1,505.43,23,0,440.69,2339.13,Salario,964.5,Alimentacion,Neutral,32.9,Alto,0.0,0,39.12153746981419,Crítico
2023-02-09,1416,2543.0,2195.33,0.27,2712.94,Inflación,655.0,0.51,263.09,384.93,4,1070.63,98,0,601.16,1955.68,Salario,1461.54,Otros,Neutral,2.6,Bajo,347.67,0,47.472725972634336,En observación
2023-03-11,1331,4780.41,3678.12,0.4,3063.31,Normal,651.0,0.11,400.64,773.7,1,1502.69,58,0,149.29,2805.74,Salario,886.67,Alimentacion,Positivo,23.6,Alto,1102.29,0,75.72391948446918,Excelente
2023-04-10,1055,4315.96,4008.46,0.25,2716.62,Normal,649.0,0.42,439.01,534.82,3,657.8,36,0,471.14,2941.26,Salario,919.48,Otros,Neutral,43.7,Bajo,307.5,0,48.59239123563291,En observación
2023-05-10,1083,4288.78,2833.42,0.32,3417.75,Normal,662.0,0.4,392.28,233.2,7,839.49,74,0,809.18,3586.17,Salario,561.02,Ocio,Neutral,13.2,Alto,1455.36,0,50.47041789918303,En observación
2023-06-09,1868,4009.44,3236.55,0.1,3112.39,Recesión,670.0,0.41,672.61,366.0,9,205.52,92,0,646.82,3033.34,Mixto,1660.83,Gastos_hormiga,Positivo,71.4,Medio,772.89,0,36.0065693276564,Crítico
2023-07-09,1434,4446.02,2300.56,0.16,2752.25,Normal,686.0,0.26,674.53,276.35,6,604.39,52,0,414.36,1584.9,Salario,901.47,Ocio,Negativo,64.2,Bajo,2145.46,0,51.23143632276403,En observación
2023-08-08,1370,1117.36,1329.43,0.25,3901.15,Normal,758.0,0.31,574.36,585.14,6,1259.65,36,0,668.95,2484.06,Salario,863.92,Alimentacion,Positivo,59.7,Bajo,0.0,0,51.65514347516788,En observación
2023-09-07,1201,3982.86,3612.94,0.4,2743.04,Normal,670.0,0.57,477.46,299.86,4,1767.97,24,0,845.02,2875.94,Salario,750.68,Gastos_hormiga,Positivo,37.9,Medio,369.92,0,52.03771188882735,En observación
2023-10-07,1698,3798.38,2189.73,0.24,3649.27,Recesión,707.0,0.28,352.71,728.75,5,2452.47,66,0,565.45,2561.88,Salario,1199.55,Educacion,Negativo,5.3,Alto,1608.65,0,59.981947322912504,Saludable
2023-11-06,1253,3540.81,3080.81,0.09,2182.71,Normal,591.0,0.55,493.2,320.02,7,674.35,33,0,512.78,2341.85,Mixto,865.64,Otros,Positivo,75.6,Bajo,460.0,0,35.37358598675826,Crítico
2019-01-01,1352,4559.39,2823.23,0.2,2840.67,Recesión,724.0,0.27,581.49,156.21,8,2388.6,52,0,66.84,1151.96,Salario,1157.39,Salud,Positivo,11.1,Medio,1736.16,0,59.91581198342739,Saludable
2019-01-31,1431,3630.76,1650.04,0.1,3668.85,Normal,689.0,0.44,326.46,142.77,6,1699.12,95,0,723.39,1930.39,Salario,1142.66,Salud,Positivo,40.2,Medio,1980.72,0,44.44879698846629,En riesgo
2019-03-02,1314,3752.85,3125.99,0.28,2904.43,Inflación,721.0,0.46,469.88,379.66,1,1309.6,65,0,286.03,2221.6,Salario,1675.06,Gastos_hormiga,Positivo,20.7,Medio,626.86,0,52.14059094055293,En observación
2019-04-01,1282,5225.13,5430.47,0.25,2985.72,Normal,683.0,0.41,379.78,567.93,5,646.05,95,0,283.04,2643.3,Salario,1671.6,Alimentacion,Positivo,81.1,Medio,0.0,0,48.14103579011113,En observación
2019-05-01,1181,3758.86,2818.12,0.3,2520.87,Recesión,683.0,0.18,343.52,291.12,8,1361.75,52,0,987.69,3319.95,Mixto,858.29,Servicios,Positivo,55.4,Bajo,940.74,0,60.00592736893667,Saludable
2019-05-31,1504,1906.42,2648.09,0.23,2325.85,Inflación,744.0,0.2,564.21,759.06,8,79.34,36,0,0.0,2029.84,Salario,1056.33,Vivienda,Negativo,9.9,Bajo,0.0,0,53.44137466528412,Estable
2019-06-30,1305,2959.28,3246.62,0.28,2838.1,Inflación,572.0,0.37,269.08,868.34,4,708.25,37,0,450.41,1668.53,Salario,688.08,Inversiones,Negativo,27.3,Medio,0.0,0,54.005233244535134,Estable
2019-07-30,1114,2620.71,2851.6,0.27,3410.49,Normal,603.0,0.32,83.22,109.19,4,1500.28,31,0,870.07,1991.89,Salario,1434.93,Otros,Positivo,30.5,Bajo,0.0,0,52.81670906271704,Estable
2019-08-29,1438,2823.98,1370.53,0.25,2994.82,Normal,683.0,0.26,790.96,720.02,2,1547.78,28,0,836.38,1943.07,Mixto,1154.06,Salud,Positivo,8.3,Medio,1453.45,0,59.30263664346647,Saludable
2019-09-28,1071,3700.95,2040.78,0.11,3534.57,Normal,636.0,0.15,608.58,0.0,8,1749.08,82,0,359.12,2535.45,Independiente,1756.04,Transporte,Neutral,68.2,Medio,1660.17,0,50.947124224558,En observación
2019-10-28,1633,3545.88,4354.28,0.39,2551.98,Normal,628.0,0.36,327.94,560.62,8,353.45,98,0,577.41,2632.91,Salario,1864.38,Otros,Positivo,22.1,Medio,0.0,0,53.91477784526015,Estable
2019-11-27,1805,5416.9,2656.43,0.37,2662.77,Normal,549.0,0.3,416.53,299.35,4,555.56,55,0,308.85,1868.54,Salario,770.52,Inversiones,Neutral,34.3,Medio,2760.47,1,65.84918870081275,Excelente
2019-12-27,1498,4089.24,4604.97,0.25,2460.57,Normal,654.0,0.3,660.55,363.43,9,670.34,71,0,569.65,1486.8,Salario,1258.71,Alimentacion,Neutral,42.3,Medio,0.0,0,47.97878184650269,En observación
2020-01-26,1739,4492.59,2873.25,0.32,3344.62,Normal,624.0,0.13,246.14,784.42,6,46.45,55,0,511.39,3125.72,Salario,1266.22,Vivienda,Neutral,29.2,Medio,1619.34,0,64.07427939881379,Excelente
2020-02-25,1439,7283.39,693.73,0.15,4010.12,Normal,755.0,0.43,660.27,145.24,7,1318.23,60,0,384.64,1889.32,Mixto,1073.45,Inversiones,Positivo,29.2,Bajo,6589.66,1,59.196595023843805,Saludable
2020-03-26,1716,2721.22,3791.53,0.38,2851.26,Inflación,653.0,0.23,224.08,657.92,3,178.67,42,0,153.44,1587.65,Salario,920.79,Alimentacion,Positivo,84.2,Bajo,0.0,0,63.87604901042452,Excelente
2020-04-25,1511,4081.92,3107.84,0.28,2893.95,Normal,601.0,0.51,491.31,266.66,3,1373.48,65,0,411.45,3098.26,Salario,770.57,Vivienda,Negativo,65.7,Medio,974.08,0,47.66904792789658,En observación
2020-05-25,1692,3353.89,2721.3,0.34,2831.99,Normal,678.0,0.54,753.89,316.05,5,934.71,35,0,513.63,1301.67,Independiente,1414.77,Salud,Positivo,70.0,Alto,632.59,0,48.14385374566124,En observación
2020-06-24,1077,5203.61,2637.75,0.08,3089.96,Recesión,718.0,0.14,781.06,0.0,5,573.42,53,0,157.75,1721.27,Salario,1368.46,Vivienda,Positivo,73.1,Alto,2565.86,0,51.4387860416198,En observación
2020-07-24,1195,3120.01,3692.79,0.29,2933.23,Recesión,743.0,0.32,185.93,141.58,4,1245.7,61,0,248.08,3084.23,Salario,532.0,Transporte,Negativo,54.6,Bajo,0.0,0,53.17658360033504,Estable
2020-08-23,1152,4785.53,3284.21,0.3,2856.58,Recesión,734.0,0.41,989.86,274.79,7,473.07,59,0,647.05,2306.07,Salario,933.53,Otros,Positivo,31.1,Medio,1501.32,0,48.655942036447136,En observación
2020-09-22,1097,4330.46,2068.78,0.11,2362.05,Normal,711.0,0.26,828.14,563.4,7,70.64,72,0,240.21,1981.49,Salario,1622.41,Otros,Positivo,95.5,Bajo,2261.68,0,49.0732801558527,En observación
2020-10-22,1744,3222.12,2134.54,0.06,3568.2,Inflación,637.0,0.57,819.75,173.91,3,792.02,46,0,451.63,1913.58,Salario,933.53,Educacion,Positivo,1.8,Bajo,1087.58,0,33.20784842903693,Crítico
2020-11-21,1385,4223.73,2656.71,0.38,2656.97,Normal,679.0,0.28,702.12,453.14,3,272.02,34,0,514.56,2872.9,Salario,593.7,Inversiones,Negativo,71.9,Bajo,1567.02,0,59.58323372479835,Saludable
2020-12-21,1796,4648.68,2530.9,0.2,3285.67,Inflación,684.0,0.35,859.09,777.85,8,2127.42,92,0,417.72,2343.6,Independiente,444.59,Transporte,Positivo,96.6,Bajo,2117.78,0,57.75012509963902,Saludable
2021-01-20,1419,4455.45,2912.47,0.25,2322.28,Inflación,699.0,0.34,420.46,485.64,2,1109.67,47,0,813.31,2698.94,Salario,808.18,Otros,Positivo,4.2,Medio,1542.98,0,54.82873444882487,Estable
2021-02-19,1255,2948.52,2941.63,0.37,2507.79,Inflación,775.0,0.54,766.42,712.77,3,892.63,85,0,482.72,3114.94,Salario,1034.32,Otros,Neutral,8.9,Alto,6.89,0,48.79272306442482,En observación
2021-03-21,1133,4157.15,3895.79,0.08,3192.36,Recesión,762.0,0.43,617.78,437.33,5,1570.21,89,0,490.03,2280.87,Mixto,2094.96,Educacion,Positivo,79.6,Medio,261.36,0,39.985719540382995,Crítico
2021-04-20,1539,5185.59,3419.63,0.39,3413.38,Normal,643.0,0.17,345.78,103.79,7,968.76,56,0,431.81,1348.42,Salario,1160.43,Educacion,Positivo,84.3,Alto,1765.96,0,67.69278328035395,Excelente
2021-05-20,1191,3612.44,1431.29,0.23,3033.22,Inflación,665.0,0.27,638.41,589.41,7,899.72,22,0,488.22,1459.98,Salario,828.3,Alimentacion,Positivo,61.3,Medio,2181.15,0,58.77162668553666,Saludable
2021-06-19,1046,4419.39,2683.77,0.1,2570.54,Normal,614.0,0.39,346.06,141.72,9,158.29,79,0,363.8,2300.21,Salario,1687.28,Otros,Negativo,7.2,Bajo,1735.62,0,39.37541109005598,Crítico
2021-07-19,1099,3427.54,3992.41,0.12,3072.07,Normal,779.0,0.18,605.25,239.23,8,956.0,83,0,457.9,3182.34,Salario,1652.2,Vivienda,Positivo,93.2,Alto,0.0,0,44.50459045809253,En riesgo
2021-08-18,1428,4652.2,1910.38,0.1,2867.1,Normal,733.0,0.57,738.89,757.03,6,1258.17,39,0,431.44,2328.47,Salario,1420.29,Salud,Positivo,13.2,Bajo,2741.82,0,43.36304834263775,En riesgo
2021-09-17,1157,2568.63,1685.71,0.29,3389.17,Normal,698.0,0.38,196.55,65.64,7,1100.43,57,0,353.64,2345.79,Independiente,1577.08,Alimentacion,Positivo,85.8,Medio,882.92,0,52.2614097878495,En observación
2021-10-17,1401,3851.08,2650.81,0.2,2478.42,Normal,684.0,0.31,398.24,624.99,6,1125.37,95,0,680.06,2273.99,Salario,719.04,Ocio,Positivo,0.3,Medio,1200.27,0,54.34409507096756,Estable
2021-11-16,1065,3929.27,2579.42,0.1,2718.35,Normal,597.0,0.31,558.12,285.81,4,0.0,28,0,705.68,2977.02,Independiente,909.16,Otros,Positivo,51.6,Bajo,1349.85,0,42.902581485361175,En riesgo
2021-12-16,1918,4401.09,3131.09,0.29,2854.08,Recesión,671.0,0.55,671.97,400.26,6,1060.31,97,0,324.2,1872.22,Salario,334.47,Educacion,Neutral,23.4,Bajo,1270.0,0,49.49624349866324,En observación
2022-01-15,1533,4361.62,3684.98,0.38,3449.26,Normal,673.0,0.14,393.36,106.71,7,682.78,38,0,476.95,2050.61,Salario,1097.94,Ocio,Negativo,88.0,Bajo,676.64,0,62.415837441034746,Saludable
2022-02-14,1649,4718.26,5019.91,0.27,2940.14,Recesión,672.0,0.16,729.14,567.32,5,1339.5,86,0,808.39,2435.91,Salario,1328.22,Otros,Negativo,89.2,Bajo,0.0,0,55.61489159856978,Estable
2022-03-16,1846,3873.5,4052.4,0.16,3406.47,Inflación,630.0,0.41,804.56,272.07,3,251.89,22,0,828.26,2364.3,Salario,725.83,Servicios,Negativo,27.1,Bajo,0.0,0,36.595382884543596,Crítico
2022-04-15,1060,5168.96,3784.27,0.27,2780.42,Normal,696.0,0.36,730.33,174.89,9,1515.8,70,0,344.39,1700.91,Mixto,1201.44,Otros,Positivo,85.3,Bajo,1384.69,0,54.127934570858216,Estable
2022-05-15,1345,4470.05,2118.36,0.4,3281.43,Inflación,701.0,0.19,438.25,667.81,7,1787.5,73,0,477.87,1808.45,Independiente,867.58,Ocio,Neutral,24.6,Bajo,2351.69,0,73.83506874469303,Excelente
2022-06-14,1598,4324.87,1256.24,0.31,2036.12,Normal,647.0,0.56,706.14,503.79,7,311.61,49,0,870.44,1426.28,Salario,1494.96,Otros,Positivo,37.0,Alto,3068.63,1,50.29403286021005,En observación
2022-07-14,1374,5713.69,2053.9,0.18,3266.72,Normal,669.0,0.32,582.43,294.46,9,0.0,63,0,667.07,1674.28,Independiente,1193.12,Transporte,Neutral,99.3,Bajo,3659.79,1,52.43591574192749,Estable
2022-08-13,1910,3271.42,2694.31,0.3,2077.23,Normal,687.0,0.42,388.6,612.67,2,1594.2,61,0,448.33,1374.72,Salario,1060.46,Vivienda,Positivo,2.9,Bajo,577.11,0,58.68308056275961,Saludable
2022-09-12,1833,6285.31,2453.77,0.25,2848.22,Normal,671.0,0.35,480.79,192.97,7,1136.0,41,0,468.34,3114.21,Independiente,1805.69,Inversiones,Positivo,51.4,Bajo,3831.54,1,57.7562918182724,Saludable
2022-10-12,1464,3278.96,4461.07,0.32,1875.27,Normal,679.0,0.18,211.22,293.14,9,552.95,39,0,856.29,2166.17,Salario,300.0,Transporte,Positivo,88.5,Medio,0.0,0,56.42188328833465,Estable
2022-11-11,1158,3633.85,3215.2,0.35,2864.14,Normal,678.0,0.29,491.23,363.41,9,405.86,88,0,293.17,3402.98,Salario,1455.86,Inversiones,Positivo,59.0,Bajo,418.65,0,55.67658439209459,Estable
2022-12-11,1388,4308.44,3195.17,0.28,2411.45,Normal,696.0,0.51,616.57,142.16,1,766.1,37,0,274.68,1453.02,Salario,1609.43,Otros,Negativo,62.6,Alto,1113.27,0,45.80632170919426,En riesgo
2023-01-10,1336,2766.09,2554.59,0.18,2507.59,Normal,708.0,0.31,530.28,919.65,7,385.57,25,0,653.56,1904.82,Mixto,1770.95,Educacion,Positivo,77.1,Medio,211.5,0,49.16753655531717,En observación
2023-02-09,1003,4031.86,2988.7,0.38,2297.4,Inflación,724.0,0.47,841.49,361.1,6,1267.38,48,0,452.69,2539.89,Independiente,1670.69,Otros,Positivo,51.7,Bajo,1043.16,0,53.43758135015827,Estable
2023-03-11,1666,4800.99,3518.49,0.32,2657.7,Normal,724.0,0.33,506.87,522.94,1,819.72,67,0,727.52,2434.47,Salario,1435.2,Alimentacion,Positivo,0.3,Medio,1282.5,0,57.26606140540443,Saludable
2023-04-10,1574,2948.42,3164.4,0.29,3438.33,Normal,660.0,0.53,447.89,107.23,2,1794.37,96,0,561.97,2711.33,Salario,913.2,Ocio,Positivo,85.4,Bajo,0.0,0,47.00144034459791,En observación
2023-05-10,1567,3870.98,3712.92,0.27,3487.76,Normal,651.0,0.55,404.38,483.91,6,1013.22,30,0,893.66,2711.39,Salario,1387.16,Salud,Positivo,7.2,Bajo,158.06,0,43.21419356547378,En riesgo
2023-06-09,1992,4200.26,3662.91,0.38,2892.95,Recesión,736.0,0.6,482.51,622.97,7,1223.63,56,0,311.95,1871.07,Salario,1464.87,Transporte,Negativo,78.6,Bajo,537.35,0,50.890416193343086,En observación
2023-07-09,1771,1173.61,2401.41,0.06,3050.65,Inflación,624.0,0.48,243.72,387.34,5,561.3,47,0,330.0,2337.45,Salario,1398.66,Educacion,Positivo,4.3,Bajo,0.0,0,34.284893308271556,Crítico
2023-08-08,1141,2935.68,1007.42,0.37,3462.66,Normal,634.0,0.14,549.68,439.11,1,758.8,51,0,473.1,3231.55,Salario,1230.62,Transporte,Negativo,78.0,Medio,1928.26,0,65.47913699021221,Excelente
2023-09-07,1267,3354.92,2615.78,0.4,3568.93,Normal,738.0,0.53,272.13,273.44,9,930.39,70,0,656.16,2296.69,Salario,1179.35,Educacion,Positivo,51.9,Medio,739.14,0,51.495923160723734,En observación
2023-10-07,1599,4682.23,3156.44,0.35,3180.59,Recesión,568.0,0.54,236.08,406.4,9,207.06,20,0,474.09,1693.14,Salario,1483.89,Ocio,Neutral,33.0,Bajo,1525.79,0,50.425336805648335,En observación
2023-11-06,1673,5169.39,2540.26,0.22,3386.44,Recesión,653.0,0.51,225.26,544.15,1,2129.11,76,0,304.84,2456.74,Salario,1697.81,Inversiones,Positivo,74.0,Bajo,2629.13,0,56.68869141504576,Estable
2019-01-01,1806,5574.38,2789.8,0.27,2541.36,Normal,710.0,0.23,660.87,273.5,4,1084.25,46,0,193.39,2027.66,Salario,1335.17,Transporte,Positivo,14.8,Bajo,2784.58,1,64.35778259029387,Excelente
2019-01-31,1683,3425.75,2161.29,0.09,2771.5,Inflación,703.0,0.32,240.75,0.0,7,530.93,60,0,568.41,1791.74,Salario,397.19,Servicios,Neutral,34.2,Medio,1264.46,0,43.85799914945288,En riesgo
2019-03-02,1705,4331.77,2399.08,0.17,3871.69,Normal,733.0,0.31,360.37,237.71,7,1830.07,54,0,481.45,2774.35,Mixto,785.27,Transporte,Positivo,55.5,Bajo,1932.69,0,54.28743303509132,Estable
2019-04-01,1764,5301.95,3270.09,0.25,2599.15,Normal,667.0,0.11,473.21,450.23,5,1521.1,34,0,663.53,2359.83,Salario,1885.42,Salud,Neutral,80.5,Bajo,2031.86,0,63.12047636519888,Excelente
2019-05-01,1068,6001.48,5495.2,0.26,2680.2,Recesión,638.0,0.34,549.65,314.89,2,1118.56,87,0,765.11,1293.85,Independiente,1790.7,Inversiones,Positivo,10.4,Bajo,506.28,0,51.399958108467565,En observación
2019-05-31,1221,4360.78,2002.82,0.1,2071.66,Recesión,742.0,0.44,484.97,167.99,4,1072.42,49,0,303.34,2540.16,Salario,300.0,Educacion,Positivo,31.4,Bajo,2357.96,1,47.91827511524565,En observación
2019-06-30,1166,3688.43,2154.1,0.1,2632.02,Recesión,722.0,0.34,571.46,410.23,5,0.0,27,0,147.54,3187.41,Salario,1170.29,Transporte,Positivo,42.6,Medio,1534.33,0,44.271749998913094,En riesgo
2019-07-30,1977,5095.78,2996.72,0.39,3353.53,Inflación,765.0,0.34,255.18,295.27,1,472.84,28,0,223.28,1812.74,Salario,1152.3,Educacion,Positivo,67.2,Medio,2099.06,0,64.8508255353101,Excelente
2019-08-29,1926,3737.22,2710.1,0.06,3080.03,Normal,711.0,0.3,454.42,632.47,9,1025.95,69,0,491.84,1930.57,Salario,1111.01,Gastos_hormiga,Neutral,90.1,Medio,1027.12,0,45.333147715417006,En riesgo
2019-09-28,1616,5145.97,2035.42,0.1,2841.29,Normal,693.0,0.48,270.82,354.12,7,1025.98,30,0,571.86,1282.63,Salario,1600.01,Ocio,Positivo,10.1,Bajo,3110.55,1,48.47088818042447,En observación
2019-10-28,1989,4401.6,2701.36,0.19,2812.68,Normal,657.0,0.39,491.03,504.49,3,1075.57,43,0,518.78,1979.82,Mixto,1740.01,Salud,Positivo,48.0,Medio,1700.24,0,51.36208549717877,En observación
2019-11-27,1020,4336.52,3222.21,0.22,2512.14,Normal,673.0,0.13,523.77,518.72,3,944.52,86,0,478.39,2352.14,Salario,738.74,Alimentacion,Neutral,98.9,Medio,1114.31,0,59.97485934750709,Saludable
2019-12-27,1750,4495.95,2659.34,0.3,3119.23,Inflación,684.0,0.22,721.23,231.02,4,1015.66,27,0,450.4,2441.85,Salario,1152.04,Educacion,Neutral,39.0,Bajo,1836.61,0,59.93538998466454,Saludable
2020-01-26,1698,6342.61,4550.07,0.28,2529.62,Normal,627.0,0.27,503.36,339.45,2,877.33,87,0,555.62,1446.41,Independiente,1500.98,Salud,Positivo,0.8,Bajo,1792.54,0,58.33674020943501,Saludable
2020-02-25,1127,4476.58,2590.74,0.27,1943.46,Normal,719.0,0.28,400.97,286.24,7,151.45,36,0,477.34,1174.88,Salario,1810.68,Alimentacion,Positivo,37.5,Medio,1885.84,0,55.1369457829865,Estable
2020-03-26,1286,3580.69,2853.5,0.18,3095.01,Recesión,671.0,0.28,698.86,420.88,5,239.15,95,0,249.33,2080.16,Salario,831.02,Educacion,Negativo,19.1,Bajo,727.19,0,48.20828339858821,En observación
2020-04-25,1647,2914.83,3348.88,0.14,2709.64,Normal,604.0,0.41,519.34,352.22,3,1049.97,47,0,248.6,3093.26,Salario,1381.48,Inversiones,Neutral,68.6,Alto,0.0,0,40.77254244053184,En riesgo
2020-05-25,1543,4448.12,2677.72,0.27,2309.8,Normal,797.0,0.44,366.82,553.58,2,834.51,93,0,877.83,2917.2,Independiente,1324.87,Servicios,Positivo,90.5,Alto,1770.4,0,50.7138890991599,En observación
2020-06-24,1338,5453.26,3040.3,0.1,3010.68,Inflación,659.0,0.47,484.84,689.64,1,410.77,94,0,575.29,1760.94,Salario,1417.92,Servicios,Positivo,14.5,Alto,2412.96,0,44.33488523934569,En riesgo
2020-07-24,1567,4887.93,1865.39,0.23,3381.91,Normal,731.0,0.2,539.24,0.0,7,1019.58,22,0,794.47,2100.87,Mixto,1052.61,Vivienda,Positivo,88.6,Medio,3022.54,0,58.20641909679235,Saludable
2020-08-23,1750,5058.33,3795.83,0.25,2227.76,Normal,614.0,0.23,510.6,320.79,9,985.35,64,0,501.6,2632.08,Salario,1203.52,Educacion,Neutral,95.2,Bajo,1262.5,0,54.40680900257123,Estable
2020-09-22,1042,4711.43,3476.18,0.29,2797.13,Normal,685.0,0.12,399.6,350.11,1,1290.73,78,0,416.58,3129.02,Salario,965.42,Inversiones,Positivo,88.8,Bajo,1235.25,0,65.89498541158034,Excelente
2020-10-22,1216,3150.61,3013.26,0.09,2485.44,Inflación,740.0,0.29,545.09,819.49,5,1131.02,94,0,620.8,1891.48,Salario,343.21,Vivienda,Positivo,80.7,Bajo,137.35,0,49.59212597443104,En observación
2020-11-21,1416,4902.58,3205.03,0.25,2664.1,Inflación,632.0,0.3,452.67,574.02,1,1178.21,87,0,419.11,2229.85,Salario,1540.44,Otros,Negativo,4.2,Bajo,1697.55,0,57.3086545891454,Saludable
2020-12-21,1172,2969.58,3243.98,0.32,2754.26,Normal,693.0,0.47,614.73,581.38,5,1027.31,77,0,420.25,2739.24,Salario,1844.39,Alimentacion,Positivo,45.8,Alto,0.0,0,48.575889581145546,En observación
2021-01-20,1163,2742.74,4821.02,0.25,2859.9,Inflación,656.0,0.45,524.49,440.24,2,236.41,49,0,631.79,1848.95,Salario,1398.78,Ocio,Positivo,23.7,Bajo,0.0,0,42.03977740206771,En riesgo
2021-02-19,1463,3575.04,4145.23,0.38,1757.66,Normal,687.0,0.14,526.01,850.63,3,958.96,25,0,464.22,2896.27,Salario,998.74,Servicios,Positivo,76.1,Alto,0.0,0,65.6897441896001,Excelente
2021-03-21,1974,4774.81,3451.68,0.24,2483.09,Normal,663.0,0.53,633.49,694.53,7,1266.24,88,0,690.97,1026.24,Salario,1193.2,Salud,Positivo,18.4,Medio,1323.13,0,48.40852178923362,En observación
2021-04-20,1584,2028.96,2455.96,0.05,2857.71,Normal,760.0,0.37,383.61,277.89,7,532.38,49,0,284.66,1363.82,Salario,1498.03,Educacion,Positivo,17.9,Bajo,0.0,0,38.75555626626032,Crítico
2021-05-20,1522,4676.61,3509.3,0.12,2844.99,Normal,748.0,0.54,335.43,556.09,1,1281.88,20,0,473.87,1000.0,Salario,768.47,Inversiones,Neutral,78.7,Bajo,1167.31,0,45.147773544020225,En riesgo
2021-06-19,1172,3641.92,3614.64,0.17,3297.79,Normal,677.0,0.6,734.86,315.18,1,611.53,45,0,777.72,2058.0,Mixto,1414.52,Gastos_hormiga,Neutral,88.6,Medio,27.28,0,33.34675473305774,Crítico
2021-07-19,1968,3587.67,1607.94,0.26,2961.3,Recesión,685.0,0.5,449.09,12.34,2,1200.4,86,0,540.23,2469.77,Independiente,1664.67,Alimentacion,Positivo,98.7,Medio,1979.73,0,48.44168148534876,En observación
2021-08-18,1888,2812.24,3389.31,0.24,2915.28,Normal,730.0,0.12,353.3,564.32,9,44.14,82,0,516.66,2861.97,Salario,1239.89,Alimentacion,Neutral,19.4,Bajo,0.0,0,53.752862763680355,Estable
2021-09-17,1767,4316.84,2698.31,0.24,2797.43,Normal,681.0,0.22,515.67,687.21,2,413.97,83,0,518.73,2496.76,Salario,737.09,Educacion,Neutral,26.7,Alto,1618.53,0,58.078129242323314,Saludable
2021-10-17,1603,3457.99,3482.58,0.38,2505.38,Normal,626.0,0.13,441.16,0.0,9,820.45,94,0,596.38,1392.57,Salario,1874.98,Transporte,Positivo,4.6,Bajo,0.0,0,62.16520430277805,Saludable
2021-11-16,1848,3699.45,1747.07,0.18,2596.34,Normal,673.0,0.46,447.79,319.56,6,655.65,75,0,474.01,2272.98,Independiente,1371.17,Ocio,Positivo,11.6,Medio,1952.38,0,46.1597970312323,En riesgo
2021-12-16,1220,4908.88,3075.61,0.17,2517.83,Normal,751.0,0.27,218.68,354.38,5,418.57,20,0,480.76,1608.67,Independiente,643.97,Inversiones,Negativo,83.3,Alto,1833.27,0,51.39799956402322,En observación
2022-01-15,1369,4738.69,3342.15,0.09,3274.18,Recesión,640.0,0.22,493.76,803.88,5,1816.54,68,1,813.58,3008.38,Independiente,1049.49,Ocio,Negativo,10.7,Alto,1396.54,0,50.59554042362553,En observación
2022-02-14,1911,4117.59,1482.06,0.36,3138.21,Normal,690.0,0.49,285.6,50.05,3,966.19,73,0,117.44,2153.52,Mixto,2127.93,Salud,Neutral,49.3,Bajo,2635.53,0,57.02900620588697,Estable
2022-03-16,1837,4250.74,4297.49,0.25,3063.59,Normal,707.0,0.16,405.56,684.38,7,968.16,32,0,289.02,1000.0,Salario,542.13,Educacion,Positivo,49.4,Medio,0.0,0,62.39254743784656,Saludable
2022-04-15,1423,1239.94,3344.52,0.13,2962.44,Normal,744.0,0.22,355.18,0.0,3,889.15,29,0,661.25,2322.84,Salario,1534.8,Educacion,Positivo,22.0,Bajo,0.0,0,42.75984715676773,En riesgo
2022-05-15,1123,4691.21,2855.03,0.37,3099.22,Normal,718.0,0.14,948.03,392.01,5,1984.61,97,0,812.23,2650.24,Salario,1334.23,Gastos_hormiga,Positivo,53.6,Bajo,1836.18,0,68.00208217764855,Excelente
2022-06-14,1112,2724.46,2490.49,0.16,2070.64,Inflación,738.0,0.54,341.72,351.89,6,999.29,80,0,380.6,1000.0,Salario,1136.53,Servicios,Positivo,20.9,Bajo,233.97,0,43.17628888626059,En riesgo
2022-07-14,1023,3247.65,3321.05,0.28,2939.23,Normal,765.0,0.18,167.87,321.76,3,921.71,44,1,101.02,2546.98,Salario,1698.37,Vivienda,Positivo,7.8,Bajo,0.0,0,60.83621581923188,Saludable
2022-08-13,1572,3501.27,4486.83,0.1,2648.14,Recesión,711.0,0.5,71.92,293.7,7,1870.16,92,0,496.29,3215.26,Salario,1676.58,Transporte,Positivo,83.9,Bajo,0.0,0,38.52349811188141,Crítico
2022-09-12,1885,5065.27,3075.08,0.14,2044.48,Normal,585.0,0.5,676.05,273.97,4,1571.9,87,0,895.88,1786.58,Salario,1661.15,Otros,Positivo,20.8,Alto,1990.19,0,41.25228534091191,En riesgo
2022-10-12,1553,3830.87,2175.19,0.17,4386.5,Recesión,649.0,0.46,479.31,675.47,7,204.87,72,0,985.9,1890.72,Salario,1055.16,Transporte,Positivo,0.4,Bajo,1655.68,0,43.099915266063434,En riesgo
2022-11-11,1950,6575.88,2749.9,0.06,2244.91,Normal,712.0,0.53,573.89,443.84,2,1760.12,63,0,639.52,2563.99,Salario,1422.68,Otros,Neutral,10.7,Bajo,3825.98,1,44.615730714665254,En riesgo
2022-12-11,1438,4833.52,4217.3,0.19,2641.02,Recesión,680.0,0.59,549.17,0.0,5,628.85,85,0,493.39,3065.21,Salario,1301.49,Inversiones,Negativo,92.0,Medio,616.22,0,32.96968411800055,Crítico
2023-01-10,1828,3571.8,3406.58,0.28,2684.68,Inflación,645.0,0.14,416.4,344.0,5,1502.44,59,0,460.92,2859.01,Mixto,1101.31,Servicios,Negativo,85.7,Medio,165.22,0,59.79489910810481,Saludable
2023-02-09,1906,4413.76,2904.68,0.2,3752.35,Normal,684.0,0.37,484.13,37.07,3,456.7,64,0,182.29,2332.14,Salario,561.08,Salud,Positivo,6.5,Medio,1509.08,0,49.098951223263605,En observación
2023-03-11,1754,3111.42,2461.65,0.1,3154.35,Normal,671.0,0.57,552.91,399.7,3,1434.6,31,0,680.23,2031.14,Salario,1154.63,Vivienda,Positivo,45.9,Medio,649.77,0,37.4260230309019,Crítico
2023-04-10,1448,2644.59,3200.5,0.28,2069.0,Normal,669.0,0.19,372.12,352.22,8,808.17,20,0,393.55,1994.56,Independiente,1918.38,Gastos_hormiga,Positivo,74.1,Bajo,0.0,0,56.73485406738186,Estable
2023-05-10,1065,3410.52,1259.7,0.32,2546.27,Normal,713.0,0.28,515.36,431.37,7,832.45,44,0,265.38,2254.49,Salario,1648.22,Alimentacion,Positivo,32.2,Medio,2150.82,0,61.748231062013716,Saludable
2023-06-09,1683,4741.9,3116.86,0.26,3120.58,Inflación,630.0,0.44,222.7,424.96,5,1815.05,53,0,639.51,2999.14,Salario,1114.07,Servicios,Negativo,48.4,Bajo,1625.04,0,53.01288655312281,Estable
2023-07-09,1160,3854.53,2141.09,0.31,2531.1,Normal,677.0,0.27,313.4,27.85,3,108.19,43,0,656.06,2299.9,Salario,1082.03,Inversiones,Positivo,77.3,Bajo,1713.44,0,57.14031890519547,Estable
2023-08-08,1734,3766.71,3621.94,0.23,2240.93,Normal,700.0,0.55,508.37,528.38,2,1535.86,24,0,673.11,2852.3,Salario,642.87,Vivienda,Positivo,11.2,Medio,144.77,0,45.117690882584185,En riesgo
2023-09-07,1203,5214.41,2166.49,0.22,2550.97,Normal,770.0,0.47,572.45,792.44,9,743.84,31,0,452.21,2536.46,Salario,1219.21,Ocio,Positivo,97.8,Medio,3047.92,1,53.301460623125394,Estable
2023-10-07,1670,4072.72,2032.31,0.06,2682.71,Inflación,694.0,0.22,652.77,670.54,6,1048.08,51,0,181.12,2802.07,Salario,1283.18,Transporte,Positivo,95.6,Bajo,2040.41,0,52.418110231607855,Estable
2023-11-06,1933,4019.7,2752.15,0.28,2701.8,Normal,689.0,0.33,426.17,353.85,7,1568.92,25,0,593.34,1068.64,Salario,1865.37,Transporte,Positivo,82.2,Bajo,1267.55,0,58.16094631045401,Saludable
2019-01-01,1666,3258.17,2480.44,0.16,2906.09,Normal,597.0,0.54,387.0,517.52,6,1103.66,30,0,662.83,1857.09,Salario,932.19,Inversiones,Negativo,20.0,Bajo,777.73,0,41.031185186791,En riesgo
2019-01-31,1789,2768.86,1750.8,0.29,3560.72,Normal,702.0,0.45,516.47,1051.06,5,1230.7,25,0,220.35,2918.28,Salario,300.0,Vivienda,Positivo,9.9,Alto,1018.06,0,56.53326757808016,Estable
2019-03-02,1592,3396.54,2905.66,0.06,1994.39,Normal,657.0,0.33,758.64,567.45,8,1139.14,48,0,611.24,2083.19,Mixto,1302.25,Vivienda,Positivo,69.6,Bajo,490.88,0,42.445575203608726,En riesgo
2019-04-01,1408,4391.95,4069.04,0.31,2806.62,Recesión,680.0,0.18,552.95,0.0,1,288.36,21,0,350.99,3077.52,Salario,1179.31,Transporte,Positivo,69.2,Bajo,322.91,0,56.86316856020246,Estable
2019-05-01,1804,3979.12,4280.9,0.35,4101.56,Inflación,750.0,0.27,522.42,404.11,7,783.1,59,0,228.5,2087.76,Independiente,1308.97,Gastos_hormiga,Neutral,85.7,Alto,0.0,0,55.432839960995786,Estable
2019-05-31,1808,4802.64,2572.23,0.32,2511.17,Recesión,695.0,0.6,827.88,121.08,5,1537.94,69,0,460.5,3001.88,Salario,1397.86,Servicios,Negativo,5.7,Alto,2230.41,0,44.74760930761921,En riesgo
2019-06-30,1785,4277.12,2554.34,0.07,3128.51,Recesión,648.0,0.37,967.68,397.2,8,1372.75,65,0,378.13,1572.15,Salario,1540.42,Ocio,Positivo,77.1,Medio,1722.78,0,43.647751164018956,En riesgo
2019-07-30,1671,4480.08,2618.86,0.08,3506.07,Normal,713.0,0.38,554.22,235.42,5,1267.36,33,0,166.91,2340.28,Independiente,1334.49,Servicios,Positivo,46.1,Bajo,1861.22,0,45.87451899318462,En riesgo
2019-08-29,1463,4504.05,3495.71,0.33,1883.7,Normal,654.0,0.12,674.75,584.07,2,1607.61,58,0,777.48,2764.99,Mixto,713.6,Servicios,Positivo,72.8,Bajo,1008.34,0,66.90451714930566,Excelente
2019-09-28,1788,2699.8,3344.48,0.36,3116.25,Normal,637.0,0.22,513.32,533.78,9,1167.35,68,0,614.46,2244.25,Salario,1698.5,Otros,Negativo,22.8,Medio,0.0,0,56.7133607567559,Estable
2019-10-28,1647,3287.92,2927.23,0.2,1804.6,Recesión,659.0,0.49,360.71,523.87,3,803.95,46,0,613.41,1411.17,Salario,1237.32,Inversiones,Negativo,75.7,Bajo,360.69,0,44.152942210042326,En riesgo
2019-11-27,1485,2761.4,3472.7,0.11,2604.13,Normal,656.0,0.28,701.48,0.0,4,751.98,54,0,495.84,1538.37,Independiente,1184.58,Educacion,Positivo,26.4,Bajo,0.0,0,42.11749605247031,En riesgo
2019-12-27,1285,5728.92,3119.95,0.36,2274.25,Inflación,594.0,0.1,158.26,47.05,1,1010.98,31,1,470.69,1000.0,Salario,1048.07,Inversiones,Negativo,42.9,Bajo,2608.97,1,73.01710643324938,Excelente
2020-01-26,1051,5818.42,3482.83,0.17,4052.73,Normal,597.0,0.25,438.88,976.79,1,815.23,79,0,311.56,3460.6,Salario,1308.32,Ocio,Positivo,25.9,Bajo,2335.59,0,59.038574588977696,Saludable
2020-02-25,1372,3708.57,1471.64,0.26,2363.85,Normal,655.0,0.4,562.29,528.33,4,1562.48,72,0,278.15,1685.83,Mixto,1151.34,Salud,Neutral,56.7,Alto,2236.93,0,57.65112489951811,Saludable
2020-03-26,1672,3430.78,1850.13,0.23,3549.62,Inflación,695.0,0.26,630.27,105.93,8,2048.3,20,0,651.68,2442.16,Salario,891.75,Alimentacion,Negativo,20.8,Alto,1580.65,0,53.052447930835235,Estable
2020-04-25,1280,3986.88,2654.7,0.22,3285.38,Normal,689.0,0.26,564.72,726.66,2,1169.52,84,0,575.1,2640.91,Salario,1228.4,Vivienda,Negativo,49.4,Bajo,1332.18,0,55.90332821793704,Estable
2020-05-25,1524,4703.43,4581.72,0.31,3193.16,Normal,680.0,0.35,630.81,1288.24,4,1066.51,59,0,473.21,2219.56,Salario,1673.28,Servicios,Neutral,45.0,Medio,121.71,0,57.84768479344768,Saludable
2020-06-24,1831,4109.68,3691.78,0.38,2111.3,Inflación,597.0,0.51,512.01,644.16,7,1420.79,24,0,681.89,2373.5,Salario,1444.73,Servicios,Negativo,43.5,Alto,417.9,0,50.65608488987427,En observación
2020-07-24,1498,3713.28,2164.0,0.4,2578.97,Recesión,760.0,0.44,360.98,490.62,1,363.74,66,0,922.4,1814.41,Salario,1029.98,Ocio,Positivo,23.3,Bajo,1549.28,0,58.83610428604649,Saludable
2020-08-23,1383,4367.91,3580.67,0.27,3009.42,Recesión,700.0,0.17,757.07,936.11,3,795.62,49,0,260.15,3310.91,Salario,1540.8,Alimentacion,Neutral,60.6,Bajo,787.24,0,60.7898410819475,Saludable
2020-09-22,1336,5846.22,3218.23,0.32,3044.42,Normal,704.0,0.43,683.44,231.23,8,674.59,84,0,601.16,2431.02,Salario,785.27,Servicios,Negativo,35.5,Bajo,2627.99,0,51.44655199148339,En observación
2020-10-22,1161,4616.13,4008.41,0.12,2844.64,Normal,679.0,0.19,498.12,398.73,4,0.0,25,1,468.56,1866.65,Salario,1365.73,Transporte,Positivo,28.5,Alto,607.72,0,48.12889273490182,En observación
2020-11-21,1099,3147.63,2919.98,0.16,2467.59,Inflación,655.0,0.3,577.77,660.31,3,704.45,46,0,727.47,2541.13,Salario,916.59,Transporte,Neutral,9.7,Medio,227.65,0,47.58567779630917,En observación
2020-12-21,1020,3925.14,2896.9,0.38,2980.01,Normal,807.0,0.39,706.45,775.73,1,1389.52,37,0,315.38,2335.37,Salario,1774.67,Vivienda,Negativo,73.0,Medio,1028.24,0,59.80911537250981,Saludable
2021-01-20,1816,5516.76,2529.83,0.21,2215.5,Recesión,730.0,0.56,991.52,538.51,2,727.36,64,0,509.61,2339.71,Salario,1263.32,Transporte,Positivo,12.9,Bajo,2986.93,1,47.30157281918347,En observación
2021-02-19,1323,4442.21,4621.18,0.24,2742.87,Inflación,684.0,0.42,139.32,372.94,5,768.35,92,0,539.98,2285.56,Salario,300.0,Vivienda,Positivo,17.4,Bajo,0.0,0,49.653100145636536,En observación
2021-03-21,1355,3579.27,3737.79,0.17,2366.75,Normal,731.0,0.28,658.83,524.88,3,861.9,30,0,588.54,3133.75,Salario,1278.99,Inversiones,Positivo,43.9,Medio,0.0,0,47.45241345221572,En observación
2021-04-20,1805,2474.88,3324.07,0.16,2767.98,Normal,696.0,0.44,752.33,684.6,6,814.24,87,0,501.4,3600.13,Salario,1247.33,Alimentacion,Positivo,21.3,Medio,0.0,0,39.208163312632344,Crítico
2021-05-20,1192,2049.78,2352.66,0.35,3051.1,Inflación,655.0,0.23,456.42,465.79,5,1429.13,32,0,308.75,3726.68,Salario,1697.84,Salud,Positivo,0.6,Bajo,0.0,0,60.05723943232145,Saludable
2021-06-19,1163,3501.07,2589.24,0.31,2950.98,Normal,656.0,0.12,677.77,88.48,3,1859.19,38,0,725.98,2385.97,Salario,1541.38,Transporte,Positivo,10.9,Medio,911.83,0,62.919221759649204,Excelente
2021-07-19,1333,4599.99,3001.41,0.37,2848.76,Recesión,665.0,0.47,470.48,289.82,9,227.5,93,0,453.34,2357.19,Salario,893.38,Inversiones,Positivo,30.8,Bajo,1598.58,0,53.25713179245217,Estable
2021-08-18,1169,2990.93,2714.58,0.2,2042.97,Normal,684.0,0.17,561.79,598.51,8,221.72,84,0,684.88,2627.69,Independiente,999.33,Gastos_hormiga,Positivo,26.0,Bajo,276.35,0,52.594886071820596,Estable
2021-09-17,1741,4600.92,1713.88,0.24,3231.79,Normal,654.0,0.51,746.07,154.04,1,1294.22,69,0,527.33,1536.2,Independiente,1125.35,Vivienda,Neutral,27.4,Bajo,2887.04,0,50.43303964331464,En observación
2021-10-17,1021,4077.43,2765.5,0.14,2304.88,Normal,717.0,0.58,442.84,395.29,5,254.77,62,0,381.56,2243.0,Salario,1192.83,Otros,Positivo,64.3,Bajo,1311.93,0,38.59714812106393,Crítico
2021-11-16,1730,4482.92,2834.68,0.13,2120.53,Normal,720.0,0.25,437.04,386.36,6,1599.62,24,0,436.62,2649.77,Salario,1237.66,Salud,Negativo,26.6,Bajo,1648.24,0,51.38424631393109,En observación
2021-12-16,1582,3970.13,2110.35,0.06,2648.37,Normal,671.0,0.54,440.4,646.38,8,1064.93,34,0,216.74,2636.24,Salario,1398.31,Vivienda,Positivo,56.5,Medio,1859.78,0,40.39922342903707,En riesgo
2022-01-15,1888,3400.29,2324.12,0.15,3066.71,Inflación,713.0,0.51,503.49,214.81,7,534.89,74,1,476.33,2655.42,Salario,573.14,Vivienda,Positivo,13.4,Alto,1076.17,0,38.985874400659014,Crítico
2022-02-14,1538,3019.64,3008.0,0.19,2585.22,Recesión,701.0,0.13,565.46,231.14,1,1600.26,26,0,630.0,2303.98,Independiente,1485.58,Ocio,Negativo,99.5,Alto,11.64,0,53.55870783289907,Estable
2022-03-16,1580,2511.69,3208.66,0.11,3096.48,Normal,689.0,0.49,682.08,307.62,9,406.54,33,0,647.83,1497.29,Independiente,300.0,Vivienda,Neutral,40.5,Medio,0.0,0,32.8039417912403,Crítico
2022-04-15,1395,2747.93,3700.17,0.29,2585.77,Normal,641.0,0.54,608.09,240.11,1,2150.43,93,0,514.98,1912.63,Salario,1021.34,Gastos_hormiga,Positivo,2.1,Bajo,0.0,0,48.5138477482579,En observación
2022-05-15,1849,3239.67,3570.34,0.21,2562.68,Inflación,645.0,0.42,255.5,976.25,4,594.96,42,0,528.08,2350.71,Salario,1057.01,Vivienda,Neutral,58.5,Medio,0.0,0,48.56894269997715,En observación
2022-06-14,1732,4154.97,1125.06,0.34,2862.08,Recesión,664.0,0.56,394.0,638.03,7,1140.33,80,0,844.41,3038.61,Independiente,1524.79,Ocio,Neutral,79.5,Bajo,3029.91,1,55.45729814664699,Estable
2022-07-14,1787,3757.38,2898.81,0.09,2216.65,Normal,701.0,0.15,383.93,666.64,4,1024.38,38,0,767.68,1860.65,Independiente,1057.37,Otros,Neutral,69.4,Bajo,858.57,0,52.972915330541284,Estable
2022-08-13,1803,5842.25,2002.82,0.08,2721.32,Inflación,709.0,0.57,341.44,0.0,7,1072.42,55,0,363.81,1348.8,Salario,403.94,Vivienda,Neutral,70.2,Medio,3839.43,1,43.772841341267245,En riesgo
2022-09-12,1121,4226.28,3012.43,0.09,2664.69,Recesión,761.0,0.57,303.42,454.08,9,716.32,94,0,705.69,2348.36,Salario,602.84,Vivienda,Positivo,45.6,Bajo,1213.85,0,37.12283351272963,Crítico
2022-10-12,1751,4241.91,2455.22,0.4,2132.46,Inflación,700.0,0.58,419.5,370.62,5,2045.64,40,0,823.05,2871.61,Mixto,644.23,Educacion,Positivo,30.4,Bajo,1786.69,0,56.55105509499407,Estable
2022-11-11,1572,3360.59,2987.21,0.39,1992.49,Normal,678.0,0.5,495.91,291.6,4,1114.26,64,0,883.94,1833.94,Salario,1646.15,Gastos_hormiga,Negativo,87.0,Bajo,373.38,0,50.08278256825276,En observación
2022-12-11,1925,4397.2,3052.77,0.09,2611.9,Inflación,649.0,0.23,378.74,603.35,9,1277.87,80,0,648.2,2494.39,Salario,1128.63,Servicios,Neutral,12.1,Bajo,1344.43,0,50.16422311436187,En observación
2023-01-10,1277,4198.33,2684.49,0.16,2874.44,Inflación,712.0,0.21,478.66,695.56,9,1047.97,47,0,333.39,1839.38,Salario,1293.3,Salud,Neutral,78.0,Bajo,1513.84,0,56.53512731339742,Estable
2023-02-09,1643,3932.59,2636.22,0.23,2747.25,Inflación,768.0,0.58,226.21,0.0,7,1349.69,46,0,311.75,1811.79,Mixto,1135.94,Vivienda,Positivo,13.9,Bajo,1296.37,0,46.318984832314,En riesgo
2023-03-11,1428,2212.12,2869.52,0.19,2128.04,Inflación,648.0,0.35,522.04,351.64,6,1270.42,36,0,620.52,2492.22,Salario,1145.58,Ocio,Neutral,91.9,Medio,0.0,0,45.386738179479075,En riesgo
2023-04-10,1014,2414.64,2246.85,0.38,3611.74,Normal,789.0,0.27,292.08,320.72,7,1247.25,73,0,617.38,2025.78,Salario,1459.79,Alimentacion,Positivo,35.4,Bajo,167.79,0,60.579349853119545,Saludable
2023-05-10,1063,4214.54,3943.6,0.14,2091.56,Inflación,655.0,0.16,257.64,322.5,5,1318.14,60,0,296.48,2895.81,Salario,1293.01,Salud,Neutral,95.2,Medio,270.94,0,52.676515850309826,Estable
2023-06-09,1167,3715.42,2113.27,0.36,2840.06,Normal,654.0,0.42,476.82,482.24,3,271.78,55,0,333.01,2215.34,Salario,1254.66,Vivienda,Neutral,87.0,Bajo,1602.15,0,56.791371660041236,Estable
2023-07-09,1164,5136.31,1769.91,0.16,2880.24,Normal,664.0,0.19,534.33,566.83,2,1868.06,56,0,525.61,3150.4,Mixto,1501.18,Transporte,Positivo,26.5,Bajo,3366.4,1,64.69954297494604,Excelente
2023-08-08,1472,3962.23,3708.07,0.27,2791.84,Recesión,748.0,0.31,413.41,169.76,4,1330.26,94,0,569.85,1029.51,Salario,1290.04,Educacion,Positivo,76.3,Medio,254.16,0,55.333699154693214,Estable
2023-09-07,1397,4400.31,3471.66,0.08,2275.42,Normal,674.0,0.15,561.82,0.0,1,893.96,95,0,455.39,2141.02,Independiente,1631.4,Educacion,Neutral,59.0,Bajo,928.65,0,47.79016876547238,En observación
2023-10-07,1156,5580.52,3513.19,0.12,2823.33,Normal,680.0,0.54,494.01,444.44,9,405.32,81,0,465.79,1592.32,Independiente,783.34,Educacion,Positivo,37.6,Medio,2067.33,0,39.981861919852285,Crítico
2023-11-06,1925,4917.63,3581.68,0.24,3443.1,Normal,596.0,0.22,349.85,429.32,8,1504.53,95,0,134.81,2684.61,Salario,1184.63,Transporte,Negativo,55.8,Medio,1335.95,0,58.5928264730662,Saludable
2019-01-01,1599,1891.43,2912.34,0.27,2565.96,Recesión,699.0,0.15,489.13,477.14,2,1110.61,59,0,432.13,2626.89,Independiente,1393.5,Transporte,Neutral,71.5,Alto,0.0,0,56.67233723237433,Estable
2019-01-31,1958,5080.44,2690.79,0.4,2733.13,Inflación,628.0,0.59,656.59,712.86,3,1083.98,43,0,684.2,2351.38,Salario,647.99,Otros,Positivo,9.4,Alto,2389.65,0,56.047230346224794,Estable
2019-03-02,1870,3509.17,3512.01,0.16,2814.4,Recesión,614.0,0.36,301.77,1188.0,8,1561.23,37,0,934.37,2625.9,Salario,611.84,Ocio,Positivo,81.5,Medio,0.0,0,51.09555108843197,En observación
2019-04-01,1979,3011.78,3902.95,0.29,2872.22,Normal,727.0,0.16,851.09,0.0,6,1016.8,68,0,618.45,2346.71,Mixto,815.69,Transporte,Positivo,28.8,Alto,0.0,0,53.08233148672739,Estable
2019-05-01,1037,3766.66,2799.22,0.39,3287.03,Inflación,615.0,0.55,0.0,463.51,7,1237.53,70,0,475.05,2637.13,Salario,1206.94,Servicios,Positivo,80.0,Bajo,967.44,0,55.978253314779536,Estable
2019-05-31,1752,3889.28,1786.17,0.22,3815.38,Normal,698.0,0.44,211.15,285.15,2,774.85,42,0,597.04,2463.0,Independiente,855.74,Ocio,Positivo,63.4,Medio,2103.11,0,50.48845780848514,En observación
2019-06-30,1397,3129.53,3770.92,0.37,3665.33,Inflación,660.0,0.31,477.26,495.15,3,1722.78,44,0,457.83,1099.9,Salario,653.13,Vivienda,Neutral,72.5,Bajo,0.0,0,61.66108243385804,Saludable
2019-07-30,1930,3107.57,2485.88,0.06,3860.52,Inflación,703.0,0.56,549.96,578.18,9,1515.99,62,0,422.45,2259.41,Salario,923.48,Transporte,Negativo,75.7,Bajo,621.69,0,34.50444922960127,Crítico
2019-08-29,1154,4763.39,3122.35,0.19,2587.44,Normal,743.0,0.17,953.62,634.83,1,1558.32,85,1,398.32,2308.92,Salario,532.82,Salud,Positivo,18.8,Bajo,1641.04,0,61.09422355795285,Saludable
2019-09-28,1963,2648.79,1408.03,0.09,3518.22,Recesión,744.0,0.37,123.09,224.6,2,1017.48,27,0,287.86,1935.56,Salario,1148.49,Transporte,Positivo,4.9,Bajo,1240.76,0,47.47178011402116,En observación
2019-10-28,1447,4220.47,2406.9,0.26,2941.72,Inflación,657.0,0.33,448.69,371.29,6,188.69,28,0,719.01,1395.3,Salario,1593.72,Educacion,Neutral,64.7,Bajo,1813.57,0,52.737787886624034,Estable
2019-11-27,1075,3721.67,1965.74,0.33,3273.66,Normal,699.0,0.29,499.24,460.01,2,1018.89,72,0,0.0,2589.51,Salario,1339.14,Otros,Positivo,71.2,Bajo,1755.93,0,64.06418305005153,Excelente
2019-12-27,1674,3551.42,3519.52,0.3,2156.62,Normal,748.0,0.29,668.47,375.38,3,776.38,48,0,1155.77,1723.52,Salario,1676.37,Educacion,Neutral,66.3,Bajo,31.9,0,50.99143978826403,En observación
2020-01-26,1310,3432.58,3031.3,0.24,3192.88,Recesión,700.0,0.22,430.84,621.29,9,1606.24,23,0,876.67,2509.0,Salario,880.24,Alimentacion,Positivo,79.3,Bajo,401.28,0,57.10411892776026,Estable
2020-02-25,1201,3899.34,4108.62,0.3,1966.21,Normal,664.0,0.37,1064.1,460.52,1,1499.38,69,0,598.49,2541.93,Salario,330.13,Gastos_hormiga,Neutral,67.9,Medio,0.0,0,51.130118498405274,En observación
2020-03-26,1900,3808.43,2154.2,0.1,2060.09,Normal,629.0,0.6,320.04,127.57,3,1041.29,25,0,556.85,2918.28,Salario,762.66,Transporte,Positivo,68.1,Alto,1654.23,0,36.46407169585326,Crítico
2020-04-25,1953,2461.78,1372.67,0.3,3114.1,Recesión,763.0,0.44,557.48,718.62,4,1333.9,54,0,369.41,2034.16,Salario,1558.73,Servicios,Negativo,4.2,Bajo,1089.11,0,54.055386403724974,Estable
2020-05-25,1252,4358.15,1107.05,0.08,1901.55,Inflación,664.0,0.37,696.93,427.17,9,1076.16,93,0,566.45,2941.9,Salario,1520.21,Vivienda,Positivo,42.1,Bajo,3251.1,1,47.436844324147074,En observación
2020-06-24,1218,2127.13,1598.77,0.36,2838.25,Normal,606.0,0.21,503.83,388.14,5,1357.34,66,0,734.39,1765.98,Salario,1334.1,Transporte,Positivo,5.2,Bajo,528.36,0,63.39117024714912,Excelente
2020-07-24,1081,4446.81,3056.6,0.05,3764.88,Inflación,660.0,0.22,321.73,308.04,6,1459.97,31,0,393.67,2393.44,Salario,1608.21,Alimentacion,Positivo,94.5,Alto,1390.21,0,48.512918980276936,En observación
2020-08-23,1511,4999.71,2924.79,0.14,1617.47,Normal,735.0,0.34,664.56,217.69,3,2015.76,28,0,346.9,2016.75,Salario,1117.56,Gastos_hormiga,Positivo,44.9,Medio,2074.92,1,53.48384594537144,Estable
2020-09-22,1280,2753.5,2620.0,0.29,2848.18,Normal,628.0,0.36,599.85,513.21,9,1817.19,28,0,648.35,2190.87,Independiente,1151.16,Ocio,Negativo,73.7,Bajo,133.5,0,52.15235811905262,En observación
2020-10-22,1828,3422.1,3495.46,0.33,2732.69,Normal,650.0,0.44,326.95,335.2,4,1129.31,70,0,440.98,2810.62,Salario,1327.58,Gastos_hormiga,Positivo,27.2,Bajo,0.0,0,52.624972537707926,Estable
2020-11-21,1279,3275.27,2176.56,0.19,2770.52,Recesión,669.0,0.19,625.24,422.67,4,1227.66,78,0,326.46,1762.62,Salario,1008.79,Otros,Negativo,55.5,Bajo,1098.71,0,56.6128083752651,Estable
2020-12-21,1288,4834.54,2349.78,0.17,3351.42,Normal,633.0,0.4,240.92,303.21,8,892.29,44,0,446.5,1440.51,Salario,804.26,Transporte,Negativo,24.4,Bajo,2484.76,0,50.36002234855083,En observación
2021-01-20,1919,1172.52,2783.72,0.33,2399.12,Normal,683.0,0.57,440.02,243.7,2,1840.21,77,0,342.06,1342.27,Independiente,2262.64,Alimentacion,Neutral,49.2,Medio,0.0,0,46.03773900898913,En riesgo
2021-02-19,1332,4195.37,1174.41,0.16,2979.51,Normal,639.0,0.51,642.16,523.33,3,1549.86,69,0,468.61,1545.4,Independiente,1704.67,Vivienda,Positivo,1.5,Medio,3020.96,1,51.897023545061174,En observación
2021-03-21,1510,6429.44,4014.06,0.29,2286.01,Normal,743.0,0.46,441.69,71.33,1,7.62,51,0,136.72,1790.42,Salario,811.36,Transporte,Positivo,41.4,Bajo,2415.38,1,53.884144053840814,Estable
2021-04-20,1890,4433.49,3215.15,0.18,1791.71,Recesión,717.0,0.58,501.06,972.17,5,1240.81,84,0,956.16,1757.93,Mixto,1076.14,Servicios,Positivo,31.2,Bajo,1218.34,0,44.49418133742086,En riesgo
2021-05-20,1846,4486.17,5136.07,0.34,2876.22,Normal,693.0,0.54,549.95,238.33,5,278.78,85,0,494.15,2084.99,Salario,632.41,Salud,Positivo,2.5,Bajo,0.0,0,45.31444844919129,En riesgo
2021-06-19,1371,3570.72,3579.36,0.34,3143.54,Inflación,757.0,0.13,497.05,652.28,6,2139.66,24,0,670.55,2347.54,Salario,1185.05,Servicios,Positivo,21.4,Medio,0.0,0,67.04229420122458,Excelente
2021-07-19,1147,3350.17,2928.87,0.11,3896.14,Recesión,668.0,0.53,439.65,190.19,3,577.15,81,0,694.9,1749.04,Salario,646.77,Inversiones,Neutral,63.6,Bajo,421.3,0,35.25948149355327,Crítico
2021-08-18,1305,3089.53,3912.42,0.34,2892.15,Normal,656.0,0.3,627.05,389.76,9,412.15,84,0,554.73,2726.64,Independiente,1562.75,Vivienda,Positivo,13.8,Bajo,0.0,0,51.101367388720945,En observación
2021-09-17,1805,4401.94,3683.42,0.21,3038.19,Normal,713.0,0.27,269.95,1027.34,4,1082.75,46,0,700.87,2832.69,Independiente,1234.42,Salud,Positivo,86.6,Medio,718.52,0,56.99227625998086,Estable
2021-10-17,1059,4266.04,2042.77,0.3,2658.01,Inflación,622.0,0.47,567.15,155.05,8,1067.29,63,0,602.65,2721.13,Independiente,2251.2,Alimentacion,Neutral,61.6,Medio,2223.27,0,48.16278749581761,En observación
2021-11-16,1955,5248.76,2266.01,0.08,2266.74,Normal,691.0,0.5,637.88,459.92,6,778.23,36,0,404.26,1748.15,Salario,1252.64,Alimentacion,Positivo,42.8,Medio,2982.75,1,44.17672775381037,En riesgo
2021-12-16,1776,5221.41,3665.15,0.38,2437.89,Normal,649.0,0.13,628.21,569.76,9,1249.18,74,0,526.72,2279.8,Salario,803.89,Transporte,Positivo,78.8,Alto,1556.26,0,68.06820292390641,Excelente
2022-01-15,1597,4048.72,3784.15,0.22,2530.6,Normal,603.0,0.59,339.36,253.85,7,0.0,87,0,270.61,2067.6,Independiente,1306.2,Salud,Negativo,51.7,Medio,264.57,0,36.31927443304939,Crítico
2022-02-14,1473,4040.51,2627.91,0.23,3206.36,Normal,726.0,0.47,416.88,301.03,6,746.66,32,0,261.78,1761.81,Salario,2360.49,Inversiones,Neutral,75.1,Alto,1412.6,0,45.909403725481155,En riesgo
2022-03-16,1831,3964.65,2923.91,0.29,3017.87,Recesión,820.0,0.53,411.63,179.44,7,1573.37,96,0,556.89,1576.52,Mixto,1707.71,Vivienda,Positivo,80.6,Medio,1040.74,0,49.20215209528399,En observación
2022-04-15,1899,5559.93,4185.59,0.24,2952.09,Normal,644.0,0.53,564.79,646.17,8,1212.1,83,0,875.29,3885.25,Salario,912.66,Transporte,Positivo,89.7,Alto,1374.34,0,43.58477149452099,En riesgo
2022-05-15,1570,3394.48,2227.33,0.38,3560.53,Normal,661.0,0.47,446.25,196.18,8,911.22,51,0,333.02,2103.58,Salario,755.62,Inversiones,Neutral,48.8,Alto,1167.15,0,53.15994998790836,Estable
2022-06-14,1826,2052.7,1888.35,0.25,1898.91,Normal,656.0,0.27,70.73,770.67,6,33.74,90,0,519.04,1908.68,Salario,965.66,Educacion,Positivo,15.1,Medio,164.35,0,56.53955101028343,Estable
2022-07-14,1484,3812.68,2777.01,0.37,1808.35,Normal,708.0,0.25,419.17,531.29,1,984.48,33,0,711.01,2347.32,Mixto,1152.65,Alimentacion,Neutral,23.7,Medio,1035.67,0,62.80072263098732,Excelente
2022-08-13,1154,2949.03,2416.23,0.17,1932.28,Normal,664.0,0.46,656.97,351.19,8,1023.27,49,0,628.23,2801.16,Salario,1641.57,Alimentacion,Negativo,70.6,Medio,532.8,0,38.506872336235816,Crítico
2022-09-12,1338,4814.9,4007.09,0.25,2679.18,Normal,554.0,0.41,337.23,358.33,3,579.73,32,0,486.58,2061.25,Salario,359.29,Inversiones,Positivo,52.7,Alto,807.81,0,50.67169295832422,En observación
2022-10-12,1027,3291.11,3327.54,0.15,2957.58,Normal,674.0,0.55,368.21,786.48,9,1434.91,66,0,442.54,2909.5,Salario,1015.46,Vivienda,Positivo,27.5,Alto,0.0,0,40.79420960528633,En riesgo
2022-11-11,1864,5261.41,2880.23,0.06,3180.42,Recesión,571.0,0.15,0.0,366.4,3,902.25,75,0,509.47,1672.65,Salario,1666.5,Educacion,Neutral,70.9,Bajo,2381.18,0,55.580639741948545,Estable
2022-12-11,1389,4529.38,4001.78,0.25,3568.74,Recesión,657.0,0.44,491.76,294.75,4,364.74,41,0,439.57,1458.89,Salario,1070.32,Transporte,Positivo,42.7,Bajo,527.6,0,47.850611876440375,En observación
2023-01-10,1583,5606.25,3395.15,0.35,2878.46,Recesión,666.0,0.11,571.38,601.51,9,570.19,54,0,884.29,1612.32,Salario,690.7,Inversiones,Negativo,83.2,Bajo,2211.1,0,65.74095294605266,Excelente
2023-02-09,1039,4274.42,2488.32,0.14,3345.62,Normal,545.0,0.58,373.1,320.55,7,1143.49,92,0,888.8,2699.16,Salario,645.61,Educacion,Positivo,0.3,Alto,1786.1,0,38.79882815200337,Crítico
2023-03-11,1782,2718.7,3333.79,0.21,3635.04,Normal,708.0,0.38,867.41,606.57,4,819.28,23,0,121.73,3399.29,Independiente,1578.59,Alimentacion,Neutral,19.8,Alto,0.0,0,42.78619338846728,En riesgo
2023-04-10,1262,3264.93,3252.85,0.16,1862.55,Inflación,600.0,0.45,695.42,383.75,8,1171.39,36,0,217.68,2895.48,Salario,449.42,Otros,Positivo,73.8,Medio,12.08,0,42.49531381849907,En riesgo
2023-05-10,1848,4257.1,3707.37,0.19,3599.7,Recesión,781.0,0.15,238.54,463.41,5,1457.34,83,0,341.25,1663.98,Salario,1253.04,Inversiones,Positivo,6.8,Medio,549.73,0,60.08057415498738,Saludable
2023-06-09,1516,3319.65,3477.78,0.24,2981.45,Normal,743.0,0.32,374.91,94.32,4,0.0,88,0,491.15,1967.68,Salario,1414.09,Salud,Negativo,33.8,Bajo,0.0,0,45.39692444619308,En riesgo
2023-07-09,1232,4921.25,2742.33,0.31,2781.88,Inflación,598.0,0.19,84.26,488.71,1,1688.49,33,0,770.71,2036.08,Independiente,1462.89,Salud,Positivo,15.6,Bajo,2178.92,0,69.13990370211403,Excelente
2023-08-08,1197,4446.87,2686.4,0.34,3118.84,Inflación,786.0,0.2,490.29,784.74,3,1199.88,33,0,435.65,2935.56,Salario,1210.08,Ocio,Neutral,74.1,Bajo,1760.47,0,67.32949233099046,Excelente
2023-09-07,1422,2833.25,3489.9,0.31,3128.3,Inflación,690.0,0.48,408.9,679.71,7,1639.78,83,0,395.02,1815.19,Independiente,1125.18,Servicios,Positivo,90.8,Bajo,0.0,0,52.68965893424028,Estable
2023-10-07,1552,3620.95,1901.57,0.1,1999.31,Recesión,667.0,0.19,282.26,524.59,4,813.78,89,0,587.22,2528.4,Independiente,1966.71,Otros,Neutral,60.4,Bajo,1719.38,0,51.74049958075021,En observación
2023-11-06,1865,3535.77,3728.75,0.38,3244.4,Inflación,692.0,0.2,568.17,727.25,4,784.2,82,0,223.32,2538.45,Salario,1466.76,Alimentacion,Positivo,34.9,Bajo,0.0,0,64.39192918714048,Excelente
2019-01-01,1173,6160.82,2177.59,0.38,2551.22,Inflación,654.0,0.41,519.04,283.93,3,1178.22,92,0,522.14,1888.79,Salario,1668.33,Alimentacion,Positivo,47.5,Alto,3983.23,1,64.60673032383542,Excelente
2019-01-31,1020,4298.5,3221.17,0.38,2354.88,Inflación,673.0,0.23,414.92,534.78,3,1888.48,66,0,779.58,2321.76,Salario,1846.04,Otros,Positivo,58.8,Alto,1077.33,0,65.77420501987835,Excelente
2019-03-02,1047,3702.54,1112.14,0.31,2001.96,Normal,774.0,0.23,292.23,468.97,1,439.36,55,0,721.98,3233.37,Salario,1775.24,Inversiones,Positivo,44.3,Bajo,2590.4,1,64.29726748598453,Excelente
2019-04-01,1789,3975.15,2748.29,0.11,3153.14,Inflación,687.0,0.12,576.52,393.72,9,1456.48,92,0,686.99,1533.61,Salario,1403.79,Otros,Positivo,77.3,Medio,1226.86,0,54.32990256815076,Estable
2019-05-01,1846,3529.85,4021.32,0.24,2424.83,Inflación,660.0,0.33,455.82,25.1,8,1723.19,73,0,583.51,2979.87,Independiente,1294.76,Servicios,Positivo,37.0,Bajo,0.0,0,48.60439421622543,En observación
2019-05-31,1042,3641.88,3267.77,0.05,2862.18,Inflación,688.0,0.33,379.18,354.98,4,809.5,85,0,350.23,1851.59,Salario,701.31,Educacion,Neutral,98.9,Medio,374.11,0,42.86766112102168,En riesgo
2019-06-30,1394,2544.3,4214.66,0.16,3077.87,Recesión,744.0,0.33,508.4,673.79,1,1584.47,68,0,416.13,2600.53,Salario,1034.32,Educacion,Positivo,32.6,Alto,0.0,0,47.63469139786502,En observación
2019-07-30,1406,4907.74,4052.07,0.16,3173.14,Normal,601.0,0.53,527.73,490.53,6,0.0,80,0,306.43,3244.13,Mixto,937.35,Ocio,Positivo,12.8,Bajo,855.67,0,39.305079915996465,Crítico
2019-08-29,1404,2405.42,4386.39,0.32,4144.82,Recesión,770.0,0.42,322.36,102.27,3,1025.73,25,0,339.88,2002.05,Salario,1430.42,Vivienda,Neutral,6.2,Medio,0.0,0,46.29093327489519,En riesgo
2019-09-28,1886,5234.17,3556.83,0.15,3054.28,Normal,665.0,0.39,419.42,206.82,5,2140.65,66,0,686.73,1188.17,Salario,817.47,Otros,Positivo,20.5,Bajo,1677.34,0,51.94593234512187,En observación
2019-10-28,1466,4775.91,4227.82,0.16,3301.0,Normal,601.0,0.15,456.07,299.99,5,435.04,56,0,120.68,2814.52,Independiente,1328.93,Salud,Positivo,31.4,Bajo,548.09,0,53.356564500570535,Estable
2019-11-27,1650,3256.31,4113.42,0.31,2881.28,Inflación,665.0,0.58,137.77,334.65,9,1370.47,37,0,341.89,2869.74,Mixto,1251.95,Transporte,Negativo,2.9,Alto,0.0,0,43.1217461727823,En riesgo
2019-12-27,1978,3409.21,2482.21,0.13,3487.54,Normal,654.0,0.11,491.2,705.43,2,1561.27,57,0,310.48,1795.41,Independiente,1166.45,Educacion,Positivo,24.3,Medio,927.0,0,60.445461991328884,Saludable
2020-01-26,1318,3417.45,2612.92,0.4,3335.81,Normal,643.0,0.19,612.08,220.03,7,674.17,52,0,1073.03,1534.53,Salario,1811.29,Ocio,Positivo,24.3,Medio,804.53,0,60.08410924549405,Saludable
2020-02-25,1570,2004.74,3413.53,0.05,2787.08,Normal,738.0,0.38,729.66,287.77,2,622.79,58,0,350.94,2271.55,Salario,1133.48,Servicios,Neutral,47.3,Alto,0.0,0,33.62755034026142,Crítico
2020-03-26,1345,4233.57,2846.38,0.38,3135.34,Normal,615.0,0.32,426.01,955.54,4,816.89,88,0,650.56,2943.68,Salario,1095.21,Servicios,Negativo,19.4,Medio,1387.19,0,61.79268409195556,Saludable
2020-04-25,1818,4226.7,2268.11,0.22,2727.01,Inflación,605.0,0.2,562.99,224.12,9,1790.08,54,0,556.18,3032.39,Mixto,1397.43,Servicios,Negativo,38.0,Bajo,1958.59,0,56.494467309400584,Estable
2020-05-25,1459,6190.28,3125.66,0.22,2272.3,Normal,677.0,0.22,459.49,653.92,1,1830.59,98,0,490.83,2738.41,Independiente,971.23,Salud,Positivo,41.5,Bajo,3064.62,1,66.66989411624623,Excelente
2020-06-24,1449,2401.46,2888.16,0.35,2382.64,Normal,745.0,0.23,684.14,105.03,9,1731.16,52,1,513.74,1439.96,Salario,1580.41,Educacion,Positivo,76.1,Bajo,0.0,0,59.047357665855486,Saludable
2020-07-24,1581,5302.86,3549.05,0.32,3035.51,Normal,650.0,0.22,774.29,45.19,9,954.31,90,0,91.94,2842.66,Salario,2227.2,Servicios,Positivo,50.3,Bajo,1753.81,0,58.14263723512227,Saludable
2020-08-23,1544,1850.88,1967.28,0.37,2701.57,Inflación,677.0,0.48,267.7,424.46,8,1471.79,34,0,210.36,2398.98,Independiente,978.4,Servicios,Positivo,7.6,Bajo,0.0,0,55.58604733343617,Estable
2020-09-22,1727,1358.55,2365.86,0.34,3088.37,Recesión,746.0,0.2,637.49,305.35,7,156.09,28,0,469.6,1509.22,Salario,1164.47,Servicios,Neutral,58.6,Bajo,0.0,0,54.60257088936843,Estable
2020-10-22,1312,4395.93,3657.93,0.35,2922.25,Inflación,722.0,0.52,812.37,256.77,7,436.64,46,0,485.31,2115.45,Mixto,1046.93,Otros,Neutral,78.2,Bajo,738.0,0,46.9698127235356,En observación
2020-11-21,1158,5389.36,4085.6,0.33,3435.46,Normal,596.0,0.17,517.32,726.77,8,0.0,67,0,532.95,2162.79,Independiente,1635.44,Transporte,Neutral,71.4,Bajo,1303.76,0,61.00900125266825,Saludable
2020-12-21,1452,2678.07,3800.43,0.2,2237.88,Normal,676.0,0.27,577.38,286.67,3,1306.62,64,0,820.85,3015.31,Salario,1304.11,Otros,Positivo,81.0,Medio,0.0,0,47.40769798843426,En observación
2021-01-20,1736,5284.93,4356.18,0.12,2687.59,Normal,637.0,0.27,571.41,146.92,6,1608.74,96,0,399.8,2329.55,Independiente,1068.35,Inversiones,Positivo,8.2,Alto,928.75,0,47.83986563011892,En observación
2021-02-19,1674,3998.83,3546.31,0.14,1175.57,Recesión,647.0,0.21,600.0,570.29,8,1024.21,27,0,642.78,1633.35,Mixto,989.1,Alimentacion,Positivo,32.2,Medio,452.52,0,50.388408102149164,En observación
2021-03-21,1245,4066.0,3376.66,0.14,2711.57,Normal,665.0,0.4,394.57,104.21,8,1177.74,51,0,338.2,2584.37,Salario,627.25,Gastos_hormiga,Neutral,33.1,Alto,689.34,0,43.04357971169207,En riesgo
2021-04-20,1863,2318.45,3228.69,0.21,2082.23,Normal,653.0,0.17,256.51,624.72,5,855.91,32,0,702.33,2617.33,Independiente,1204.39,Gastos_hormiga,Positivo,12.5,Medio,0.0,0,54.74112553096435,Estable
2021-05-20,1840,4637.24,2556.45,0.33,3080.45,Normal,620.0,0.17,560.37,385.03,4,835.79,31,0,522.51,1738.23,Salario,946.59,Ocio,Negativo,75.4,Bajo,2080.79,0,64.95575749398122,Excelente
2021-06-19,1580,3826.08,3000.03,0.37,3665.75,Normal,724.0,0.53,435.31,433.2,1,1791.71,63,0,482.85,1147.55,Mixto,1521.49,Gastos_hormiga,Neutral,1.2,Bajo,826.05,0,56.39442742462313,Estable
2021-07-19,1272,2261.97,3107.77,0.28,3460.36,Normal,638.0,0.4,495.46,660.24,1,1746.74,73,0,878.43,2814.66,Salario,928.46,Educacion,Positivo,23.6,Bajo,0.0,0,51.68945877920135,En observación
2021-08-18,1024,3257.44,3272.5,0.23,3237.4,Recesión,710.0,0.24,436.38,357.13,5,970.36,74,0,289.98,1790.8,Salario,1406.68,Otros,Positivo,95.2,Medio,0.0,0,54.4255273310435,Estable
2021-09-17,1043,3802.14,3100.35,0.19,2908.44,Recesión,708.0,0.11,738.5,429.62,3,1209.07,42,0,348.63,1936.03,Salario,1297.28,Gastos_hormiga,Positivo,69.2,Alto,701.79,0,58.49425696110281,Saludable
2021-10-17,1890,3937.79,4417.86,0.35,2723.54,Normal,547.0,0.53,313.01,551.84,6,1468.52,75,0,580.09,2247.93,Salario,1660.24,Otros,Positivo,62.1,Bajo,0.0,0,51.41284909374604,En observación
2021-11-16,1042,3741.08,3457.88,0.31,3756.28,Normal,631.0,0.53,304.41,689.79,7,1674.05,57,0,721.31,2571.93,Salario,769.94,Alimentacion,Positivo,14.6,Bajo,283.2,0,51.307682535087686,En observación
2021-12-16,1963,3897.4,3103.26,0.28,2516.28,Inflación,689.0,0.54,731.69,174.12,9,1325.74,33,0,202.25,3092.51,Salario,1382.64,Alimentacion,Positivo,18.6,Bajo,794.14,0,45.292729130398875,En riesgo
2022-01-15,1968,3464.86,3484.6,0.19,3205.74,Normal,667.0,0.23,236.69,332.75,3,1285.67,48,0,477.9,2175.25,Salario,1112.12,Servicios,Negativo,73.2,Alto,0.0,0,51.72651947050847,En observación
2022-02-14,1899,2432.9,3479.84,0.34,2906.75,Normal,655.0,0.28,281.38,215.94,6,1921.07,65,0,245.92,2505.32,Salario,1213.33,Gastos_hormiga,Positivo,22.6,Bajo,0.0,0,59.66121562985376,Saludable
2022-03-16,1076,2408.45,3925.75,0.22,2359.19,Inflación,631.0,0.13,529.17,596.36,9,1366.44,52,0,646.61,2148.69,Salario,1968.44,Transporte,Positivo,14.0,Bajo,0.0,0,54.928249548755986,Estable
2022-04-15,1802,3230.35,3510.42,0.39,2900.92,Inflación,730.0,0.23,187.8,457.65,3,1363.95,99,0,619.8,3747.03,Salario,1518.64,Inversiones,Positivo,0.5,Alto,0.0,0,61.986731540499214,Saludable
2022-05-15,1835,2929.09,4223.08,0.19,2222.45,Normal,695.0,0.57,408.24,478.22,5,735.06,82,0,499.56,1763.02,Independiente,420.21,Otros,Positivo,35.4,Bajo,0.0,0,39.95931218297494,Crítico
2022-06-14,1616,5506.03,3462.52,0.19,3493.09,Normal,628.0,0.48,467.15,715.88,1,624.59,99,0,581.59,2217.91,Salario,1586.78,Otros,Negativo,14.0,Bajo,2043.51,0,47.22040313998384,En observación
2022-07-14,1594,3039.13,3242.61,0.14,2722.67,Normal,694.0,0.38,684.11,469.24,6,1124.47,20,0,978.5,1148.41,Salario,1801.38,Alimentacion,Positivo,61.0,Bajo,0.0,0,42.33518503829389,En riesgo
2022-08-13,1812,4447.19,3332.54,0.27,3204.24,Inflación,700.0,0.56,454.22,114.05,1,479.52,79,0,444.38,2825.77,Salario,834.39,Otros,Negativo,78.7,Medio,1114.65,0,42.55102160825978,En riesgo
2022-09-12,1404,3436.35,3471.92,0.14,2674.16,Normal,668.0,0.25,355.3,363.18,7,687.46,77,0,507.33,3301.4,Salario,1472.01,Otros,Negativo,97.2,Bajo,0.0,0,44.65026644623789,En riesgo
2022-10-12,1654,4709.47,3255.54,0.22,2715.4,Normal,736.0,0.42,529.29,309.68,9,933.11,53,0,151.66,1870.61,Mixto,829.45,Alimentacion,Positivo,9.8,Bajo,1453.93,0,50.98888834339105,En observación
2022-11-11,1449,5146.83,3076.56,0.27,2449.43,Recesión,624.0,0.29,701.73,574.23,3,1481.68,75,0,465.31,1259.02,Salario,1549.63,Transporte,Negativo,49.2,Bajo,2070.27,0,59.35854210140387,Saludable
2022-12-11,1258,5989.19,2687.49,0.3,3194.39,Normal,611.0,0.12,223.1,504.72,2,457.28,44,0,660.01,1630.53,Salario,717.67,Otros,Positivo,39.7,Medio,3301.7,1,72.39569087784018,Excelente
2023-01-10,1425,3570.91,3990.86,0.28,2738.91,Inflación,659.0,0.44,455.32,632.74,8,975.57,59,0,453.96,3183.33,Salario,841.4,Gastos_hormiga,Negativo,4.2,Bajo,0.0,0,47.29202990897737,En observación
2023-02-09,1153,4090.67,2894.02,0.34,2781.05,Recesión,706.0,0.49,469.22,362.57,5,1927.09,26,0,310.06,2675.79,Salario,1659.98,Otros,Positivo,17.2,Alto,1196.65,0,55.29325339635021,Estable
2023-03-11,1495,4902.38,2061.59,0.33,2456.22,Normal,670.0,0.18,764.97,778.64,3,144.86,20,0,284.91,3094.83,Independiente,1657.5,Ocio,Neutral,27.2,Medio,2840.79,1,65.88902335909498,Excelente
2023-04-10,1597,4488.76,4040.96,0.27,2510.6,Normal,734.0,0.5,649.05,498.5,8,571.17,66,1,492.93,2350.71,Salario,1135.49,Otros,Positivo,39.4,Medio,447.8,0,44.79650890707262,En riesgo
2023-05-10,1668,3391.57,3461.23,0.36,1957.95,Recesión,673.0,0.26,792.47,404.69,7,1406.8,26,1,244.88,1518.37,Mixto,1596.55,Educacion,Negativo,21.4,Bajo,0.0,0,58.874885809017144,Saludable
2023-06-09,1868,5455.2,2106.54,0.34,2359.56,Recesión,682.0,0.2,820.72,372.95,1,1072.89,25,0,917.6,2009.81,Salario,1433.9,Transporte,Neutral,80.5,Medio,3348.66,1,66.07078489439395,Excelente
2023-07-09,1665,3671.09,2923.05,0.08,2535.11,Normal,682.0,0.38,831.75,696.62,6,1679.63,22,0,571.75,2932.55,Salario,1680.64,Educacion,Positivo,9.4,Bajo,748.04,0,43.62342060349976,En riesgo
2023-08-08,1511,4197.88,4018.05,0.19,3251.07,Normal,755.0,0.24,644.13,328.59,5,927.69,87,0,752.76,1726.36,Salario,866.47,Educacion,Neutral,26.5,Bajo,179.83,0,49.88879422494217,En observación
2023-09-07,1741,5114.97,2758.99,0.21,2332.99,Normal,669.0,0.42,373.82,662.39,2,700.11,94,0,720.78,1994.66,Salario,1284.1,Transporte,Positivo,66.7,Alto,2355.98,1,53.566334530623344,Estable
2023-10-07,1837,2693.57,3726.2,0.2,2782.88,Recesión,789.0,0.35,614.37,682.18,6,880.4,46,0,573.96,1762.68,Salario,740.56,Ocio,Positivo,66.2,Alto,0.0,0,47.20919883271155,En observación
2023-11-06,1784,4705.75,3407.7,0.14,3156.19,Inflación,515.0,0.24,598.24,191.9,2,1033.55,26,0,213.2,1526.11,Salario,879.13,Vivienda,Neutral,36.6,Alto,1298.05,0,52.16272950267401,En observación
2019-01-01,1310,2957.68,3047.28,0.23,3158.17,Normal,712.0,0.33,454.62,222.19,2,729.34,38,0,680.62,3148.5,Independiente,1761.49,Transporte,Negativo,27.7,Medio,0.0,0,44.13266757196431,En riesgo
2019-01-31,1611,4443.78,3417.91,0.27,2814.65,Inflación,625.0,0.38,934.69,624.31,4,1552.85,77,0,729.66,2436.83,Salario,1250.63,Vivienda,Negativo,27.1,Bajo,1025.87,0,51.38223915840882,En observación
2019-03-02,1601,4779.42,2656.18,0.24,2527.14,Normal,675.0,0.32,290.78,617.21,3,1611.5,42,0,274.69,1000.0,Salario,589.4,Salud,Neutral,80.7,Bajo,2123.24,0,63.34534633705602,Excelente
2019-04-01,1023,3229.96,3132.34,0.12,2598.28,Recesión,619.0,0.2,446.65,163.61,7,1339.18,41,0,701.24,2553.28,Salario,947.93,Inversiones,Negativo,26.1,Bajo,97.62,0,46.82906876600439,En observación
2019-05-01,1408,4747.29,5042.29,0.14,2273.57,Inflación,611.0,0.53,153.6,309.83,7,1025.65,52,0,351.01,1000.0,Salario,1352.91,Vivienda,Positivo,69.9,Medio,0.0,0,40.05750961981135,Crítico
2019-05-31,1524,4396.98,2730.88,0.07,2800.15,Inflación,641.0,0.6,491.36,0.0,6,1504.6,82,0,348.39,3055.35,Salario,1096.73,Educacion,Positivo,71.9,Alto,1666.1,0,34.53800317475853,Crítico
2019-06-30,1232,2786.48,2067.02,0.06,2778.54,Normal,624.0,0.32,479.45,517.59,1,1295.81,21,0,519.19,2192.86,Salario,1276.32,Vivienda,Positivo,81.7,Medio,719.46,0,46.33974271384178,En riesgo
2019-07-30,1226,5357.38,3129.44,0.21,2622.25,Normal,685.0,0.35,691.03,378.35,5,1546.13,89,0,158.51,1000.0,Independiente,1285.23,Ocio,Positivo,14.8,Alto,2227.94,0,55.823492355093464,Estable
2019-08-29,1289,4172.06,2504.38,0.1,3495.42,Normal,645.0,0.47,394.86,373.81,9,1349.96,68,0,731.41,1702.44,Salario,999.5,Alimentacion,Neutral,95.5,Medio,1667.68,0,41.57010257855414,En riesgo
2019-09-28,1442,2153.93,2102.76,0.23,3403.05,Normal,711.0,0.43,639.59,727.82,9,1049.85,74,0,271.3,2687.07,Independiente,1178.43,Gastos_hormiga,Negativo,35.4,Alto,51.17,0,44.45890689990946,En riesgo
2019-10-28,1294,2911.8,3514.78,0.17,2727.75,Inflación,667.0,0.37,245.39,327.63,2,1639.53,71,0,699.62,1817.3,Salario,1324.8,Ocio,Negativo,88.5,Bajo,0.0,0,46.45969111786919,En riesgo
2019-11-27,1892,4372.83,4567.62,0.24,2492.97,Normal,722.0,0.32,467.93,190.73,1,1349.67,64,0,861.98,2183.74,Independiente,1585.41,Vivienda,Positivo,99.3,Bajo,0.0,0,49.90694584643242,En observación
2019-12-27,1350,5147.14,4477.98,0.38,3459.09,Normal,584.0,0.58,229.5,685.28,7,783.34,90,0,561.94,2149.51,Salario,1778.79,Salud,Positivo,59.1,Alto,669.16,0,51.04556275422483,En observación
2020-01-26,1168,4074.14,2901.58,0.34,3393.59,Recesión,588.0,0.51,369.34,201.66,9,477.53,55,0,271.68,3001.95,Salario,1006.58,Inversiones,Neutral,76.9,Bajo,1172.56,0,48.61859060174374,En observación
2020-02-25,1327,4822.96,3197.11,0.08,2918.12,Normal,716.0,0.43,347.64,441.85,1,1258.67,75,0,753.5,1761.88,Salario,1638.63,Servicios,Positivo,34.5,Bajo,1625.85,0,44.98337236753654,En riesgo
2020-03-26,1152,3925.88,2459.81,0.36,3537.37,Recesión,698.0,0.44,721.88,384.95,4,838.73,76,0,170.36,1062.95,Salario,1004.05,Alimentacion,Positivo,36.3,Bajo,1466.07,0,58.235107955722306,Saludable
2020-04-25,1215,4702.36,1359.84,0.24,2764.38,Normal,672.0,0.21,582.83,374.05,1,965.94,63,0,534.94,2079.3,Salario,891.36,Gastos_hormiga,Positivo,97.0,Medio,3342.52,1,65.62734528616062,Excelente
2020-05-25,1127,5677.78,3404.97,0.38,2677.7,Inflación,663.0,0.3,300.58,168.99,9,977.87,68,0,843.47,2441.82,Salario,910.48,Salud,Positivo,34.8,Bajo,2272.81,0,61.18458182357252,Saludable
2020-06-24,1677,3253.54,2543.71,0.21,3246.55,Normal,665.0,0.56,103.94,279.75,2,1960.84,27,0,188.63,1978.84,Mixto,1068.5,Inversiones,Negativo,29.0,Bajo,709.83,0,47.946310052643156,En observación
2020-07-24,1111,2817.23,3131.74,0.34,2647.89,Normal,642.0,0.48,621.55,537.89,5,922.11,72,0,662.08,1537.95,Salario,796.0,Ocio,Positivo,37.0,Medio,0.0,0,50.912536860182584,En observación
2020-08-23,1329,3091.95,2254.94,0.35,3522.89,Normal,617.0,0.14,498.08,416.48,5,1099.45,68,0,415.27,1866.79,Mixto,641.13,Ocio,Positivo,85.6,Medio,837.01,0,66.91561174795035,Excelente
2020-09-22,1800,5678.52,3312.82,0.07,2418.67,Normal,662.0,0.12,519.34,488.97,2,906.1,60,0,114.34,1495.18,Independiente,1368.04,Vivienda,Positivo,88.7,Bajo,2365.7,0,57.61191360224254,Saludable
2020-10-22,1997,4838.62,3257.9,0.21,1898.3,Inflación,692.0,0.6,300.2,397.25,4,630.59,35,0,365.11,2172.16,Salario,1234.96,Alimentacion,Positivo,52.7,Bajo,1580.72,0,43.4441932840895,En riesgo
2020-11-21,1842,4287.44,2376.6,0.17,3017.47,Normal,647.0,0.48,714.55,450.86,3,1228.69,74,0,535.82,2761.19,Salario,521.25,Vivienda,Negativo,45.4,Medio,1910.84,0,44.98277964790411,En riesgo
2020-12-21,1236,3933.04,3130.33,0.11,3209.52,Normal,651.0,0.57,481.6,170.11,4,0.0,87,0,801.87,1000.0,Mixto,1082.0,Servicios,Negativo,66.0,Bajo,802.71,0,32.189132063247655,Crítico
2021-01-20,1632,3835.88,3787.06,0.21,2630.93,Normal,744.0,0.35,887.31,1.16,4,188.05,58,0,509.11,3162.9,Salario,403.7,Alimentacion,Positivo,15.2,Bajo,48.82,0,42.645911244035894,En riesgo
2021-02-19,1324,4703.7,3265.06,0.28,2445.61,Normal,597.0,0.48,347.59,551.11,9,990.29,26,0,330.48,2204.13,Salario,1103.08,Vivienda,Positivo,42.4,Bajo,1438.64,0,52.49111180217574,Estable
2021-03-21,1464,4958.81,2126.0,0.22,3190.56,Inflación,700.0,0.59,654.82,465.46,2,470.96,61,0,528.04,2718.4,Mixto,2217.06,Ocio,Positivo,95.2,Medio,2832.81,0,44.07018587340551,En riesgo
2021-04-20,1024,4071.25,3059.63,0.06,2289.2,Normal,662.0,0.1,581.74,109.74,2,1060.16,67,0,291.0,2144.12,Salario,1464.41,Alimentacion,Negativo,63.8,Bajo,1011.62,0,49.96985907164346,En observación
2021-05-20,1661,4611.0,2383.53,0.25,2740.38,Normal,706.0,0.18,329.77,379.26,8,806.13,25,0,0.0,2056.08,Salario,733.48,Educacion,Positivo,20.9,Bajo,2227.47,0,64.74881677594456,Excelente
2021-06-19,1206,4865.31,4036.2,0.23,2249.48,Normal,667.0,0.4,595.98,579.2,4,862.97,62,0,312.48,3217.77,Salario,1387.64,Salud,Positivo,41.6,Bajo,829.11,0,49.283705476126414,En observación
2021-07-19,1438,2556.53,3164.98,0.39,3140.44,Normal,668.0,0.45,552.75,240.68,6,1182.77,91,0,611.6,2076.98,Salario,719.57,Vivienda,Positivo,92.5,Bajo,0.0,0,52.76133635426638,Estable
2021-08-18,1698,3898.94,1240.61,0.12,2221.74,Recesión,649.0,0.49,468.67,976.71,2,1244.12,97,0,218.27,1994.69,Mixto,946.26,Otros,Positivo,56.8,Alto,2658.33,1,53.84956874284546,Estable
2021-09-17,1311,3043.73,2610.81,0.33,1881.46,Normal,636.0,0.55,547.48,91.77,3,187.59,31,1,625.7,3281.68,Salario,1339.25,Otros,Positivo,2.9,Alto,432.92,0,42.071190673473,En riesgo
2021-10-17,1632,3108.58,2515.06,0.32,2660.53,Normal,626.0,0.16,456.07,480.76,8,532.33,40,0,120.81,1453.54,Salario,1388.29,Gastos_hormiga,Positivo,88.9,Bajo,593.52,0,64.10468772852589,Excelente
2021-11-16,1189,3583.03,3549.43,0.16,2783.6,Normal,670.0,0.12,495.4,542.4,1,459.06,85,1,495.67,2350.72,Salario,1343.24,Servicios,Positivo,94.0,Alto,33.6,0,54.00171282536911,Estable
2021-12-16,1581,4380.18,3799.46,0.27,2344.43,Normal,555.0,0.6,672.24,369.26,2,1903.88,62,0,623.74,1203.55,Mixto,1855.51,Alimentacion,Positivo,15.4,Medio,580.72,0,46.25458658828966,En riesgo
2022-01-15,1427,4726.75,3067.28,0.19,3528.87,Normal,639.0,0.51,483.23,288.54,3,1174.69,28,0,434.01,3379.51,Salario,733.32,Ocio,Neutral,66.8,Medio,1659.47,0,44.34734205260876,En riesgo
2022-02-14,1912,4092.12,3388.07,0.1,2752.37,Recesión,687.0,0.27,501.72,265.89,4,1170.45,51,0,747.78,2016.51,Salario,1678.29,Otros,Positivo,5.3,Medio,704.05,0,46.222868345318474,En riesgo
2022-03-16,1810,4439.23,3228.16,0.37,2745.61,Normal,698.0,0.57,407.05,183.54,7,702.06,24,0,508.62,1456.06,Salario,877.71,Alimentacion,Neutral,60.5,Bajo,1211.07,0,50.28608074481843,En observación
2022-04-15,1065,4274.63,2785.96,0.06,1701.97,Recesión,663.0,0.34,637.03,591.07,8,1628.39,51,0,500.99,1516.58,Salario,1208.5,Inversiones,Positivo,53.1,Bajo,1488.67,0,46.91818530964029,En observación
2022-05-15,1023,5338.27,3416.73,0.09,2418.28,Normal,674.0,0.33,571.06,358.08,8,248.03,57,0,661.57,2744.28,Salario,728.0,Gastos_hormiga,Negativo,3.9,Bajo,1921.54,0,40.79243075180848,En riesgo
2022-06-14,1854,5505.05,1723.48,0.32,2494.64,Normal,637.0,0.43,437.3,526.02,3,1681.61,81,0,369.58,1805.87,Salario,897.77,Vivienda,Positivo,16.7,Medio,3781.57,1,66.47271333032454,Excelente
2022-07-14,1827,4090.24,3799.29,0.32,2928.88,Normal,768.0,0.2,474.35,65.92,4,1684.55,94,0,403.24,1292.68,Independiente,1324.53,Salud,Positivo,97.4,Bajo,290.95,0,62.639459711240114,Excelente
2022-08-13,1369,4148.09,3089.74,0.24,2770.29,Inflación,632.0,0.44,594.68,589.72,5,650.97,91,0,240.29,1659.95,Salario,1133.75,Servicios,Positivo,64.5,Bajo,1058.35,0,51.625200499575875,En observación
2022-09-12,1198,3540.78,3251.17,0.17,2669.13,Recesión,727.0,0.15,672.33,494.59,4,1483.74,60,0,383.33,3120.46,Salario,1194.79,Servicios,Negativo,46.2,Bajo,289.61,0,54.09177075833838,Estable
2022-10-12,1339,3344.13,3264.27,0.1,2244.59,Inflación,610.0,0.22,277.99,0.0,6,1079.64,27,0,387.0,2750.07,Salario,1111.73,Salud,Neutral,85.5,Medio,79.86,0,45.7088789515914,En riesgo
2022-11-11,1411,3879.76,1873.07,0.06,2399.13,Inflación,744.0,0.15,210.98,233.22,3,572.47,43,0,577.82,1561.96,Mixto,1532.44,Gastos_hormiga,Positivo,9.1,Medio,2006.69,0,52.74821702493191,Estable
2022-12-11,1851,2905.1,3345.67,0.36,2199.02,Inflación,668.0,0.35,450.09,446.8,3,1171.39,33,0,337.25,2633.49,Independiente,1426.97,Transporte,Positivo,78.5,Medio,0.0,0,57.3813300011764,Saludable
2023-01-10,1074,4349.98,2583.13,0.21,2382.33,Recesión,742.0,0.3,307.02,293.15,9,1993.79,53,0,644.55,2523.04,Independiente,443.65,Salud,Positivo,73.2,Bajo,1766.85,0,56.962112541008416,Estable
2023-02-09,1893,4700.7,2729.88,0.15,1580.11,Inflación,706.0,0.49,130.68,821.31,4,355.97,89,0,303.31,2025.05,Independiente,1666.02,Servicios,Negativo,51.6,Bajo,1970.82,1,47.3705914153066,En observación
2023-03-11,1357,3687.5,4385.36,0.25,3160.27,Recesión,642.0,0.34,566.28,72.11,8,1370.12,79,0,386.97,2649.46,Salario,1568.05,Otros,Positivo,62.4,Bajo,0.0,0,47.67784859560124,En observación
2023-04-10,1394,4287.57,3232.52,0.13,2603.38,Normal,724.0,0.41,449.86,271.65,1,526.75,56,0,292.89,1486.0,Independiente,657.98,Vivienda,Neutral,84.7,Bajo,1055.05,0,45.57355830645234,En riesgo
2023-05-10,1641,5164.49,2819.56,0.17,2912.26,Normal,625.0,0.31,13.68,347.32,7,926.23,94,0,450.66,2810.69,Mixto,888.95,Otros,Neutral,52.0,Medio,2344.93,0,53.65633326286739,Estable
2023-06-09,1787,3366.81,2423.03,0.18,2697.98,Recesión,694.0,0.58,468.85,592.6,7,233.59,51,0,392.11,2152.75,Mixto,1047.42,Inversiones,Positivo,96.0,Alto,943.78,0,40.18556066568224,Crítico
2023-07-09,1209,4549.54,1973.98,0.19,2924.06,Normal,580.0,0.13,615.51,138.1,1,1656.05,59,0,739.52,2050.27,Independiente,678.67,Otros,Positivo,80.4,Medio,2575.56,0,62.11870574926237,Saludable
2023-08-08,1091,5808.44,1582.42,0.1,2540.99,Normal,752.0,0.52,991.13,372.37,4,1149.51,76,0,544.54,3008.7,Salario,908.81,Servicios,Neutral,19.7,Bajo,4226.02,1,44.37239253244572,En riesgo
2023-09-07,1107,5057.78,2746.16,0.29,2405.93,Normal,650.0,0.23,302.74,580.91,4,1144.99,47,0,972.89,1328.22,Mixto,464.1,Transporte,Negativo,61.6,Bajo,2311.62,0,63.255633370178344,Excelente
2023-10-07,1196,2813.46,3690.77,0.08,2403.04,Recesión,735.0,0.13,663.07,195.56,4,1054.55,71,0,287.52,1366.33,Salario,763.96,Transporte,Positivo,54.3,Medio,0.0,0,49.578989632191075,En observación
2023-11-06,1217,7085.77,2634.49,0.2,3372.32,Normal,591.0,0.15,277.09,249.5,5,1285.7,68,0,935.51,2036.02,Mixto,1961.03,Gastos_hormiga,Negativo,79.2,Medio,4451.28,1,63.129989363215635,Excelente
2019-01-01,1833,5779.01,3841.64,0.26,3175.8,Recesión,771.0,0.58,707.67,194.65,6,1744.2,34,0,775.79,2857.63,Salario,1665.34,Otros,Positivo,62.0,Alto,1937.37,0,43.53937668391084,En riesgo
2019-01-31,1331,3647.96,4097.17,0.06,2428.01,Normal,755.0,0.43,278.47,468.21,6,1218.43,70,0,661.48,1910.69,Mixto,824.43,Transporte,Positivo,14.8,Medio,0.0,0,39.816072546352885,Crítico
2019-03-02,1243,4439.75,2663.94,0.21,2382.26,Normal,698.0,0.59,347.76,685.64,3,0.0,84,0,212.93,1590.17,Salario,2069.28,Educacion,Positivo,89.8,Medio,1775.81,0,44.63663138267146,En riesgo
2019-04-01,1341,4180.17,3072.94,0.29,3012.24,Normal,668.0,0.33,654.95,123.39,6,779.4,68,0,626.95,2732.29,Salario,1275.13,Gastos_hormiga,Neutral,4.8,Medio,1107.23,0,50.44258378865947,En observación
2019-05-01,1305,6093.49,2460.77,0.27,2312.77,Normal,634.0,0.39,558.56,363.44,5,135.52,31,0,622.32,1968.09,Independiente,782.82,Salud,Positivo,51.4,Bajo,3632.72,1,56.64856380728917,Estable
2019-05-31,1040,2683.18,4510.74,0.29,3209.61,Inflación,667.0,0.26,554.46,758.19,5,1762.8,21,0,439.12,1752.61,Salario,1000.31,Ocio,Positivo,35.1,Medio,0.0,0,57.79515333103457,Saludable
2019-06-30,1517,6721.85,3545.71,0.11,2634.83,Inflación,653.0,0.14,701.41,161.24,8,1926.65,57,0,618.06,1000.0,Salario,300.0,Transporte,Positivo,26.3,Bajo,3176.14,1,61.04216023891991,Saludable
2019-07-30,1057,4316.44,3157.77,0.18,1707.87,Normal,754.0,0.22,430.81,0.0,2,1437.24,53,0,315.19,2000.56,Salario,1053.3,Inversiones,Positivo,2.6,Medio,1158.67,0,54.812674757877204,Estable
2019-08-29,1785,4853.09,3691.65,0.2,2875.84,Normal,723.0,0.17,638.97,262.1,9,1478.05,20,0,726.36,2231.88,Salario,1231.71,Gastos_hormiga,Positivo,84.9,Medio,1161.44,0,55.00239668640124,Estable
2019-09-28,1854,4190.03,2549.08,0.4,2804.52,Normal,725.0,0.13,413.88,192.72,9,1584.57,82,0,659.97,1596.84,Salario,583.36,Alimentacion,Positivo,12.6,Medio,1640.95,0,71.22580840227093,Excelente
2019-10-28,1275,5303.49,3706.63,0.13,2385.15,Normal,678.0,0.22,626.35,470.88,7,770.83,66,0,269.75,1942.42,Salario,1469.9,Inversiones,Negativo,11.6,Bajo,1596.86,0,50.037604330385506,En observación
2019-11-27,1511,3766.15,4153.67,0.33,2724.38,Normal,608.0,0.38,250.14,522.36,6,476.18,61,0,518.74,1398.69,Mixto,584.28,Gastos_hormiga,Neutral,89.5,Bajo,0.0,0,54.89908953573122,Estable
2019-12-27,1464,2264.88,2096.54,0.19,2190.87,Inflación,755.0,0.4,188.86,887.66,6,112.96,60,0,576.72,3053.82,Independiente,1578.99,Inversiones,Positivo,32.8,Bajo,168.34,0,46.76024352323585,En observación
2020-01-26,1882,4210.93,3379.3,0.2,2830.4,Inflación,732.0,0.5,749.5,291.58,7,559.7,71,0,574.76,1266.43,Salario,1665.92,Otros,Positivo,6.6,Bajo,831.63,0,41.81807063068612,En riesgo
2020-02-25,1560,3160.51,4038.02,0.35,2401.72,Normal,736.0,0.54,519.39,134.97,4,1029.3,24,0,562.39,2829.31,Independiente,1417.0,Servicios,Neutral,80.7,Bajo,0.0,0,44.511143116092114,En riesgo
2020-03-26,1037,4797.88,2182.62,0.18,2667.16,Recesión,645.0,0.21,236.42,149.96,4,1347.91,86,0,369.78,2961.04,Salario,1402.67,Servicios,Positivo,0.6,Alto,2615.26,0,57.937965425346626,Saludable
2020-04-25,1889,3130.77,3962.61,0.08,2756.68,Inflación,717.0,0.12,720.65,417.85,2,2191.34,44,0,663.17,1322.39,Independiente,394.1,Vivienda,Positivo,53.7,Bajo,0.0,0,54.05750699752614,Estable
2020-05-25,1100,3965.82,4953.48,0.21,2769.08,Normal,583.0,0.39,397.29,633.23,9,562.98,85,0,381.06,3575.89,Salario,2116.54,Gastos_hormiga,Neutral,31.2,Medio,0.0,0,41.987183933997464,En riesgo
2020-06-24,1772,4398.16,2171.24,0.09,2223.14,Normal,738.0,0.25,577.78,256.25,2,1943.22,68,0,217.05,2566.93,Salario,1338.46,Vivienda,Negativo,21.9,Bajo,2226.92,1,54.310274968279984,Estable
2020-07-24,1083,5397.7,3323.68,0.29,3070.43,Normal,767.0,0.26,383.68,651.95,5,608.81,83,0,90.37,3020.04,Mixto,1131.24,Alimentacion,Positivo,74.9,Medio,2074.02,0,62.468478827128415,Excelente
2020-08-23,1320,2819.15,2695.53,0.3,2501.11,Normal,598.0,0.19,366.2,0.0,7,950.99,93,0,488.25,2670.41,Independiente,1246.98,Transporte,Positivo,14.3,Medio,123.62,0,56.40875875985252,Estable
2020-09-22,1306,5312.17,2389.62,0.28,2533.99,Normal,664.0,0.42,555.75,791.86,3,709.86,62,0,314.24,3056.14,Salario,1162.07,Educacion,Positivo,5.7,Medio,2922.55,1,59.31052755231524,Saludable
2020-10-22,1449,3999.61,2306.46,0.19,1948.06,Recesión,621.0,0.33,631.92,302.89,3,310.95,84,0,712.33,1000.0,Salario,1439.49,Servicios,Positivo,13.0,Bajo,1693.15,0,49.71441619220767,En observación
2020-11-21,1168,4091.69,1648.23,0.35,2929.75,Inflación,597.0,0.5,261.83,586.18,6,966.08,62,0,481.45,1602.19,Salario,1222.95,Alimentacion,Negativo,44.4,Bajo,2443.46,0,57.66239878428702,Saludable
2020-12-21,1404,2663.41,1965.23,0.31,2540.11,Inflación,620.0,0.36,594.45,476.33,9,1178.12,22,0,331.06,2906.19,Salario,1265.56,Alimentacion,Neutral,90.1,Bajo,698.18,0,54.14830470313943,Estable
2021-01-20,1336,3353.89,1413.99,0.08,3024.85,Normal,650.0,0.13,753.58,745.22,4,410.35,22,0,771.26,3507.66,Salario,1282.28,Alimentacion,Neutral,92.8,Medio,1939.9,0,49.769090911729016,En observación
2021-02-19,1337,3123.1,2050.47,0.14,2416.09,Normal,645.0,0.23,742.91,620.34,3,1447.93,73,0,482.55,1614.11,Salario,1091.42,Inversiones,Neutral,74.7,Alto,1072.63,0,53.80162381000772,Estable
2021-03-21,1753,2989.32,2904.95,0.05,3147.07,Recesión,710.0,0.12,227.87,372.47,9,782.78,31,0,251.2,3179.94,Salario,1924.06,Vivienda,Negativo,74.2,Medio,84.37,0,45.113461685854254,En riesgo
2021-04-20,1329,2165.57,3373.54,0.08,2678.1,Normal,687.0,0.56,288.96,126.86,2,1642.24,40,0,538.03,1691.66,Salario,1514.34,Salud,Negativo,62.2,Bajo,0.0,0,32.992347957921766,Crítico
2021-05-20,1805,2995.55,2425.14,0.13,3368.69,Normal,726.0,0.21,555.74,381.08,7,836.35,67,0,452.34,2129.96,Salario,1484.33,Salud,Neutral,46.5,Bajo,570.41,0,48.47386265104837,En observación
2021-06-19,1477,3897.53,3466.13,0.34,2947.79,Recesión,776.0,0.44,636.59,410.64,1,1205.41,72,0,683.09,1954.33,Salario,1887.04,Servicios,Negativo,30.7,Alto,431.4,0,50.33030091818512,En observación
2021-07-19,1668,4114.49,3330.8,0.21,3513.54,Recesión,701.0,0.23,531.71,246.18,3,1577.94,43,0,235.47,2550.75,Salario,1353.75,Salud,Positivo,47.8,Bajo,783.69,0,56.60412650593014,Estable
2021-08-18,1784,3788.81,3265.87,0.1,2847.16,Inflación,642.0,0.13,385.77,530.05,1,890.12,46,1,595.86,2952.46,Salario,1170.5,Alimentacion,Positivo,15.2,Medio,522.94,0,53.05591949424796,Estable
2021-09-17,1530,3471.8,4290.52,0.22,3042.14,Recesión,579.0,0.18,285.69,590.11,6,952.09,51,0,348.06,1999.08,Salario,1722.17,Salud,Positivo,71.0,Bajo,0.0,0,56.368098812891134,Estable
2021-10-17,1616,3489.98,3478.88,0.35,3010.67,Normal,633.0,0.5,655.63,604.46,4,1200.67,34,0,911.82,1885.5,Salario,1421.29,Otros,Negativo,71.9,Alto,11.1,0,47.59982931045372,En observación
2021-11-16,1043,4234.68,3634.7,0.23,2822.38,Normal,630.0,0.39,411.87,0.0,2,1648.98,98,0,335.58,1356.33,Salario,1439.82,Ocio,Negativo,30.7,Bajo,599.98,0,50.500234815634705,En observación
2021-12-16,1138,6292.41,3382.48,0.12,2482.01,Normal,701.0,0.52,158.59,308.77,7,922.38,92,0,365.11,1758.04,Independiente,1358.01,Salud,Negativo,20.5,Alto,2909.93,1,43.820772682866675,En riesgo
2022-01-15,1722,3208.88,2980.67,0.38,3264.37,Normal,742.0,0.45,110.92,371.97,1,698.05,52,0,498.56,2137.08,Salario,903.63,Inversiones,Positivo,96.9,Alto,228.21,0,55.84552388427245,Estable
2022-02-14,1322,4118.35,3206.11,0.09,2967.28,Normal,654.0,0.58,353.98,288.49,3,438.27,95,0,436.8,2524.06,Salario,1431.62,Transporte,Positivo,86.5,Bajo,912.24,0,35.35226596855024,Crítico
2022-03-16,1326,3493.23,2715.97,0.15,2550.46,Normal,686.0,0.28,711.12,263.23,8,1440.77,74,0,223.33,1284.42,Independiente,1174.82,Alimentacion,Positivo,81.0,Bajo,777.26,0,51.6539941007297,En observación
2022-04-15,1790,2503.18,3240.64,0.33,2938.38,Normal,645.0,0.52,557.3,349.59,3,772.95,23,0,531.81,1663.52,Independiente,1507.13,Servicios,Positivo,35.7,Medio,0.0,0,46.37430159714013,En riesgo
2022-05-15,1982,4784.25,1063.88,0.18,2964.91,Normal,684.0,0.5,222.98,447.57,8,1033.63,57,0,580.47,2284.05,Independiente,839.45,Transporte,Positivo,3.0,Bajo,3720.37,1,53.791070425660266,Estable
2022-06-14,1177,5721.48,3148.92,0.4,2747.68,Recesión,732.0,0.6,906.09,386.99,1,756.11,73,0,541.63,1483.51,Salario,1815.94,Servicios,Positivo,46.2,Alto,2572.56,0,52.04180076885257,En observación
2022-07-14,1379,5641.88,2571.85,0.28,2926.18,Inflación,765.0,0.25,748.64,0.0,7,2020.27,90,0,333.13,2304.5,Salario,1199.28,Educacion,Positivo,76.1,Bajo,3070.03,1,64.37572005879788,Excelente
2022-08-13,1142,4171.99,2191.17,0.33,3599.57,Recesión,641.0,0.53,521.78,476.34,4,1454.54,57,0,794.79,1713.31,Mixto,773.68,Salud,Positivo,36.3,Bajo,1980.82,0,55.14843973804711,Estable
2022-09-12,1448,3585.61,2389.76,0.32,1942.21,Normal,782.0,0.52,480.07,258.28,4,1580.71,43,0,541.55,2745.99,Salario,1034.73,Otros,Negativo,86.0,Medio,1195.85,0,49.46241744312569,En observación
2022-10-12,1746,3688.36,1658.22,0.22,2400.09,Inflación,734.0,0.34,525.42,442.05,7,1381.41,72,0,390.35,2343.4,Salario,954.35,Transporte,Positivo,82.7,Bajo,2030.14,0,56.41799041232169,Estable
2022-11-11,1027,3856.87,2783.08,0.4,2847.61,Normal,705.0,0.39,412.18,531.27,8,1292.65,68,0,665.78,2063.71,Salario,1718.92,Otros,Positivo,34.6,Medio,1073.79,0,59.88913270833094,Saludable
2022-12-11,1395,3536.81,2556.68,0.26,2937.86,Recesión,641.0,0.29,845.54,445.26,8,1745.01,68,0,304.83,1357.46,Salario,1473.56,Salud,Positivo,72.4,Bajo,980.13,0,57.83045042034867,Saludable
2023-01-10,1880,4996.59,3278.59,0.27,2408.93,Normal,696.0,0.25,717.69,685.89,4,1560.59,61,0,307.77,1942.17,Salario,1198.57,Salud,Positivo,2.3,Bajo,1718.0,0,62.93259986487178,Excelente
2023-02-09,1165,4130.8,3446.5,0.25,3385.99,Inflación,734.0,0.49,496.29,0.0,2,1092.15,47,0,610.35,1434.69,Independiente,925.43,Salud,Positivo,32.6,Medio,684.3,0,46.20472613178856,En riesgo
2023-03-11,1944,5428.34,2846.96,0.29,3623.76,Inflación,647.0,0.35,250.59,290.18,9,592.38,61,0,354.18,3864.58,Salario,1708.13,Educacion,Positivo,76.7,Bajo,2581.38,0,55.34237279526307,Estable
2023-04-10,1928,3061.36,3685.67,0.24,4184.02,Normal,751.0,0.58,256.4,760.52,4,1314.26,56,0,775.92,1251.51,Salario,950.11,Alimentacion,Positivo,57.9,Medio,0.0,0,44.59899503996605,En riesgo
2023-05-10,1909,4011.29,4790.33,0.4,2056.66,Normal,693.0,0.22,316.08,0.0,6,1210.38,68,0,327.18,1889.69,Salario,2058.65,Vivienda,Negativo,80.5,Medio,0.0,0,58.22939286382244,Saludable
2023-06-09,1567,5623.07,3345.52,0.08,2198.78,Recesión,706.0,0.49,514.39,924.76,2,828.07,26,0,691.44,3169.35,Salario,1437.06,Servicios,Neutral,36.1,Bajo,2277.55,1,43.4708456310495,En riesgo
2023-07-09,1200,3856.03,2716.07,0.22,3597.22,Normal,724.0,0.42,373.62,47.13,6,1085.73,56,0,262.19,1709.08,Mixto,733.62,Transporte,Negativo,25.7,Bajo,1139.96,0,48.22265914569628,En observación
2023-08-08,1674,3652.17,3353.63,0.33,2280.95,Normal,708.0,0.29,781.52,350.41,1,1388.89,60,0,438.48,2139.84,Salario,470.12,Inversiones,Positivo,40.0,Alto,298.54,0,59.01846819253187,Saludable
2023-09-07,1461,4701.87,3653.78,0.24,2787.34,Inflación,680.0,0.49,396.26,18.17,1,1289.83,48,0,256.68,2333.24,Independiente,1348.23,Transporte,Neutral,94.0,Alto,1048.09,0,46.4927724726347,En riesgo
2023-10-07,1687,3792.48,3748.54,0.25,2433.01,Normal,610.0,0.1,602.71,775.47,2,1331.23,35,0,726.02,2458.62,Independiente,754.88,Salud,Negativo,19.6,Medio,43.94,0,60.59611962560532,Saludable
2023-11-06,1613,3821.93,1798.56,0.36,2854.14,Normal,621.0,0.1,396.48,621.16,9,1107.38,59,0,920.25,2021.03,Salario,1274.34,Transporte,Negativo,77.8,Bajo,2023.37,0,68.34777188779337,Excelente
2019-01-01,1131,3922.4,3430.29,0.09,2430.0,Normal,702.0,0.38,512.24,509.9,2,631.21,65,0,296.17,2594.23,Salario,1398.74,Salud,Positivo,12.4,Bajo,492.11,0,43.45528837397707,En riesgo
2019-01-31,1814,3830.55,4707.09,0.21,2961.18,Normal,660.0,0.19,525.8,369.84,7,1337.6,81,0,533.06,2239.88,Independiente,875.58,Otros,Positivo,65.9,Bajo,0.0,0,53.689025373879446,Estable
2019-03-02,1847,6598.46,2639.61,0.12,2406.45,Normal,600.0,0.5,399.31,389.35,3,777.29,93,0,536.23,1852.61,Independiente,757.78,Salud,Positivo,26.3,Medio,3958.85,1,48.97587747204009,En observación
2019-04-01,1186,5028.45,4475.26,0.22,3113.11,Normal,699.0,0.4,1045.07,171.64,1,1305.32,65,0,137.8,2230.73,Salario,1632.32,Educacion,Neutral,35.9,Alto,553.19,0,45.76679395359861,En riesgo
2019-05-01,1658,4499.01,2533.78,0.35,2437.16,Normal,641.0,0.15,819.17,273.25,9,1359.65,46,0,737.69,1913.14,Salario,1815.12,Salud,Negativo,46.1,Bajo,1965.23,0,62.05122913852811,Saludable
2019-05-31,1808,6382.64,3624.26,0.27,2408.95,Inflación,678.0,0.58,333.32,552.92,8,404.35,63,0,635.82,2973.79,Salario,1178.43,Gastos_hormiga,Negativo,37.8,Medio,2758.38,1,45.918206080555315,En riesgo
2019-06-30,1204,4343.69,2591.83,0.25,2629.67,Inflación,765.0,0.38,526.96,106.21,6,703.81,99,0,346.22,1909.58,Salario,2060.22,Inversiones,Negativo,78.9,Bajo,1751.86,0,48.96724969010299,En observación
2019-07-30,1067,4554.87,2478.1,0.21,2680.73,Normal,552.0,0.28,287.51,151.75,4,878.76,90,0,342.3,3483.9,Salario,1413.46,Ocio,Neutral,48.3,Medio,2076.77,0,53.133822236713854,Estable
2019-08-29,1521,5290.5,3598.39,0.22,2437.05,Normal,822.0,0.28,603.13,229.16,6,1055.61,59,0,601.47,1981.52,Salario,1572.51,Salud,Positivo,29.7,Alto,1692.11,0,51.92971155732095,En observación
2019-09-28,1226,2315.79,2489.11,0.27,2498.29,Recesión,735.0,0.29,590.73,0.0,9,764.82,88,0,397.97,2406.22,Salario,1465.42,Servicios,Positivo,14.1,Bajo,0.0,0,49.49387106649548,En observación
2019-10-28,1531,4842.78,3005.7,0.24,2363.89,Recesión,562.0,0.36,883.06,331.25,1,724.48,65,0,143.76,2598.42,Independiente,644.22,Inversiones,Neutral,94.3,Medio,1837.08,0,51.82083135639523,En observación
2019-11-27,1226,4788.35,3338.91,0.19,2105.19,Normal,750.0,0.37,517.34,525.99,1,1218.2,70,0,749.14,2412.41,Salario,1499.56,Servicios,Positivo,33.4,Bajo,1449.44,0,50.57670479903096,En observación
2019-12-27,1552,3523.77,2486.14,0.16,2000.32,Normal,683.0,0.43,303.91,257.87,3,1088.74,20,0,452.98,2433.54,Salario,1395.36,Gastos_hormiga,Positivo,37.7,Medio,1037.63,0,46.12148573243576,En riesgo
2020-01-26,1392,3805.5,3553.07,0.08,2634.24,Normal,651.0,0.23,723.55,298.68,6,469.05,32,0,442.15,2480.52,Independiente,1613.14,Otros,Neutral,1.9,Alto,252.43,0,41.19467172173608,En riesgo
2020-02-25,1573,4714.82,2041.84,0.05,2016.52,Normal,687.0,0.33,355.45,380.48,3,849.65,57,0,723.16,2045.86,Mixto,827.96,Servicios,Positivo,82.7,Bajo,2672.98,1,49.59639088635626,En observación
2020-03-26,1081,5689.03,2454.22,0.1,2222.85,Inflación,686.0,0.11,550.69,468.14,3,1868.19,50,0,704.52,1743.89,Mixto,2092.8,Transporte,Positivo,46.4,Bajo,3234.81,1,62.423980942699046,Saludable
2020-04-25,1516,4744.36,2837.84,0.35,2811.8,Recesión,704.0,0.57,581.99,322.26,8,681.49,64,0,515.84,2347.18,Salario,1501.13,Vivienda,Neutral,7.5,Bajo,1906.52,0,48.4606004636212,En observación
2020-05-25,1652,3881.49,3167.81,0.05,2643.11,Recesión,705.0,0.22,239.12,251.37,5,295.57,36,0,593.63,1797.74,Salario,1822.98,Gastos_hormiga,Neutral,98.8,Bajo,713.68,0,44.06166170239458,En riesgo
2020-06-24,1068,2030.17,3011.2,0.33,2429.85,Recesión,732.0,0.13,208.77,266.76,8,1413.98,20,0,574.5,1056.51,Salario,737.96,Servicios,Neutral,81.3,Bajo,0.0,0,63.636135648575625,Excelente
2020-07-24,1500,5221.04,2290.23,0.29,2843.18,Normal,747.0,0.32,302.95,345.1,1,1237.23,71,0,530.03,2675.11,Salario,867.16,Servicios,Positivo,5.9,Alto,2930.81,1,63.87403967760547,Excelente
2020-08-23,1707,1333.75,2384.17,0.33,2679.81,Normal,650.0,0.43,613.31,827.64,4,510.91,56,0,553.56,2186.12,Salario,2016.96,Otros,Negativo,2.8,Bajo,0.0,0,48.01297654370507,En observación
2020-09-22,1617,3496.23,2432.22,0.3,2910.22,Normal,630.0,0.36,967.21,490.58,5,996.5,52,0,668.63,2302.19,Salario,946.7,Vivienda,Positivo,1.1,Medio,1064.01,0,53.12739278592052,Estable
2020-10-22,1390,3334.65,3458.14,0.24,2337.13,Normal,670.0,0.39,728.05,315.16,2,1069.07,35,0,614.0,2037.04,Salario,1191.96,Gastos_hormiga,Positivo,76.5,Bajo,0.0,0,48.395483190712746,En observación
2020-11-21,1896,4605.31,2561.93,0.27,3241.61,Inflación,624.0,0.15,459.19,253.28,5,1463.72,80,0,421.48,3632.88,Salario,1657.6,Vivienda,Positivo,49.5,Alto,2043.38,0,61.91824285152346,Saludable
2020-12-21,1930,4316.82,3802.62,0.07,2675.76,Normal,787.0,0.35,257.02,0.0,2,710.78,78,0,645.39,1423.93,Salario,1771.14,Servicios,Positivo,62.8,Medio,514.2,0,40.84999908279691,En riesgo
2021-01-20,1226,4437.88,3401.22,0.14,2362.42,Normal,713.0,0.54,580.18,26.42,7,1269.92,30,0,465.0,1430.54,Salario,1719.24,Inversiones,Negativo,96.9,Bajo,1036.66,0,36.799084812650065,Crítico
2021-02-19,1974,6901.16,4122.09,0.08,1873.23,Normal,758.0,0.32,531.53,488.44,7,1436.17,30,0,537.04,2578.2,Salario,954.74,Transporte,Negativo,32.3,Alto,2779.07,1,47.421197754782376,En observación
2021-03-21,1714,3561.39,2895.72,0.24,3061.8,Normal,653.0,0.23,729.18,108.59,9,1095.68,42,0,756.39,1962.73,Independiente,854.55,Vivienda,Positivo,85.8,Alto,665.67,0,51.26503432256167,En observación
2021-04-20,1401,3960.08,3798.98,0.21,2606.62,Recesión,613.0,0.44,329.81,665.16,4,1201.82,90,0,422.67,3145.91,Salario,1367.16,Servicios,Negativo,74.8,Medio,161.1,0,46.294639528410876,En riesgo
2021-05-20,1318,3073.53,2900.26,0.33,2697.23,Normal,639.0,0.39,760.16,514.88,3,1455.76,67,0,548.34,1938.53,Salario,1136.74,Inversiones,Positivo,1.1,Bajo,173.27,0,55.95718594286916,Estable
2021-06-19,1783,4492.58,2890.4,0.07,2955.42,Normal,595.0,0.37,672.05,393.81,8,448.07,56,0,758.18,1672.06,Salario,1200.94,Inversiones,Positivo,18.1,Bajo,1602.18,0,41.29241631478228,En riesgo
2021-07-19,1396,4753.76,1017.04,0.06,2024.7,Normal,626.0,0.4,459.42,586.01,1,776.6,90,0,777.66,2209.95,Independiente,628.25,Inversiones,Negativo,52.5,Medio,3736.72,1,48.02205689198589,En observación
2021-08-18,1665,3268.37,3395.71,0.2,3411.93,Inflación,635.0,0.42,441.62,161.38,8,1177.17,95,0,402.1,3018.39,Salario,640.62,Transporte,Negativo,56.7,Alto,0.0,0,41.19209691816397,En riesgo
2021-09-17,1586,4726.02,2220.67,0.22,2081.31,Recesión,709.0,0.5,534.19,412.02,3,1394.02,33,0,771.75,2093.45,Salario,1751.94,Inversiones,Positivo,47.6,Medio,2505.35,1,50.67819141478507,En observación
2021-10-17,1418,4075.23,1152.24,0.4,3083.69,Normal,671.0,0.43,434.12,370.53,7,1487.26,80,0,552.13,2281.81,Salario,1253.49,Salud,Neutral,75.7,Bajo,2922.99,0,62.70759937020858,Excelente
2021-11-16,1470,5131.05,3785.65,0.16,3399.28,Recesión,668.0,0.47,364.78,522.63,5,1076.92,75,0,507.07,2036.75,Salario,1072.71,Servicios,Neutral,90.7,Bajo,1345.4,0,46.345168135052916,En riesgo
2021-12-16,1612,4297.15,3165.47,0.22,2022.33,Inflación,693.0,0.21,416.23,449.68,1,1284.27,65,0,344.9,1958.64,Salario,1804.21,Inversiones,Positivo,90.1,Medio,1131.68,0,59.05856625454322,Saludable
2022-01-15,1472,3454.17,2425.12,0.15,2486.3,Normal,680.0,0.54,658.93,534.41,8,504.36,32,0,139.03,2095.8,Salario,1434.65,Gastos_hormiga,Positivo,98.1,Alto,1029.05,0,40.19440478169807,Crítico
2022-02-14,1839,4859.54,3578.86,0.12,2374.28,Normal,711.0,0.13,645.39,233.26,7,1010.71,44,0,491.67,2094.77,Salario,637.72,Transporte,Neutral,86.3,Medio,1280.68,0,51.93083890131807,En observación
2022-03-16,1626,2642.03,3856.75,0.15,2694.91,Recesión,715.0,0.35,447.08,11.87,5,2286.29,50,0,361.38,2078.28,Salario,763.44,Transporte,Positivo,32.8,Medio,0.0,0,46.693362131219565,En observación
2022-04-15,1671,3718.62,3287.42,0.24,2518.02,Normal,730.0,0.51,790.44,626.31,5,365.31,90,0,770.53,2762.75,Salario,1533.8,Educacion,Positivo,19.9,Alto,431.2,0,40.87348792603571,En riesgo
2022-05-15,1349,3706.82,2593.66,0.09,2217.73,Normal,640.0,0.28,95.35,152.18,8,916.94,82,0,785.15,2777.26,Salario,1023.57,Vivienda,Negativo,19.6,Bajo,1113.16,0,43.924616155464555,En riesgo
2022-06-14,1304,3478.13,4264.46,0.16,3031.53,Recesión,766.0,0.25,563.31,602.56,4,1176.73,94,0,740.75,2682.39,Salario,1237.79,Alimentacion,Neutral,72.2,Bajo,0.0,0,47.77840249904457,En observación
2022-07-14,1934,2812.22,2208.34,0.32,3365.43,Normal,716.0,0.14,393.46,384.95,9,624.13,26,0,644.62,1834.42,Salario,1534.98,Alimentacion,Positivo,14.3,Medio,603.88,0,60.4783640367991,Saludable
2022-08-13,1447,4206.61,4421.55,0.09,2468.9,Recesión,744.0,0.57,459.62,576.26,2,1074.25,38,0,609.39,1000.0,Salario,865.5,Alimentacion,Negativo,87.8,Medio,0.0,0,35.76214426185937,Crítico
2022-09-12,1107,3885.65,2998.3,0.19,2168.56,Normal,628.0,0.12,654.25,295.71,6,172.79,92,0,736.21,3096.29,Salario,1475.46,Ocio,Positivo,93.8,Medio,887.35,0,51.088826092643096,En observación
2022-10-12,1096,3667.15,2130.24,0.25,2491.29,Inflación,709.0,0.27,173.04,396.02,8,722.03,73,0,706.99,2469.13,Salario,972.99,Servicios,Positivo,97.1,Alto,1536.91,0,56.09139783444876,Estable
2022-11-11,1199,3450.7,2302.19,0.16,2957.13,Normal,657.0,0.42,436.23,608.75,1,1398.63,45,0,430.86,2232.47,Salario,1398.47,Educacion,Neutral,37.7,Bajo,1148.51,0,49.6244544356316,En observación
2022-12-11,1203,3502.85,3047.54,0.23,3270.76,Inflación,638.0,0.57,439.59,538.46,3,254.01,85,1,406.01,1580.54,Salario,1111.26,Transporte,Positivo,58.9,Bajo,455.31,0,43.69124114567507,En riesgo
2023-01-10,1177,3249.9,3808.7,0.1,2342.0,Recesión,813.0,0.38,762.35,258.92,7,958.25,82,0,971.66,2355.5,Salario,1432.23,Inversiones,Positivo,91.3,Alto,0.0,0,35.493004895544274,Crítico
2023-02-09,1978,2840.37,2709.15,0.26,2871.77,Normal,697.0,0.26,433.33,442.68,4,791.6,60,0,601.37,1823.14,Salario,300.0,Transporte,Positivo,52.6,Bajo,131.22,0,56.645381214569134,Estable
2023-03-11,1157,3233.77,1646.82,0.17,2648.6,Inflación,705.0,0.22,878.54,154.61,1,0.0,22,0,431.99,2880.62,Mixto,750.21,Educacion,Neutral,74.8,Medio,1586.95,0,48.96704300407584,En observación
2023-04-10,1860,2036.57,4559.61,0.23,1731.82,Normal,675.0,0.22,526.46,717.87,3,452.75,93,0,512.93,2579.49,Salario,890.27,Salud,Positivo,77.0,Bajo,0.0,0,51.671870717916384,En observación
2023-05-10,1288,4472.59,1321.97,0.2,3521.55,Normal,634.0,0.54,241.16,345.43,9,492.84,97,0,560.33,2216.07,Salario,1629.08,Otros,Positivo,57.7,Medio,3150.62,0,45.971390399938635,En riesgo
2023-06-09,1060,4480.67,2492.74,0.09,2720.17,Normal,644.0,0.4,536.79,547.43,7,434.1,35,0,470.69,1478.47,Salario,1202.74,Inversiones,Positivo,80.5,Medio,1987.93,0,44.76543617870301,En riesgo
2023-07-09,1372,4660.79,3880.61,0.3,3609.07,Inflación,642.0,0.29,461.27,458.26,9,824.4,50,0,380.99,2688.15,Salario,1241.37,Salud,Negativo,46.6,Medio,780.18,0,53.760829023399886,Estable
2023-08-08,1408,4493.53,3739.58,0.25,2883.64,Normal,667.0,0.43,202.61,468.63,3,662.25,73,0,464.97,2220.96,Salario,1481.26,Inversiones,Neutral,70.1,Bajo,753.95,0,50.311931395155334,En observación
2023-09-07,1444,4897.24,3723.44,0.27,2734.32,Inflación,721.0,0.32,388.29,199.31,4,1119.7,61,0,482.28,1645.9,Salario,1134.32,Transporte,Positivo,10.7,Bajo,1173.8,0,56.499836552676555,Estable
2023-10-07,1575,6577.71,3415.79,0.34,2234.61,Recesión,787.0,0.32,471.39,651.29,8,371.98,37,0,392.6,2439.4,Salario,1662.06,Salud,Neutral,92.6,Medio,3161.92,1,61.41560362714993,Saludable
2023-11-06,1277,3717.91,2049.8,0.31,2998.43,Normal,692.0,0.32,413.0,626.19,2,817.84,97,0,572.42,1529.86,Salario,1238.01,Transporte,Positivo,10.5,Medio,1668.11,0,61.31774240418068,Saludable
2019-01-01,1193,2459.45,1997.77,0.11,2848.08,Normal,594.0,0.53,710.37,573.77,2,481.0,41,0,639.13,3561.47,Independiente,875.71,Salud,Neutral,50.4,Bajo,461.68,0,34.63326119978954,Crítico
2019-01-31,1774,5296.21,3338.49,0.32,2407.96,Inflación,725.0,0.18,315.97,911.24,9,649.54,35,0,940.39,1386.12,Mixto,1469.31,Educacion,Negativo,89.7,Bajo,1957.72,0,63.55395356420352,Excelente
2019-03-02,1057,3900.81,2658.08,0.08,2204.68,Recesión,624.0,0.46,268.88,643.82,2,1536.07,45,0,857.51,2660.64,Salario,1256.25,Inversiones,Positivo,11.1,Alto,1242.73,0,43.19015510646419,En riesgo
2019-04-01,1909,6004.68,2104.88,0.11,2491.69,Inflación,705.0,0.37,572.74,778.81,1,516.94,26,0,548.12,3097.25,Independiente,300.0,Inversiones,Negativo,11.3,Bajo,3899.8,1,52.235611380347414,En observación
2019-05-01,1574,5560.87,2735.66,0.18,2467.16,Inflación,705.0,0.21,602.44,836.38,2,1454.36,83,0,742.83,3045.95,Salario,1046.96,Gastos_hormiga,Negativo,82.9,Bajo,2825.21,1,60.661055082694986,Saludable
2019-05-31,1791,4093.76,2343.05,0.25,2338.76,Normal,694.0,0.22,660.9,31.6,6,409.42,42,0,636.04,1949.62,Salario,1478.35,Alimentacion,Neutral,83.6,Bajo,1750.71,0,53.0299949155164,Estable
2019-06-30,1937,5904.98,2453.74,0.25,3199.33,Normal,657.0,0.56,771.88,199.68,3,557.3,77,0,562.83,3070.53,Salario,1720.5,Vivienda,Positivo,47.3,Bajo,3451.24,1,47.62083629268235,En observación
2019-07-30,1153,4773.79,3260.39,0.15,2885.79,Normal,709.0,0.57,681.66,239.54,9,89.82,82,1,446.22,2794.04,Salario,1806.75,Gastos_hormiga,Positivo,33.2,Medio,1513.4,0,34.04650110495643,Crítico
2019-08-29,1495,4782.36,2279.8,0.08,2489.35,Normal,681.0,0.29,191.94,459.47,5,906.01,69,0,679.35,3331.9,Independiente,948.53,Educacion,Positivo,97.1,Medio,2502.56,1,51.11493113040426,En observación
2019-09-28,1223,5370.44,3621.65,0.16,3037.85,Normal,717.0,0.12,663.98,0.0,1,132.26,20,0,450.86,1463.71,Mixto,1842.48,Educacion,Negativo,74.4,Medio,1748.79,0,51.544199206607146,En observación
2019-10-28,1473,5777.42,4027.9,0.18,2740.06,Inflación,748.0,0.47,656.06,506.07,5,784.77,34,0,518.21,2035.34,Salario,316.46,Ocio,Positivo,97.6,Bajo,1749.52,0,46.88042483559083,En observación
2019-11-27,1555,5007.12,3310.31,0.15,2497.2,Normal,712.0,0.42,630.31,234.67,2,1520.99,47,0,167.15,1396.66,Salario,1044.25,Servicios,Positivo,69.1,Bajo,1696.81,0,50.174740570272164,En observación
2019-12-27,1707,4286.35,3701.82,0.31,1704.7,Recesión,696.0,0.34,1053.91,266.38,6,1601.0,38,0,585.86,1712.12,Salario,1223.17,Alimentacion,Negativo,22.5,Medio,584.53,0,50.78649150597048,En observación
2020-01-26,1326,5252.02,1576.39,0.22,2389.19,Normal,691.0,0.34,704.57,373.61,7,509.68,52,0,379.64,2006.8,Salario,1809.63,Ocio,Negativo,42.9,Alto,3675.63,1,53.49653627079218,Estable
2020-02-25,1750,4099.25,3721.13,0.39,2534.13,Normal,668.0,0.37,340.21,426.0,3,1445.92,25,0,148.88,3195.98,Salario,1329.56,Ocio,Positivo,97.4,Alto,378.12,0,60.557651675196695,Saludable
2020-03-26,1097,3213.26,1793.93,0.1,3418.06,Recesión,674.0,0.38,911.02,1020.87,6,86.37,51,0,680.08,2946.01,Salario,1436.6,Inversiones,Positivo,12.9,Bajo,1419.33,0,41.961888944195955,En riesgo
2020-04-25,1002,4712.63,2307.9,0.2,3174.14,Normal,615.0,0.22,184.54,605.21,5,1318.93,83,0,460.49,1814.41,Independiente,1415.75,Educacion,Positivo,85.3,Bajo,2404.73,0,63.051195391312106,Excelente
2020-05-25,1599,4136.61,2958.28,0.39,3100.36,Inflación,725.0,0.45,761.91,399.58,1,445.02,84,0,458.94,1893.77,Mixto,1470.46,Salud,Positivo,28.0,Medio,1178.33,0,55.42829552003923,Estable
2020-06-24,1298,4226.39,2227.67,0.23,3095.09,Normal,669.0,0.32,456.41,505.93,8,603.55,61,0,404.5,1961.0,Salario,1299.61,Salud,Positivo,40.6,Bajo,1998.72,0,55.46928905939666,Estable
2020-07-24,1946,3297.15,2774.64,0.1,2770.25,Normal,763.0,0.54,336.07,681.8,8,282.13,25,0,676.79,1065.44,Mixto,1186.18,Educacion,Negativo,2.5,Medio,522.51,0,35.99682279491857,Crítico
2020-08-23,1171,2854.93,2346.82,0.08,3227.5,Normal,702.0,0.3,570.15,613.62,3,1621.22,32,0,692.42,1866.95,Salario,1072.27,Gastos_hormiga,Negativo,80.5,Medio,508.11,0,45.73912741300344,En riesgo
2020-09-22,1941,3091.21,3412.58,0.27,2999.49,Inflación,706.0,0.51,550.27,370.47,5,1697.6,32,0,153.41,2259.64,Salario,1726.89,Salud,Positivo,49.4,Alto,0.0,0,47.26628039328514,En observación
2020-10-22,1031,3731.11,1565.67,0.21,3027.27,Recesión,757.0,0.43,554.81,292.9,9,1509.93,38,0,370.22,2945.5,Salario,839.87,Transporte,Negativo,66.1,Bajo,2165.44,0,49.114954078998224,En observación
2020-11-21,1914,4043.8,3624.0,0.4,2058.71,Normal,669.0,0.12,454.12,176.46,6,1678.9,95,0,487.72,2803.18,Salario,1269.57,Inversiones,Positivo,67.6,Bajo,419.8,0,67.71100072767342,Excelente
2020-12-21,1914,6506.77,3037.56,0.16,3732.76,Normal,671.0,0.23,681.78,143.61,4,1119.0,59,0,660.88,3135.65,Salario,1449.05,Inversiones,Positivo,62.3,Medio,3469.21,0,53.9316846128073,Estable
2021-01-20,1245,1957.14,3683.59,0.32,2610.94,Recesión,647.0,0.33,118.24,132.06,7,1227.94,35,0,570.24,3045.26,Salario,1608.24,Gastos_hormiga,Positivo,15.8,Medio,0.0,0,50.672185099537295,En observación
2021-02-19,1869,3890.29,3315.21,0.33,2583.23,Inflación,718.0,0.42,309.56,195.56,2,665.41,62,0,455.2,2062.29,Salario,930.38,Transporte,Positivo,19.4,Alto,575.08,0,53.48990423365677,Estable
2021-03-21,1041,3804.77,3021.33,0.24,2637.47,Normal,547.0,0.56,274.53,487.84,7,471.83,79,1,762.59,2012.13,Salario,1639.38,Ocio,Positivo,99.3,Bajo,783.44,0,43.380986470688086,En riesgo
2021-04-20,1966,3050.34,2828.2,0.07,2491.38,Inflación,645.0,0.45,768.89,183.52,5,1675.32,46,0,126.12,1091.55,Salario,461.83,Salud,Negativo,51.1,Alto,222.14,0,39.55346233534286,Crítico
2021-05-20,1662,2967.7,3150.82,0.38,2662.94,Inflación,610.0,0.37,530.85,331.37,1,155.63,47,0,374.25,3095.39,Independiente,871.38,Otros,Neutral,34.1,Medio,0.0,0,53.01029594998166,Estable
2021-06-19,1154,2554.47,2592.84,0.17,2302.62,Inflación,677.0,0.38,812.38,409.2,4,1326.54,55,0,664.84,2385.37,Salario,665.78,Gastos_hormiga,Positivo,87.0,Bajo,0.0,0,45.875059665250575,En riesgo
2021-07-19,1270,4987.0,2570.0,0.16,3563.92,Recesión,636.0,0.25,828.78,442.9,3,1420.45,95,0,462.86,2808.55,Mixto,833.71,Vivienda,Negativo,75.9,Alto,2417.0,0,53.07151424230777,Estable
2021-08-18,1717,3636.72,2250.29,0.4,2993.12,Normal,659.0,0.11,682.15,151.9,6,1669.71,99,0,320.14,1574.44,Salario,1155.45,Transporte,Neutral,82.1,Bajo,1386.43,0,70.79954320259627,Excelente
2021-09-17,1529,3500.91,4130.36,0.37,3043.75,Normal,738.0,0.4,833.44,612.71,6,979.74,60,0,589.95,2650.27,Salario,481.75,Alimentacion,Positivo,40.4,Medio,0.0,0,53.19284171808805,Estable
2021-10-17,1572,2292.67,2613.5,0.22,2775.48,Recesión,732.0,0.55,287.29,511.27,3,600.82,73,0,441.22,2527.1,Independiente,349.21,Servicios,Negativo,39.1,Bajo,0.0,0,41.65599242736908,En riesgo
2021-11-16,1369,4879.06,3026.35,0.16,2428.55,Normal,674.0,0.16,673.95,285.13,7,981.46,35,0,880.66,1945.8,Salario,1118.68,Alimentacion,Negativo,33.2,Bajo,1852.71,0,51.76326509083182,En observación
2021-12-16,1293,4181.87,2448.13,0.08,3068.14,Inflación,649.0,0.42,519.13,945.01,5,1117.69,27,0,354.56,2432.6,Salario,1669.32,Educacion,Positivo,5.3,Medio,1733.74,0,46.94050733488082,En observación
2022-01-15,1880,2884.27,3415.61,0.2,2739.26,Recesión,631.0,0.19,672.31,394.98,8,696.64,55,0,476.4,1632.41,Salario,1299.85,Ocio,Positivo,10.2,Alto,0.0,0,50.63887577560245,En observación
2022-02-14,1416,3495.12,3507.61,0.22,1458.28,Normal,696.0,0.39,883.06,353.65,4,926.41,63,0,276.56,1936.52,Salario,1349.68,Transporte,Neutral,25.3,Alto,0.0,0,44.5080761343257,En riesgo
2022-03-16,1171,4297.09,3052.68,0.38,3429.0,Normal,666.0,0.4,550.85,378.06,2,1219.18,47,0,611.27,1799.55,Salario,982.23,Servicios,Negativo,87.9,Medio,1244.41,0,57.571541780746344,Saludable
2022-04-15,1190,2827.7,3448.11,0.08,3213.06,Normal,713.0,0.2,1095.26,536.3,9,1142.83,35,0,580.23,1962.99,Mixto,1227.75,Inversiones,Neutral,27.7,Medio,0.0,0,42.28555458498075,En riesgo
2022-05-15,1622,5052.02,2074.7,0.25,3762.22,Inflación,701.0,0.54,518.4,728.55,9,1542.49,89,0,223.21,2629.4,Mixto,1129.16,Transporte,Positivo,86.9,Bajo,2977.32,0,54.5108047038738,Estable
2022-06-14,1017,3817.1,3217.37,0.06,2967.27,Normal,740.0,0.17,583.62,0.0,1,1611.07,84,0,710.1,2033.35,Salario,1039.58,Ocio,Positivo,63.2,Alto,599.73,0,47.88333511515325,En observación
2022-07-14,1550,3275.11,3754.08,0.38,1802.11,Recesión,711.0,0.41,393.83,233.59,8,804.64,59,0,474.3,1856.35,Independiente,1065.33,Inversiones,Negativo,59.8,Bajo,0.0,0,51.464207683207114,En observación
2022-08-13,1581,3998.27,1418.84,0.19,2897.41,Inflación,713.0,0.57,665.39,247.12,1,581.46,27,0,155.41,2350.64,Mixto,1158.21,Gastos_hormiga,Neutral,33.4,Alto,2579.43,0,43.92069726381781,En riesgo
2022-09-12,1374,3173.08,2490.55,0.38,2572.28,Recesión,658.0,0.27,686.61,344.78,8,579.55,30,0,725.91,1558.51,Salario,1757.89,Vivienda,Positivo,26.5,Bajo,682.53,0,58.44421704845959,Saludable
2022-10-12,1603,3845.92,4105.88,0.08,3590.66,Inflación,665.0,0.23,521.66,552.87,2,427.29,76,0,257.64,2859.74,Salario,1404.06,Salud,Neutral,61.4,Bajo,0.0,0,44.58772361529395,En riesgo
2022-11-11,1219,4139.21,2260.29,0.31,3141.57,Normal,706.0,0.22,20.53,77.3,8,1817.67,64,0,645.42,2843.36,Salario,1687.51,Educacion,Positivo,19.7,Alto,1878.92,0,62.53754631931964,Excelente
2022-12-11,1024,3469.67,3110.26,0.14,2803.45,Recesión,682.0,0.37,324.11,411.23,4,1141.4,79,0,140.9,1609.63,Salario,311.42,Ocio,Positivo,16.7,Alto,359.41,0,49.90856187292924,En observación
2023-01-10,1734,5461.23,2857.86,0.06,3539.62,Inflación,773.0,0.3,470.75,480.29,9,353.31,91,0,599.11,2285.28,Salario,1804.51,Salud,Negativo,64.5,Alto,2603.37,0,42.52931752148973,En riesgo
2023-02-09,1534,3066.2,2719.13,0.22,2107.1,Normal,737.0,0.49,441.31,89.63,5,357.35,69,0,395.3,2390.33,Independiente,877.17,Servicios,Neutral,67.1,Bajo,347.07,0,41.61076312685776,En riesgo
2023-03-11,1238,5312.24,3109.78,0.06,2554.91,Inflación,741.0,0.6,326.68,326.3,9,1320.11,58,0,684.86,2557.78,Salario,1004.41,Ocio,Negativo,70.9,Alto,2202.46,0,33.22735407328596,Crítico
2023-04-10,1325,4883.87,3204.05,0.28,3024.87,Normal,585.0,0.42,666.53,559.91,9,862.09,83,0,404.56,2188.93,Salario,1934.89,Otros,Negativo,18.2,Bajo,1679.82,0,50.2861798361423,En observación
2023-05-10,1781,4533.63,2861.93,0.11,2737.91,Normal,620.0,0.14,743.08,304.7,9,650.38,67,0,672.18,1804.01,Mixto,1127.16,Gastos_hormiga,Positivo,0.1,Medio,1671.7,0,51.02764891008166,En observación
2023-06-09,1186,5002.97,2638.45,0.06,3402.58,Normal,689.0,0.39,522.86,381.0,1,762.97,43,0,807.95,3985.5,Salario,1930.57,Transporte,Negativo,70.1,Medio,2364.52,0,38.499087511740925,Crítico
2023-07-09,1953,5446.06,1940.35,0.3,3573.82,Normal,691.0,0.39,701.93,566.92,6,1754.0,72,1,404.45,1984.99,Salario,779.18,Inversiones,Positivo,67.3,Bajo,3505.71,0,63.710837529858296,Excelente
2023-08-08,1809,1394.59,2700.13,0.11,2217.87,Inflación,705.0,0.36,731.79,298.95,6,659.42,97,0,445.05,2832.5,Independiente,1047.74,Servicios,Positivo,33.4,Medio,0.0,0,37.523565143683626,Crítico
2023-09-07,1335,3443.21,4512.55,0.06,2155.54,Normal,721.0,0.21,426.84,420.61,7,1081.39,26,0,659.68,2393.65,Salario,1451.83,Salud,Positivo,32.2,Alto,0.0,0,42.713082202337716,En riesgo
2023-10-07,1260,2971.84,4285.42,0.27,2372.9,Inflación,606.0,0.25,624.85,251.53,3,1225.59,51,0,615.97,1617.93,Salario,1456.88,Salud,Positivo,46.8,Bajo,0.0,0,53.51566961790133,Estable
2023-11-06,1955,3076.59,2690.71,0.29,3164.19,Recesión,764.0,0.43,707.03,284.49,4,1590.81,61,0,327.61,1421.09,Independiente,921.86,Gastos_hormiga,Positivo,70.9,Bajo,385.88,0,53.20789842426428,Estable
2019-01-01,1673,2999.61,4736.83,0.09,3268.06,Recesión,643.0,0.12,575.37,116.1,4,1951.79,34,0,193.82,1924.92,Independiente,1257.13,Alimentacion,Negativo,63.0,Bajo,0.0,0,48.276259076790204,En observación
2019-01-31,1790,1649.12,3616.05,0.34,3228.48,Normal,645.0,0.46,856.95,0.0,2,0.0,55,0,408.32,2647.16,Independiente,2062.87,Vivienda,Positivo,89.2,Alto,0.0,0,38.733490012768314,Crítico
2019-03-02,1346,3264.57,2994.7,0.33,3207.62,Inflación,607.0,0.2,1160.63,553.92,3,1244.48,48,0,423.75,1000.0,Mixto,1624.65,Vivienda,Positivo,54.1,Bajo,269.87,0,61.39054325017842,Saludable
2019-04-01,1060,3517.89,3736.31,0.17,2623.71,Normal,666.0,0.51,266.35,464.74,6,0.0,89,0,696.63,2232.4,Salario,569.37,Alimentacion,Positivo,26.6,Bajo,0.0,0,39.449001162697186,Crítico
2019-05-01,1633,2256.07,2411.77,0.28,2931.69,Normal,646.0,0.21,716.82,407.9,8,291.02,46,0,238.23,2062.59,Mixto,300.0,Servicios,Negativo,79.0,Medio,0.0,0,53.49300236365567,Estable
2019-05-31,1244,5969.4,2768.71,0.29,2899.07,Inflación,631.0,0.34,570.72,275.68,2,676.38,52,0,661.0,2641.31,Salario,1395.43,Alimentacion,Positivo,14.5,Medio,3200.69,1,58.820442711677494,Saludable
2019-06-30,1444,5029.99,3890.02,0.12,2755.79,Normal,643.0,0.57,598.04,583.82,3,1033.75,69,0,436.04,2015.3,Salario,1047.73,Alimentacion,Positivo,89.7,Bajo,1139.97,0,40.78228663800987,En riesgo
2019-07-30,1183,2312.95,3945.06,0.14,3176.74,Normal,731.0,0.36,349.9,521.98,5,0.0,29,0,120.68,2156.2,Salario,1000.82,Vivienda,Positivo,0.6,Medio,0.0,0,41.79109343020743,En riesgo
2019-08-29,1606,3482.26,3200.29,0.29,2318.06,Inflación,617.0,0.18,181.27,562.4,8,669.44,76,0,304.02,1000.0,Salario,1299.05,Gastos_hormiga,Negativo,83.6,Bajo,281.97,0,61.34509801825459,Saludable
2019-09-28,1773,3354.24,3694.49,0.25,2493.17,Normal,644.0,0.57,792.28,34.77,5,162.94,85,0,0.0,2872.78,Salario,1182.78,Vivienda,Negativo,28.5,Bajo,0.0,0,36.115164703790114,Crítico
2019-10-28,1387,3480.16,3775.44,0.1,2507.33,Normal,639.0,0.1,772.91,427.53,1,1023.36,76,0,358.81,2021.35,Salario,1081.34,Servicios,Positivo,86.5,Bajo,0.0,0,53.22810393521474,Estable
2019-11-27,1484,3803.28,3323.07,0.15,2688.57,Normal,648.0,0.29,44.63,158.54,2,1334.9,91,0,789.93,2190.84,Salario,888.78,Salud,Neutral,37.1,Bajo,480.21,0,50.44906603549945,En observación
2019-12-27,1614,2521.17,2507.68,0.09,2730.81,Inflación,567.0,0.27,631.99,11.25,3,1138.08,52,0,745.68,1630.68,Salario,1076.93,Ocio,Positivo,27.6,Medio,13.49,0,43.08536171633088,En riesgo
2020-01-26,1945,5866.09,2721.01,0.06,2751.2,Inflación,703.0,0.17,712.0,0.0,8,1164.18,41,0,607.83,2221.14,Salario,1630.53,Transporte,Neutral,18.9,Bajo,3145.08,1,50.44120448965997,En observación
2020-02-25,1055,5258.99,2632.55,0.29,2364.88,Normal,640.0,0.41,321.09,377.43,5,1926.59,69,0,770.47,2415.06,Independiente,1497.26,Gastos_hormiga,Positivo,86.3,Bajo,2626.44,1,59.947781488933266,Saludable
2020-03-26,1566,4067.93,3038.68,0.31,2890.52,Inflación,636.0,0.14,683.68,284.02,3,1095.55,79,0,626.41,1869.17,Independiente,1482.5,Alimentacion,Negativo,23.2,Bajo,1029.25,0,60.89405529109273,Saludable
2020-04-25,1763,3914.89,3911.52,0.39,2415.9,Normal,623.0,0.52,416.89,510.11,2,636.46,86,0,440.37,2342.96,Independiente,830.68,Gastos_hormiga,Positivo,13.5,Bajo,3.37,0,53.408388412651384,Estable
2020-05-25,1784,4488.85,4399.84,0.39,2360.5,Normal,714.0,0.18,809.59,767.54,3,1099.68,71,0,380.14,1474.65,Salario,1126.51,Vivienda,Positivo,87.3,Alto,89.01,0,66.31006389654891,Excelente
2020-06-24,1502,4617.04,3659.12,0.26,2351.05,Normal,761.0,0.44,559.62,421.09,1,384.99,30,0,421.17,2818.8,Salario,1062.99,Otros,Positivo,62.4,Medio,957.92,0,48.384374307447196,En observación
2020-07-24,1248,4010.68,2836.56,0.37,2560.79,Normal,723.0,0.57,196.92,0.0,2,309.71,54,0,521.11,2819.13,Salario,896.4,Vivienda,Positivo,20.5,Bajo,1174.12,0,49.54563962071513,En observación
2020-08-23,1029,6619.89,3812.53,0.05,2364.64,Normal,722.0,0.32,514.94,111.35,9,1346.38,82,0,496.0,1881.06,Salario,1111.14,Alimentacion,Positivo,46.8,Bajo,2807.36,1,47.41126624660383,En observación
2020-09-22,1355,4660.54,1098.96,0.25,3032.44,Normal,622.0,0.58,215.86,324.53,3,1754.83,35,0,826.63,1092.09,Independiente,1437.51,Educacion,Neutral,97.4,Bajo,3561.58,1,55.67515744975862,Estable
2020-10-22,1842,2384.25,3799.43,0.39,2713.04,Recesión,787.0,0.14,549.54,714.83,8,0.0,31,0,803.81,2437.97,Salario,1393.45,Ocio,Positivo,7.3,Alto,0.0,0,58.51729285786309,Saludable
2020-11-21,1690,3286.94,3863.16,0.4,3306.71,Inflación,779.0,0.31,437.4,344.67,8,1518.98,51,0,421.16,1889.4,Salario,1239.94,Otros,Neutral,78.9,Medio,0.0,0,58.99718071918011,Saludable
2020-12-21,1387,4244.86,3184.46,0.29,2181.0,Normal,587.0,0.32,735.04,929.57,7,727.61,81,0,158.55,1109.36,Salario,1236.41,Educacion,Negativo,72.7,Alto,1060.4,0,56.92527294428492,Estable
2021-01-20,1663,3007.28,1754.01,0.19,2070.83,Normal,644.0,0.36,396.32,1056.53,9,999.69,92,0,610.92,1000.0,Salario,1489.76,Gastos_hormiga,Neutral,37.9,Medio,1253.27,0,53.78926698668961,Estable
2021-02-19,1403,3022.18,3194.35,0.26,3488.37,Inflación,670.0,0.43,490.28,226.6,7,2064.77,46,0,218.12,1886.59,Mixto,1526.66,Gastos_hormiga,Positivo,69.6,Bajo,0.0,0,51.11638356577175,En observación
2021-03-21,1272,3917.15,3508.59,0.27,2791.3,Recesión,607.0,0.19,401.86,294.24,6,1613.93,52,0,557.54,2129.82,Mixto,1298.92,Otros,Negativo,70.5,Medio,408.56,0,58.10400995609871,Saludable
2021-04-20,1447,2020.14,2332.49,0.33,2101.46,Normal,648.0,0.39,503.84,400.53,4,1122.77,93,0,505.9,1988.27,Salario,1151.33,Alimentacion,Positivo,31.0,Medio,0.0,0,54.29020905884846,Estable
2021-05-20,1939,4331.97,2657.92,0.23,3543.98,Inflación,710.0,0.35,336.06,488.54,5,1396.12,69,0,710.67,2073.34,Salario,1332.97,Otros,Positivo,99.5,Medio,1674.05,0,54.926947682960936,Estable
2021-06-19,1272,5027.23,2414.2,0.19,2370.73,Normal,654.0,0.47,799.65,0.0,6,1149.0,23,0,340.38,1000.0,Independiente,1245.73,Educacion,Negativo,31.0,Alto,2613.03,1,46.27765266733904,En riesgo
2021-07-19,1992,3643.48,2570.2,0.26,3177.48,Inflación,748.0,0.57,611.68,222.07,3,1126.53,72,0,225.58,1338.37,Salario,1428.13,Otros,Positivo,32.3,Bajo,1073.28,0,47.33683671090198,En observación
2021-08-18,1033,4326.45,4967.23,0.3,3077.25,Normal,729.0,0.13,353.56,404.45,7,1092.23,53,0,818.72,2351.97,Salario,1182.53,Ocio,Neutral,42.8,Bajo,0.0,0,58.63574305713166,Saludable
2021-09-17,1199,2067.72,2710.95,0.12,3783.45,Normal,622.0,0.2,250.13,520.3,1,891.84,28,0,320.48,1666.2,Salario,1425.06,Ocio,Neutral,97.5,Medio,0.0,0,50.09858853984801,En observación
2021-10-17,1010,3496.37,3863.84,0.19,2388.69,Normal,608.0,0.25,736.24,248.68,6,457.74,96,0,268.18,2028.19,Salario,1415.05,Inversiones,Negativo,65.7,Bajo,0.0,0,46.23712831806169,En riesgo
2021-11-16,1536,4095.6,3810.03,0.14,3334.69,Normal,707.0,0.24,554.72,327.25,3,1267.24,24,0,317.75,2565.47,Salario,1677.34,Ocio,Neutral,38.3,Medio,285.57,0,48.76124516949941,En observación
2021-12-16,1479,3574.03,2144.65,0.11,3056.15,Normal,704.0,0.54,472.59,554.64,1,615.29,32,0,57.12,3090.79,Salario,1458.91,Educacion,Positivo,38.4,Medio,1429.38,0,41.35853938464352,En riesgo
2022-01-15,1058,2808.94,3056.73,0.13,2812.41,Normal,684.0,0.45,392.4,234.72,5,1009.11,37,0,388.82,2193.13,Salario,671.01,Transporte,Negativo,45.6,Alto,0.0,0,38.74895001629056,Crítico
2022-02-14,1047,2963.77,3715.67,0.24,3239.8,Inflación,631.0,0.45,445.48,142.13,1,659.64,34,0,129.8,1851.71,Independiente,1325.53,Salud,Positivo,37.7,Bajo,0.0,0,45.713842680604365,En riesgo
2022-03-16,1267,2534.09,2596.83,0.35,2561.79,Recesión,664.0,0.33,799.93,364.1,6,1427.01,88,0,429.81,1461.85,Salario,742.35,Salud,Negativo,42.0,Alto,0.0,0,55.29180470696659,Estable
2022-04-15,1296,2746.43,2782.97,0.11,3347.0,Normal,674.0,0.24,493.07,193.88,1,861.69,74,0,755.72,1098.13,Salario,465.26,Ocio,Positivo,67.7,Bajo,0.0,0,47.95147122912661,En observación
2022-05-15,1608,3976.21,2736.73,0.08,2872.86,Normal,692.0,0.31,508.76,793.09,3,646.01,90,0,682.41,2494.57,Independiente,1374.23,Otros,Positivo,54.0,Alto,1239.48,0,46.22267362072636,En riesgo
2022-06-14,1690,5293.22,2753.24,0.09,2937.19,Normal,847.0,0.43,496.95,354.66,3,890.28,45,0,480.16,1226.44,Salario,1405.38,Servicios,Positivo,30.1,Bajo,2539.98,0,46.54029488275519,En riesgo
2022-07-14,1046,4848.26,3714.85,0.19,2898.64,Recesión,777.0,0.58,607.89,368.71,5,64.08,46,0,400.05,2770.88,Salario,1308.16,Transporte,Positivo,1.6,Medio,1133.41,0,37.77446279776533,Crítico
2022-08-13,1723,2878.18,3645.56,0.37,1598.06,Normal,656.0,0.23,519.37,131.94,1,1607.37,27,0,340.74,1385.69,Salario,1506.68,Servicios,Negativo,31.0,Bajo,0.0,0,60.76546944090626,Saludable
2022-09-12,1692,3067.71,3713.18,0.24,2657.7,Normal,666.0,0.35,718.05,475.5,2,1129.23,22,0,475.02,1512.35,Salario,1579.1,Gastos_hormiga,Neutral,3.2,Bajo,0.0,0,49.740165585500115,En observación
2022-10-12,1741,6707.56,1816.45,0.1,1706.52,Normal,699.0,0.25,675.57,429.94,7,694.08,36,0,341.93,1120.12,Independiente,1776.29,Vivienda,Negativo,80.2,Bajo,4891.11,1,54.92484545547373,Estable
2022-11-11,1012,5047.92,2324.62,0.05,1805.49,Inflación,699.0,0.43,130.35,496.63,7,694.46,61,0,445.59,2599.11,Salario,1128.15,Inversiones,Positivo,77.0,Bajo,2723.3,1,45.993269806471446,En riesgo
2022-12-11,1044,2851.45,1496.69,0.08,3386.92,Normal,645.0,0.41,770.34,727.74,6,924.65,28,1,550.0,1246.02,Salario,1138.71,Salud,Positivo,23.2,Medio,1354.76,0,43.70444585633471,En riesgo
2023-01-10,1453,3697.69,1940.3,0.2,2451.8,Recesión,738.0,0.47,363.1,522.42,3,2179.66,86,0,493.48,2305.3,Salario,808.21,Servicios,Positivo,19.5,Alto,1757.39,0,53.692978476804676,Estable
2023-02-09,1156,3337.46,3217.08,0.11,3114.39,Recesión,655.0,0.11,409.77,619.21,5,538.28,90,0,893.65,2662.82,Salario,704.5,Vivienda,Neutral,86.9,Medio,120.38,0,50.02587388043737,En observación
2023-03-11,1490,4633.39,2550.73,0.4,2841.49,Normal,658.0,0.45,712.69,338.74,4,798.63,37,0,844.85,1887.72,Salario,1721.65,Ocio,Positivo,85.0,Bajo,2082.66,0,56.53422330344951,Estable
2023-04-10,1406,4073.05,3469.8,0.29,3029.37,Normal,615.0,0.32,467.51,486.83,5,1161.34,77,0,991.51,2776.83,Salario,772.07,Ocio,Positivo,23.5,Bajo,603.25,0,54.73792385935099,Estable
2023-05-10,1624,4229.99,3358.25,0.22,2892.49,Normal,745.0,0.32,447.78,614.24,4,1179.99,31,0,181.94,2998.52,Independiente,909.15,Inversiones,Positivo,98.3,Medio,871.74,0,55.46766758711698,Estable
2023-06-09,1407,3875.22,2333.25,0.22,3223.4,Normal,702.0,0.57,632.06,384.07,2,1425.48,47,0,736.18,2802.01,Salario,1465.31,Educacion,Positivo,53.9,Medio,1541.97,0,43.90445346112032,En riesgo
2023-07-09,1136,1614.72,2933.36,0.15,2805.56,Recesión,714.0,0.26,350.78,98.6,2,1839.47,79,0,682.9,1868.0,Salario,1024.71,Transporte,Neutral,48.0,Medio,0.0,0,47.39347989256571,En observación
2023-08-08,1337,6471.53,2312.55,0.24,3434.23,Recesión,688.0,0.21,607.48,434.56,1,1361.49,64,0,336.47,2195.39,Salario,1056.24,Inversiones,Negativo,15.1,Bajo,4158.98,1,67.39029059646093,Excelente
2023-09-07,1898,4064.91,2974.73,0.37,2656.61,Normal,681.0,0.4,244.79,627.44,3,610.24,34,0,595.35,2577.54,Salario,1864.47,Alimentacion,Negativo,98.0,Medio,1090.18,0,56.06073266046448,Estable
2023-10-07,1192,4153.46,2379.73,0.11,2829.91,Recesión,688.0,0.44,545.3,251.99,4,1626.61,81,0,733.31,1630.62,Salario,903.09,Educacion,Negativo,14.5,Bajo,1773.73,0,44.31967587797782,En riesgo
2023-11-06,1607,4085.13,3709.59,0.14,3127.78,Recesión,608.0,0.46,464.2,449.21,3,1672.94,95,0,263.63,2501.95,Salario,1501.33,Transporte,Negativo,99.0,Bajo,375.54,0,43.75712358483336,En riesgo
2019-01-01,1530,3348.85,3000.73,0.31,2887.71,Normal,721.0,0.6,380.74,749.31,5,479.99,44,0,1020.01,1072.4,Salario,1172.87,Inversiones,Positivo,36.5,Medio,348.12,0,46.00422987945307,En riesgo
2019-01-31,1452,4614.66,4071.72,0.34,2531.7,Recesión,729.0,0.33,772.85,297.7,3,841.1,66,0,398.07,1825.02,Salario,1172.22,Ocio,Positivo,75.2,Alto,542.94,0,55.39162574685766,Estable
2019-03-02,1118,3227.28,3351.54,0.32,2828.91,Normal,754.0,0.35,833.5,228.91,2,907.62,80,0,338.73,1000.0,Salario,1603.41,Alimentacion,Neutral,63.8,Alto,0.0,0,52.025305396685454,En observación
2019-04-01,1909,4711.02,3160.8,0.09,2591.07,Normal,680.0,0.27,503.98,595.96,3,1936.03,54,0,494.19,2342.62,Independiente,1734.54,Ocio,Positivo,62.7,Medio,1550.22,0,52.1853063833161,En observación
2019-05-01,1001,4301.38,1671.02,0.15,2845.22,Inflación,760.0,0.53,825.8,287.58,5,156.4,28,0,541.16,1545.27,Salario,1495.34,Gastos_hormiga,Neutral,49.2,Bajo,2630.36,0,40.22741320731661,Crítico
2019-05-31,1926,4766.74,2244.08,0.33,3137.3,Recesión,743.0,0.45,688.97,265.88,7,881.43,75,0,758.13,2056.48,Salario,1110.62,Inversiones,Negativo,26.6,Alto,2522.66,0,51.2663788058442,En observación
2019-06-30,1852,4389.62,1513.48,0.4,2693.28,Inflación,644.0,0.23,488.27,966.49,9,849.92,95,0,404.91,2265.3,Salario,901.46,Inversiones,Negativo,86.1,Bajo,2876.14,1,72.80028933466876,Excelente
2019-07-30,1434,4546.92,3494.64,0.11,2730.19,Normal,573.0,0.5,489.36,480.44,7,956.14,71,0,339.82,1823.65,Salario,752.01,Otros,Positivo,9.1,Bajo,1052.28,0,42.61083653918444,En riesgo
2019-08-29,1973,5103.96,2071.57,0.3,2494.09,Inflación,656.0,0.3,489.04,0.0,6,725.0,65,0,520.2,2626.66,Salario,821.44,Inversiones,Neutral,42.8,Bajo,3032.39,1,59.34722554447252,Saludable
2019-09-28,1606,4053.47,4006.81,0.14,2391.93,Normal,622.0,0.31,491.23,645.73,5,890.18,84,0,337.57,1820.37,Salario,1588.74,Educacion,Neutral,86.0,Bajo,46.66,0,47.89278270848708,En observación
2019-10-28,1423,2997.24,3451.1,0.12,3040.04,Normal,675.0,0.28,701.31,465.3,2,547.83,79,0,731.41,1604.62,Salario,1881.66,Gastos_hormiga,Neutral,79.5,Medio,0.0,0,42.16647587208641,En riesgo
2019-11-27,1510,3379.99,3446.95,0.28,2849.9,Normal,696.0,0.39,458.86,356.73,5,299.26,31,0,843.21,3100.23,Mixto,1596.99,Gastos_hormiga,Positivo,13.3,Medio,0.0,0,45.64839720552611,En riesgo
2019-12-27,1930,3083.05,4311.23,0.08,3384.32,Inflación,695.0,0.32,362.5,7.18,1,1333.28,55,0,477.98,3487.11,Independiente,1491.89,Salud,Positivo,38.8,Bajo,0.0,0,39.15370449422972,Crítico
2020-01-26,1703,3363.59,2688.39,0.24,2058.94,Recesión,765.0,0.59,285.74,737.1,1,1226.21,63,0,417.44,1883.79,Salario,804.19,Educacion,Neutral,25.2,Alto,675.2,0,47.87029542393244,En observación
2020-02-25,1775,4052.79,2859.19,0.08,2786.93,Normal,613.0,0.15,108.61,413.18,5,528.15,24,0,523.94,1458.48,Salario,1214.6,Salud,Neutral,57.5,Bajo,1193.6,0,53.15914439482233,Estable
2020-03-26,1667,4374.68,3464.74,0.31,3000.42,Normal,663.0,0.45,618.71,323.24,1,924.93,99,0,527.65,3431.66,Salario,2009.45,Ocio,Neutral,17.8,Bajo,909.94,0,48.96761033876092,En observación
2020-04-25,1884,3676.37,1911.12,0.3,2559.83,Normal,703.0,0.44,920.41,410.4,5,786.74,98,0,595.16,3313.32,Mixto,777.98,Otros,Neutral,21.3,Alto,1765.25,0,49.26387861630672,En observación
2020-05-25,1140,4695.57,2806.19,0.1,2240.5,Normal,715.0,0.54,336.8,459.0,3,602.27,46,0,542.15,1000.0,Salario,1370.82,Alimentacion,Positivo,69.9,Bajo,1889.38,0,41.96098509271097,En riesgo
2020-06-24,1079,3905.77,2526.37,0.17,2404.92,Normal,689.0,0.57,462.02,268.17,5,572.37,66,0,377.21,1881.05,Independiente,644.21,Inversiones,Positivo,33.9,Bajo,1379.4,0,41.94957983287335,En riesgo
2020-07-24,1108,5735.6,2579.09,0.31,2028.29,Normal,639.0,0.16,495.69,394.19,3,354.63,24,0,589.82,1953.59,Independiente,1698.23,Inversiones,Positivo,93.9,Alto,3156.51,1,65.51091894045342,Excelente
2020-08-23,1934,4430.2,3398.7,0.22,2466.19,Recesión,657.0,0.1,483.05,326.84,1,1563.43,99,0,304.14,2316.95,Salario,1843.11,Otros,Positivo,36.5,Alto,1031.5,0,62.04800953321079,Saludable
2020-09-22,1963,3313.54,4702.81,0.32,3501.48,Recesión,607.0,0.3,548.36,0.0,2,811.46,82,0,798.3,2482.27,Salario,720.25,Alimentacion,Negativo,86.5,Bajo,0.0,0,48.064633244268194,En observación
2020-10-22,1097,4058.03,3926.13,0.15,3108.49,Normal,603.0,0.13,210.2,16.29,6,1172.34,33,0,273.96,2237.88,Salario,1484.82,Servicios,Positivo,33.8,Alto,131.9,0,53.20700601680011,Estable
2020-11-21,1425,3643.13,3477.74,0.09,3045.19,Normal,617.0,0.46,0.0,192.82,2,1202.43,24,0,706.59,2620.51,Salario,936.37,Otros,Positivo,83.9,Bajo,165.39,0,40.936007323525956,En riesgo
2020-12-21,1035,2099.6,4208.1,0.29,4038.47,Recesión,696.0,0.42,151.14,496.29,8,887.49,54,0,621.52,2255.84,Salario,917.56,Servicios,Positivo,38.4,Bajo,0.0,0,46.84020466486298,En observación
2021-01-20,1729,3494.72,3054.29,0.13,2364.0,Normal,663.0,0.31,314.63,500.49,6,1363.45,25,0,451.45,2851.1,Salario,907.7,Salud,Positivo,88.2,Medio,440.43,0,49.51928643113575,En observación
2021-02-19,1694,3887.49,1896.1,0.39,2912.79,Inflación,727.0,0.53,520.56,310.66,7,982.2,69,0,285.37,2002.62,Independiente,843.75,Vivienda,Positivo,15.4,Alto,1991.39,0,55.97010700297634,Estable
2021-03-21,1009,3751.52,2984.54,0.19,2719.39,Inflación,629.0,0.58,421.5,672.01,4,883.99,87,0,496.63,2406.76,Salario,1327.49,Servicios,Neutral,35.2,Medio,766.98,0,41.99883601892346,En riesgo
2021-04-20,1998,5075.96,1993.4,0.24,3256.95,Normal,690.0,0.59,586.24,608.31,2,1829.03,25,0,602.5,1862.87,Salario,539.61,Inversiones,Positivo,7.5,Bajo,3082.56,0,54.31068866481134,Estable
2021-05-20,1999,3294.98,3410.53,0.28,2859.43,Recesión,757.0,0.51,436.89,449.3,1,1335.86,27,0,280.83,2369.41,Salario,1498.07,Vivienda,Positivo,56.1,Bajo,0.0,0,49.86723578953318,En observación
2021-06-19,1892,2298.41,3206.4,0.05,1981.61,Normal,694.0,0.38,536.02,406.04,1,766.07,25,0,343.67,2791.09,Independiente,1752.5,Servicios,Neutral,59.5,Medio,0.0,0,36.61330605980861,Crítico
2021-07-19,1755,4675.74,3354.49,0.37,2828.38,Normal,678.0,0.43,541.6,378.68,4,493.38,98,0,200.81,1807.27,Salario,845.1,Vivienda,Neutral,1.5,Bajo,1321.25,0,57.05868939352154,Estable
2021-08-18,1354,4056.35,2356.37,0.08,2768.56,Normal,691.0,0.36,435.63,466.12,5,198.92,70,0,571.46,3160.19,Mixto,911.9,Alimentacion,Positivo,30.2,Medio,1699.98,0,43.21361410532782,En riesgo
2021-09-17,1521,4685.76,2810.71,0.34,3239.07,Inflación,649.0,0.12,598.9,60.52,2,1015.86,51,0,394.6,3227.63,Salario,1439.28,Salud,Neutral,32.0,Bajo,1875.05,0,64.57405510482818,Excelente
2021-10-17,1271,4977.35,2036.96,0.29,3143.3,Recesión,753.0,0.6,349.66,621.65,4,843.86,83,0,294.19,2990.21,Mixto,757.51,Otros,Positivo,33.0,Medio,2940.39,0,53.249413951897644,Estable
2021-11-16,1622,4273.35,1621.95,0.32,3404.88,Normal,608.0,0.46,313.75,996.68,4,800.67,44,0,710.46,2483.29,Independiente,1698.83,Transporte,Positivo,57.1,Medio,2651.4,0,58.513177447662166,Saludable
2021-12-16,1354,3494.96,3407.34,0.15,3847.28,Inflación,789.0,0.14,339.48,723.6,3,723.05,90,0,475.89,2342.17,Salario,971.1,Servicios,Neutral,3.8,Bajo,87.62,0,54.697384693097696,Estable
2022-01-15,1095,4543.78,2845.01,0.29,2970.76,Inflación,601.0,0.29,822.61,494.39,2,1283.09,31,0,267.11,3045.19,Salario,1787.76,Servicios,Positivo,67.9,Alto,1698.77,0,58.29784678255366,Saludable
2022-02-14,1660,5528.53,3360.99,0.13,1913.92,Normal,607.0,0.54,567.11,0.0,2,1743.28,83,0,769.97,1317.05,Salario,1112.51,Transporte,Positivo,25.6,Medio,2167.54,1,43.48662637074308,En riesgo
2022-03-16,1737,4817.76,3645.15,0.16,2243.17,Recesión,724.0,0.25,688.21,0.0,5,1679.86,53,0,504.2,1719.35,Independiente,1687.13,Inversiones,Positivo,20.6,Medio,1172.61,0,50.07665897195281,En observación
2022-04-15,1571,3917.81,2376.96,0.15,3277.53,Recesión,766.0,0.58,943.99,357.11,4,1101.07,31,0,621.19,1951.02,Independiente,435.37,Inversiones,Positivo,50.7,Bajo,1540.85,0,39.81756566829685,Crítico
2022-05-15,1294,5141.31,4833.38,0.1,3309.57,Normal,673.0,0.3,636.96,595.16,6,1287.79,45,0,642.25,1819.11,Independiente,1273.02,Educacion,Negativo,18.8,Bajo,307.93,0,44.70243281983507,En riesgo
2022-06-14,1949,3115.15,2762.38,0.07,2361.78,Normal,761.0,0.3,515.48,599.79,5,1199.8,24,0,576.92,1935.48,Salario,1595.63,Gastos_hormiga,Positivo,9.8,Bajo,352.77,0,46.337467776006655,En riesgo
2022-07-14,1779,4666.89,1994.19,0.31,3632.74,Inflación,567.0,0.59,491.25,86.43,7,709.47,40,0,588.72,2368.76,Independiente,801.39,Educacion,Positivo,81.5,Bajo,2672.7,0,47.98377499904215,En observación
2022-08-13,1192,3248.15,3728.25,0.15,2812.04,Normal,655.0,0.17,364.76,386.87,9,1414.08,67,0,707.22,2015.12,Salario,957.34,Inversiones,Negativo,57.1,Alto,0.0,0,49.338108389594154,En observación
2022-09-12,1383,3731.59,2505.95,0.09,2322.42,Recesión,605.0,0.49,233.63,116.68,9,100.43,28,0,484.73,2603.96,Salario,1135.19,Vivienda,Neutral,9.6,Bajo,1225.64,0,35.37443813724572,Crítico
2022-10-12,1518,3263.77,3183.38,0.12,2350.28,Normal,631.0,0.56,497.82,454.9,3,935.68,20,1,503.22,3331.16,Salario,1190.5,Salud,Positivo,90.9,Medio,80.39,0,36.335086722526896,Crítico
2022-11-11,1901,4607.72,2172.89,0.19,2606.41,Inflación,734.0,0.56,418.91,505.64,2,2037.83,69,0,466.98,1883.69,Salario,1130.66,Educacion,Positivo,77.6,Bajo,2434.83,0,51.672147733071625,En observación
2022-12-11,1664,4826.8,3189.31,0.27,2901.75,Normal,656.0,0.5,458.44,419.12,6,1357.43,50,0,289.16,3618.23,Salario,1980.84,Otros,Positivo,23.1,Alto,1637.49,0,48.866748892953254,En observación
2023-01-10,1543,4103.19,4148.24,0.18,2828.83,Normal,705.0,0.23,356.06,179.31,4,631.65,97,0,673.15,1724.77,Independiente,943.08,Otros,Positivo,27.4,Medio,0.0,0,50.0327598879919,En observación
2023-02-09,1494,2663.92,4313.45,0.16,2761.14,Normal,583.0,0.12,687.23,78.43,2,761.67,90,0,852.41,2615.43,Salario,1393.81,Servicios,Neutral,83.3,Bajo,0.0,0,45.78824251623239,En riesgo
2023-03-11,1987,4800.06,1963.21,0.18,2162.12,Recesión,687.0,0.4,718.61,379.88,9,1871.68,34,0,666.42,2345.66,Salario,1529.69,Otros,Positivo,98.3,Bajo,2836.85,1,52.79765570071284,Estable
2023-04-10,1877,6147.71,4363.65,0.15,3249.74,Inflación,716.0,0.4,897.7,188.1,5,687.07,60,0,370.8,2220.54,Salario,680.1,Otros,Negativo,0.7,Bajo,1784.06,0,42.584526651359795,En riesgo
2023-05-10,1314,4385.22,2978.25,0.21,2224.66,Recesión,635.0,0.32,394.18,647.61,4,1671.55,24,0,669.24,2510.28,Independiente,1639.01,Salud,Positivo,22.5,Bajo,1406.97,0,55.581792908101235,Estable
2023-06-09,1841,4204.23,2972.51,0.34,2436.48,Normal,726.0,0.28,377.21,741.09,6,760.8,30,0,840.83,2603.14,Salario,613.26,Salud,Positivo,79.3,Bajo,1231.72,0,61.642321685045786,Saludable
2023-07-09,1445,4819.52,3501.91,0.23,2376.83,Normal,727.0,0.26,489.85,239.73,4,1206.69,48,0,733.42,2703.57,Salario,751.67,Gastos_hormiga,Positivo,61.6,Bajo,1317.61,0,54.77462404525786,Estable
2023-08-08,1270,3710.49,3633.41,0.27,2624.29,Normal,705.0,0.38,796.19,692.52,8,2042.46,89,0,221.77,2364.33,Salario,1317.92,Alimentacion,Positivo,86.4,Alto,77.08,0,54.316426973466925,Estable
2023-09-07,1626,4088.05,3161.43,0.3,3451.91,Normal,657.0,0.28,745.27,751.72,8,66.51,85,0,460.52,1144.4,Salario,1528.61,Otros,Positivo,32.1,Medio,926.62,0,55.97259459416806,Estable
2023-10-07,1899,6398.69,4022.54,0.36,1700.95,Normal,746.0,0.32,545.66,658.45,4,981.18,70,0,615.02,2081.12,Salario,1711.0,Alimentacion,Neutral,51.7,Alto,2376.15,1,61.685688570772676,Saludable
2023-11-06,1961,6130.53,2355.21,0.31,1752.34,Normal,625.0,0.39,377.35,27.32,1,1003.21,33,0,535.32,1544.37,Salario,1004.25,Vivienda,Neutral,7.7,Medio,3775.32,1,60.33120686841096,Saludable
2019-01-01,1720,3816.71,4674.74,0.37,2947.07,Normal,813.0,0.22,618.08,528.05,7,768.09,88,0,463.53,2600.82,Salario,1002.12,Otros,Positivo,54.6,Alto,0.0,0,58.51872596326532,Saludable
2019-01-31,1878,4423.41,2900.19,0.08,3457.16,Normal,658.0,0.32,999.11,461.53,4,367.15,22,0,405.98,3021.31,Salario,549.99,Inversiones,Positivo,90.8,Bajo,1523.22,0,43.213356509436,En riesgo
2019-03-02,1864,3706.82,3881.34,0.26,3122.51,Inflación,631.0,0.36,612.25,317.14,8,1089.39,98,0,809.9,2385.13,Salario,2146.72,Inversiones,Neutral,6.9,Bajo,0.0,0,45.5945372988986,En riesgo
2019-04-01,1415,3054.59,3320.75,0.2,2638.09,Normal,674.0,0.23,345.04,283.78,4,900.53,75,0,549.39,1408.08,Salario,1008.04,Alimentacion,Negativo,5.8,Medio,0.0,0,51.24008250058497,En observación
2019-05-01,1707,4231.51,1897.87,0.31,2309.95,Inflación,706.0,0.23,563.13,335.76,6,683.11,47,0,541.41,2889.97,Salario,923.25,Gastos_hormiga,Positivo,78.8,Medio,2333.64,1,62.70514933778081,Excelente
2019-05-31,1921,2889.92,4189.15,0.25,2757.7,Recesión,642.0,0.59,543.53,681.78,5,706.22,39,0,422.9,1770.25,Salario,2000.8,Alimentacion,Positivo,38.2,Medio,0.0,0,40.30959682910892,En riesgo
2019-06-30,1287,4918.62,2495.46,0.25,2819.8,Inflación,737.0,0.33,328.05,419.91,5,767.24,66,0,308.83,2222.36,Mixto,1080.88,Inversiones,Positivo,78.9,Medio,2423.16,0,58.26782447109717,Saludable
2019-07-30,1344,3266.03,3162.23,0.15,2784.68,Normal,638.0,0.44,449.04,260.35,4,1311.57,28,0,353.47,1947.26,Mixto,1116.14,Ocio,Negativo,21.3,Medio,103.8,0,42.55946238793734,En riesgo
2019-08-29,1970,6847.04,3906.19,0.39,1920.98,Normal,718.0,0.1,450.95,476.11,7,1302.25,53,0,656.6,2737.36,Mixto,1542.08,Servicios,Neutral,17.5,Bajo,2940.85,1,72.39648203576989,Excelente
2019-09-28,1105,4897.52,2716.08,0.35,3564.76,Normal,612.0,0.18,560.64,225.72,7,809.11,53,0,579.2,2551.0,Salario,547.27,Vivienda,Negativo,23.4,Alto,2181.44,0,61.9071029098218,Saludable
2019-10-28,1752,3006.83,2995.2,0.07,3482.78,Normal,673.0,0.39,769.17,766.89,8,0.0,67,0,368.91,1000.0,Salario,1703.69,Vivienda,Positivo,6.9,Bajo,11.63,0,38.41347504244747,Crítico
2019-11-27,1551,4457.09,3930.75,0.13,3484.69,Inflación,675.0,0.48,550.97,589.59,2,544.08,83,0,984.78,2305.8,Salario,897.5,Salud,Neutral,32.5,Alto,526.34,0,37.707913995372365,Crítico
2019-12-27,1075,3229.27,3232.55,0.4,1719.16,Normal,596.0,0.39,723.0,443.63,9,1280.13,80,1,544.71,2819.56,Salario,1063.16,Vivienda,Positivo,43.1,Medio,0.0,0,55.058885500338235,Estable
2020-01-26,1268,4118.27,2496.65,0.28,2563.67,Normal,604.0,0.17,535.37,76.52,3,1805.38,62,0,348.11,2046.1,Independiente,1056.86,Vivienda,Negativo,32.8,Medio,1621.62,0,62.21786313028535,Saludable
2020-02-25,1097,3814.7,2436.64,0.2,2889.7,Normal,605.0,0.36,362.91,673.23,2,703.41,68,0,321.67,2394.87,Salario,648.47,Alimentacion,Negativo,12.8,Alto,1378.06,0,52.12652440382089,En observación
2020-03-26,1274,1346.96,3085.74,0.3,2640.98,Inflación,742.0,0.46,409.03,288.51,5,1429.59,80,0,280.82,2134.51,Salario,893.39,Transporte,Positivo,32.9,Bajo,0.0,0,49.213259797727254,En observación
2020-04-25,1313,4159.08,3558.11,0.15,2985.75,Recesión,605.0,0.21,474.77,896.42,8,1246.47,90,1,380.89,2468.66,Salario,1430.57,Gastos_hormiga,Positivo,94.2,Bajo,600.97,0,55.72166530240889,Estable
2020-05-25,1052,4385.47,2898.22,0.19,2321.21,Normal,638.0,0.15,127.53,170.15,1,299.78,86,0,118.95,2268.67,Independiente,1713.51,Alimentacion,Positivo,46.9,Bajo,1487.25,0,58.437660096006596,Saludable
2020-06-24,1587,2655.04,1722.57,0.06,3639.39,Normal,701.0,0.33,371.84,304.85,8,1493.02,22,0,839.63,1821.25,Mixto,1412.31,Gastos_hormiga,Positivo,4.9,Bajo,932.47,0,43.34636907075758,En riesgo
2020-07-24,1775,4107.0,2575.75,0.16,3011.21,Normal,563.0,0.5,705.39,482.41,1,0.0,97,0,475.52,3147.18,Salario,1019.72,Educacion,Neutral,27.9,Medio,1531.25,0,39.903722993931034,Crítico
2020-08-23,1006,4101.85,2935.32,0.38,3409.86,Recesión,608.0,0.11,176.22,650.36,4,950.0,41,0,233.47,1900.1,Mixto,1257.41,Gastos_hormiga,Positivo,8.7,Bajo,1166.53,0,73.92304984672951,Excelente
2020-09-22,1801,5810.44,2797.09,0.15,2946.61,Normal,668.0,0.1,684.83,537.31,9,1716.19,36,0,299.1,1684.84,Mixto,827.68,Otros,Negativo,55.9,Bajo,3013.35,1,64.65733705479147,Excelente
2020-10-22,1321,2883.01,3746.28,0.31,2227.46,Normal,741.0,0.49,848.98,0.0,1,797.17,71,0,501.18,1000.0,Salario,1478.58,Educacion,Positivo,48.2,Bajo,0.0,0,45.54702232557115,En riesgo
2020-11-21,1390,3205.32,2136.44,0.25,2567.61,Inflación,635.0,0.16,550.25,745.75,7,1229.77,66,0,546.66,2788.24,Independiente,1271.39,Vivienda,Positivo,97.3,Medio,1068.88,0,61.269641683044576,Saludable
2020-12-21,1617,4818.75,3073.84,0.09,2721.71,Normal,647.0,0.45,667.79,555.74,2,240.58,87,0,520.94,1892.53,Salario,1632.32,Ocio,Neutral,76.8,Bajo,1744.91,0,40.401725359726925,En riesgo
2021-01-20,1802,2755.45,2302.99,0.35,1882.96,Normal,651.0,0.48,552.8,822.54,3,828.85,46,0,576.19,2331.48,Independiente,1712.95,Inversiones,Positivo,14.2,Medio,452.46,0,53.55469157866085,Estable
2021-02-19,1433,4459.03,2532.93,0.24,3752.94,Recesión,741.0,0.2,395.85,586.49,9,1543.76,82,0,498.84,1997.35,Salario,1383.85,Otros,Positivo,50.5,Bajo,1926.1,0,62.46435162413513,Saludable
2021-03-21,1475,5162.02,4104.71,0.28,3498.9,Inflación,670.0,0.12,614.22,614.17,9,880.01,63,0,496.3,2294.13,Salario,1573.88,Servicios,Negativo,4.7,Alto,1057.31,0,59.11358690221784,Saludable
2021-04-20,1092,3966.3,3114.97,0.3,2121.94,Recesión,651.0,0.51,536.9,127.84,6,1268.22,44,0,725.75,2375.07,Salario,1223.42,Vivienda,Neutral,47.9,Alto,851.33,0,45.228922519095214,En riesgo
2021-05-20,1993,4343.65,3986.25,0.34,3611.01,Recesión,669.0,0.37,450.61,415.11,1,339.21,63,0,417.59,1000.0,Salario,787.34,Inversiones,Neutral,17.4,Alto,357.4,0,55.17749604575814,Estable
2021-06-19,1308,4248.11,2131.51,0.1,3344.46,Inflación,669.0,0.56,412.01,114.23,7,630.96,50,0,388.82,1788.89,Independiente,1311.82,Vivienda,Positivo,99.1,Alto,2116.6,0,37.39330455335405,Crítico
2021-07-19,1852,3200.14,3695.42,0.33,2995.36,Inflación,764.0,0.31,130.95,230.6,5,1041.07,60,0,785.73,2851.16,Salario,1427.57,Ocio,Positivo,44.9,Medio,0.0,0,53.940679222855906,Estable
2021-08-18,1584,4445.12,2184.64,0.18,3280.53,Normal,710.0,0.56,533.8,461.62,5,1225.95,90,0,549.66,1733.09,Salario,2070.8,Otros,Positivo,62.2,Alto,2260.48,0,44.404046061159434,En riesgo
2021-09-17,1155,4176.33,3309.43,0.25,2199.51,Recesión,664.0,0.22,411.23,141.49,6,1764.29,24,0,521.0,1801.76,Salario,1529.15,Educacion,Neutral,78.3,Alto,866.9,0,56.510550148607486,Estable
2021-10-17,1465,5655.8,2328.18,0.17,2441.63,Recesión,663.0,0.59,603.25,410.79,1,1668.64,97,0,349.24,1983.67,Salario,1892.02,Vivienda,Positivo,94.6,Bajo,3327.62,1,49.7488062115624,En observación
2021-11-16,1668,6528.31,3567.26,0.11,4195.21,Normal,676.0,0.51,507.94,394.69,9,660.97,60,0,530.21,2259.81,Independiente,1720.68,Otros,Negativo,80.8,Alto,2961.05,0,38.43277991854415,Crítico
2021-12-16,1476,6768.22,3576.71,0.31,2549.57,Normal,715.0,0.54,670.44,0.0,5,583.61,56,0,195.43,2567.44,Salario,971.35,Ocio,Positivo,87.2,Alto,3191.51,1,50.62721254025758,En observación
2022-01-15,1125,2979.52,5236.64,0.29,2809.77,Recesión,664.0,0.13,819.59,703.07,7,561.32,71,0,152.1,2016.11,Independiente,1546.44,Servicios,Positivo,12.3,Medio,0.0,0,56.24215411187825,Estable
2022-02-14,1459,4147.24,3104.08,0.25,2452.09,Inflación,656.0,0.23,633.07,125.67,3,231.51,20,0,256.75,2248.77,Salario,916.7,Otros,Negativo,44.4,Bajo,1043.16,0,52.98519416580496,Estable
2022-03-16,1467,5065.61,3998.17,0.35,3671.81,Inflación,698.0,0.32,612.35,36.23,7,915.39,45,0,473.78,3003.61,Salario,1601.17,Servicios,Positivo,58.7,Medio,1067.44,0,54.08762165823693,Estable
2022-04-15,1328,4502.18,3928.08,0.27,2635.51,Inflación,668.0,0.15,584.56,0.0,5,1021.89,22,0,593.51,1721.17,Salario,300.0,Inversiones,Negativo,75.5,Medio,574.1,0,56.61427190400048,Estable
2022-05-15,1867,4023.22,2234.86,0.28,2903.16,Recesión,621.0,0.25,244.69,348.15,4,321.43,72,0,658.4,1698.66,Independiente,1207.62,Ocio,Neutral,77.9,Alto,1788.36,0,57.58344999622281,Saludable
2022-06-14,1329,4218.27,820.0,0.35,2965.9,Recesión,734.0,0.12,810.22,494.32,2,908.43,44,0,494.03,2016.34,Salario,1659.82,Vivienda,Positivo,53.5,Medio,3398.27,1,73.41380129231902,Excelente
2022-07-14,1268,3935.86,2877.91,0.27,3840.85,Normal,666.0,0.47,579.74,362.51,8,1250.72,48,1,601.12,2460.28,Salario,1387.53,Vivienda,Negativo,25.1,Alto,1057.95,0,45.06312330861008,En riesgo
2022-08-13,1571,3959.13,2506.97,0.37,2989.43,Recesión,626.0,0.31,704.35,0.0,5,0.0,55,0,239.78,1229.24,Salario,1314.05,Inversiones,Negativo,26.6,Alto,1452.16,0,54.86911466797268,Estable
2022-09-12,1355,3810.97,2585.32,0.14,3269.94,Recesión,592.0,0.46,319.61,98.37,1,1553.85,33,0,557.61,2161.35,Salario,1600.71,Vivienda,Positivo,65.4,Bajo,1225.65,0,45.303811320850215,En riesgo
2022-10-12,1681,5005.06,2421.18,0.3,1916.07,Normal,654.0,0.16,513.19,502.21,4,1184.38,70,0,319.65,2027.77,Mixto,1642.5,Otros,Positivo,69.5,Bajo,2583.88,1,69.50446639465105,Excelente
2022-11-11,1470,5019.59,4036.0,0.16,3032.5,Normal,675.0,0.35,567.52,294.08,1,1576.67,85,0,822.54,2471.86,Salario,1564.72,Vivienda,Positivo,34.6,Medio,983.59,0,47.79730922346756,En observación
2022-12-11,1511,5058.46,3863.76,0.25,2981.48,Normal,546.0,0.2,423.16,726.31,7,1255.74,85,0,556.03,1753.13,Salario,1341.4,Transporte,Negativo,67.2,Bajo,1194.7,0,59.99311739061087,Saludable
2023-01-10,1158,2992.75,3377.14,0.17,2919.13,Recesión,635.0,0.14,685.28,905.14,7,811.18,26,0,828.32,2769.19,Salario,1260.19,Salud,Positivo,49.3,Medio,0.0,0,52.333732263407434,En observación
2023-02-09,1213,4506.97,2815.09,0.21,3386.98,Normal,710.0,0.38,629.09,122.77,4,1093.22,96,0,918.27,2437.89,Mixto,1135.24,Transporte,Positivo,92.6,Bajo,1691.88,0,48.20398629359958,En observación
2023-03-11,1304,4174.95,3191.07,0.2,2580.12,Normal,635.0,0.46,376.82,387.09,6,1081.32,95,0,493.0,2892.7,Mixto,887.72,Servicios,Positivo,50.6,Medio,983.88,0,46.82243520088224,En observación
2023-04-10,1097,1592.19,2720.16,0.33,2255.14,Inflación,672.0,0.48,499.2,502.89,1,1020.83,72,0,348.24,1854.09,Salario,1338.3,Inversiones,Negativo,35.5,Alto,0.0,0,48.59343853017853,En observación
2023-05-10,1250,4437.84,2553.31,0.14,1946.94,Recesión,707.0,0.17,504.39,224.02,6,1423.11,79,0,823.63,2024.0,Salario,785.43,Alimentacion,Positivo,55.7,Alto,1884.53,0,53.999802709126335,Estable
2023-06-09,1028,3041.88,1357.22,0.33,3334.79,Normal,725.0,0.28,428.2,154.88,5,1261.02,63,0,499.92,2451.77,Salario,1465.22,Otros,Negativo,39.5,Alto,1684.66,0,57.39962022050391,Saludable
2023-07-09,1455,3413.57,2147.13,0.38,3145.49,Inflación,683.0,0.56,547.79,742.08,4,1708.4,27,0,362.01,1209.94,Salario,545.04,Educacion,Negativo,68.2,Alto,1266.44,0,57.12333561550367,Estable
2023-08-08,1142,3619.99,4167.6,0.22,3705.39,Recesión,653.0,0.33,789.42,538.44,9,1431.28,32,0,400.46,2061.58,Mixto,1342.33,Educacion,Positivo,98.7,Bajo,0.0,0,49.08483195029563,En observación
2023-09-07,1513,3970.83,2176.47,0.25,2483.43,Normal,685.0,0.4,709.49,707.12,8,558.47,50,0,177.95,2220.68,Salario,1387.79,Ocio,Positivo,45.9,Bajo,1794.36,0,53.531529894018576,Estable
2023-10-07,1575,4786.91,2609.64,0.34,2861.68,Normal,807.0,0.49,634.97,358.59,6,199.43,50,0,180.51,2078.15,Independiente,1738.27,Educacion,Positivo,99.4,Alto,2177.27,0,51.716614291203996,En observación
2023-11-06,1280,5019.85,3903.22,0.22,2802.2,Normal,688.0,0.35,319.4,842.65,7,818.09,48,0,732.69,1353.04,Mixto,1379.58,Educacion,Neutral,43.2,Bajo,1116.63,0,53.50208087945138,Estable
2019-01-01,1097,3693.96,4150.94,0.31,2558.6,Inflación,696.0,0.55,413.66,267.5,1,1720.4,44,0,465.89,3177.43,Salario,2153.59,Transporte,Negativo,13.6,Bajo,0.0,0,45.160440558765615,En riesgo
2019-01-31,1951,3879.11,3075.42,0.18,2775.74,Inflación,800.0,0.59,829.8,756.54,4,794.99,58,0,563.54,2204.59,Salario,1300.29,Alimentacion,Positivo,69.7,Alto,803.69,0,39.8432626637466,Crítico
2019-03-02,1055,5020.37,4119.83,0.13,3144.8,Normal,643.0,0.32,182.52,406.66,4,1344.45,64,0,390.25,1861.17,Salario,1875.95,Inversiones,Negativo,70.9,Bajo,900.54,0,49.148250076903516,En observación
2019-04-01,1571,4159.49,3346.57,0.21,2566.44,Normal,629.0,0.2,447.63,433.09,8,1245.66,39,0,337.14,2990.43,Mixto,1332.78,Transporte,Positivo,49.3,Medio,812.92,0,56.198514810461994,Estable
2019-05-01,1921,5547.65,2672.09,0.19,2714.93,Normal,718.0,0.21,566.76,545.07,9,688.09,57,0,1111.81,2464.38,Independiente,922.7,Servicios,Positivo,86.0,Bajo,2875.56,1,56.87829415818507,Estable
2019-05-31,1770,3799.41,3409.29,0.21,2103.96,Recesión,766.0,0.32,265.73,85.76,3,916.19,63,0,507.46,2766.98,Salario,1219.16,Educacion,Positivo,19.8,Alto,390.12,0,48.700097501047566,En observación
2019-06-30,1915,2844.51,2201.04,0.28,3359.04,Inflación,717.0,0.17,307.45,316.16,5,1177.17,43,0,562.89,2491.68,Salario,1500.44,Alimentacion,Positivo,44.5,Medio,643.47,0,59.75791304809938,Saludable
2019-07-30,1819,3908.07,4207.54,0.32,2744.19,Recesión,749.0,0.33,409.84,0.0,8,1325.01,21,0,437.28,1123.94,Independiente,1063.44,Educacion,Negativo,94.9,Bajo,0.0,0,53.09387666720517,Estable
2019-08-29,1045,5263.54,2606.32,0.13,2888.43,Recesión,663.0,0.34,439.34,677.1,8,866.03,44,0,961.46,1592.53,Independiente,1125.16,Gastos_hormiga,Neutral,49.0,Bajo,2657.22,0,49.69013822327482,En observación
2019-09-28,1309,2578.67,2666.67,0.32,3519.54,Recesión,605.0,0.56,361.18,455.21,8,1211.68,94,0,108.36,1408.92,Salario,496.4,Ocio,Positivo,13.5,Bajo,0.0,0,50.94329514020159,En observación
2019-10-28,1684,3143.62,2770.44,0.07,2729.98,Normal,706.0,0.58,769.16,180.86,4,239.9,60,0,548.67,1752.85,Salario,1382.2,Alimentacion,Negativo,98.5,Alto,373.18,0,26.9833578594926,Crítico
2019-11-27,1310,4688.27,2886.49,0.07,3149.38,Normal,653.0,0.14,516.05,112.8,7,1594.84,69,0,510.08,2354.18,Salario,1316.32,Otros,Negativo,99.3,Bajo,1801.78,0,50.90446507877694,En observación
2019-12-27,1515,4263.13,1756.35,0.38,3083.67,Recesión,649.0,0.39,366.24,1028.15,4,662.02,53,0,540.5,2241.85,Salario,1591.51,Inversiones,Positivo,66.0,Medio,2506.78,0,64.94360559401763,Excelente
2020-01-26,1101,4600.5,2374.79,0.1,1881.59,Inflación,660.0,0.39,455.62,566.71,1,421.11,96,0,184.3,2604.32,Salario,875.26,Alimentacion,Positivo,47.8,Alto,2225.71,1,49.098286720218944,En observación
2020-02-25,1000,3381.06,2088.04,0.35,2127.41,Inflación,616.0,0.52,914.31,271.64,9,1737.8,67,0,430.48,2091.79,Salario,1140.2,Vivienda,Positivo,66.3,Bajo,1293.02,0,52.3078941336607,En observación
2020-03-26,1681,5312.2,2953.76,0.16,2769.19,Normal,675.0,0.32,233.87,523.38,8,1204.45,34,0,636.6,1265.21,Salario,1649.06,Alimentacion,Neutral,14.4,Bajo,2358.44,0,53.569935201538144,Estable
2020-04-25,1789,4438.58,2404.56,0.33,1888.02,Normal,571.0,0.21,696.45,258.07,1,801.51,43,0,304.97,2676.6,Independiente,693.64,Gastos_hormiga,Positivo,19.4,Alto,2034.02,1,64.53990043609603,Excelente
2020-05-25,1763,5136.21,4502.06,0.2,2634.13,Inflación,635.0,0.53,443.15,320.49,7,52.89,43,0,473.34,2388.88,Salario,823.84,Alimentacion,Positivo,31.8,Bajo,634.15,0,39.744839260223955,Crítico
2020-06-24,1296,4976.74,3818.98,0.11,2868.82,Inflación,763.0,0.47,607.55,277.49,1,691.97,84,0,500.65,2435.01,Salario,1350.82,Transporte,Neutral,10.1,Medio,1157.76,0,38.86246057202591,Crítico
2020-07-24,1603,2400.71,4244.68,0.29,2498.93,Recesión,667.0,0.19,499.06,492.07,2,1104.86,25,0,658.15,2678.93,Salario,735.25,Gastos_hormiga,Positivo,65.1,Alto,0.0,0,56.006210731113015,Estable
2020-08-23,1579,3906.18,3308.35,0.2,2544.63,Inflación,766.0,0.3,711.36,257.62,1,334.25,48,0,575.33,2369.45,Salario,1175.32,Inversiones,Positivo,98.3,Bajo,597.83,0,48.477166415873896,En observación
2020-09-22,1879,3813.81,2097.91,0.27,2880.1,Normal,727.0,0.55,583.15,650.96,1,596.18,99,0,123.5,2872.89,Salario,1912.27,Otros,Positivo,86.8,Bajo,1715.9,0,49.97924490804226,En observación
2020-10-22,1079,3594.22,1148.93,0.17,2800.76,Normal,796.0,0.49,884.56,499.9,4,1692.74,74,0,457.41,2078.56,Salario,662.75,Salud,Positivo,77.5,Medio,2445.29,0,49.58415981415171,En observación
2020-11-21,1869,5428.81,4017.02,0.16,1810.43,Normal,721.0,0.44,774.39,556.29,4,1787.01,33,0,266.19,1057.84,Salario,697.72,Vivienda,Negativo,21.6,Medio,1411.79,0,47.87121088602106,En observación
2020-12-21,1473,2814.78,3013.79,0.39,2956.95,Normal,625.0,0.19,386.71,690.39,8,1457.67,73,0,544.84,2198.85,Independiente,1362.95,Educacion,Negativo,65.3,Bajo,0.0,0,64.14276982414273,Excelente
2021-01-20,1631,2199.15,3727.1,0.27,2929.58,Normal,761.0,0.18,548.25,475.58,2,1090.17,70,0,428.34,1268.99,Salario,1975.6,Educacion,Positivo,87.6,Alto,0.0,0,56.1776964466146,Estable
2021-02-19,1722,3920.93,4279.01,0.13,2866.05,Normal,648.0,0.44,107.55,657.79,5,996.14,65,0,536.71,1835.41,Salario,1145.48,Alimentacion,Negativo,81.2,Bajo,0.0,0,43.281367674311355,En riesgo
2021-03-21,1598,5838.11,2553.87,0.3,2958.07,Inflación,699.0,0.23,548.65,614.75,9,1596.93,98,0,626.11,1211.88,Salario,1597.48,Ocio,Positivo,6.6,Medio,3284.24,1,68.60140146605015,Excelente
2021-04-20,1711,2189.55,2535.24,0.23,2722.12,Normal,652.0,0.34,332.8,226.15,4,899.51,70,0,919.02,1000.0,Salario,1459.77,Inversiones,Positivo,24.1,Bajo,0.0,0,48.97611056045265,En observación
2021-05-20,1770,4092.78,2170.1,0.25,2732.78,Recesión,775.0,0.46,636.61,261.25,7,0.0,53,0,490.89,2090.77,Salario,1402.29,Ocio,Neutral,0.5,Alto,1922.68,0,44.74480616152795,En riesgo
2021-06-19,1438,4044.89,3931.32,0.12,2357.84,Inflación,694.0,0.55,512.05,498.89,8,1070.11,23,0,408.87,2483.51,Salario,1299.58,Otros,Negativo,9.4,Bajo,113.57,0,35.39814394470372,Crítico
2021-07-19,1827,4257.04,2910.4,0.22,2668.49,Normal,768.0,0.2,433.48,432.51,5,1602.32,73,0,627.22,2414.66,Salario,1235.73,Inversiones,Positivo,85.0,Medio,1346.64,0,59.30551066197575,Saludable
2021-08-18,1771,4628.7,2991.48,0.19,2118.11,Normal,649.0,0.46,358.44,609.46,5,389.95,60,0,597.44,2824.86,Salario,1425.48,Servicios,Neutral,56.0,Alto,1637.22,0,43.91296582148624,En riesgo
2021-09-17,1659,4352.82,3150.71,0.12,1930.75,Normal,563.0,0.38,569.76,413.76,7,803.76,99,0,802.27,1045.17,Mixto,862.82,Alimentacion,Positivo,5.1,Bajo,1202.11,0,44.917096196778886,En riesgo
2021-10-17,1929,3370.26,2595.71,0.36,2606.29,Inflación,651.0,0.17,386.21,511.3,1,1223.95,47,1,334.91,2263.54,Salario,1268.81,Salud,Neutral,87.9,Alto,774.55,0,66.99494092910284,Excelente
2021-11-16,1223,3501.5,3281.56,0.14,3508.61,Recesión,718.0,0.52,740.63,349.22,9,971.53,22,0,381.53,2420.43,Salario,300.0,Vivienda,Negativo,29.7,Bajo,219.94,0,36.22005669338759,Crítico
2021-12-16,1814,4056.63,2785.44,0.3,2869.68,Normal,775.0,0.56,308.31,495.89,9,218.38,73,0,484.4,2693.64,Independiente,1015.07,Inversiones,Positivo,57.2,Bajo,1271.19,0,47.06264000714174,En observación
2022-01-15,1929,3620.88,3298.98,0.32,2812.08,Normal,677.0,0.37,513.96,452.34,2,807.51,50,0,361.54,2728.61,Mixto,624.29,Otros,Positivo,15.9,Bajo,321.9,0,56.3127334633957,Estable
2022-02-14,1753,4795.36,3075.58,0.22,2778.83,Normal,591.0,0.28,722.63,6.38,6,1219.3,94,0,390.51,1569.27,Salario,1701.05,Transporte,Positivo,33.3,Bajo,1719.78,0,53.43832338494266,Estable
2022-03-16,1483,4037.64,3110.89,0.33,3173.99,Normal,586.0,0.2,867.33,437.01,4,1192.09,37,0,556.8,3136.69,Independiente,1334.68,Inversiones,Negativo,65.9,Medio,926.75,0,57.73965878402366,Saludable
2022-04-15,1331,4275.82,2851.95,0.37,2554.44,Inflación,642.0,0.41,344.75,196.22,4,855.83,98,0,740.56,2153.03,Independiente,1511.58,Servicios,Neutral,66.2,Bajo,1423.87,0,55.22785074936799,Estable
2022-05-15,1104,3733.2,2285.78,0.22,3123.84,Normal,716.0,0.41,527.17,403.82,9,1122.98,70,0,458.62,1514.72,Independiente,1853.5,Otros,Positivo,1.2,Bajo,1447.42,0,50.06069404932757,En observación
2022-06-14,1809,5140.81,3352.44,0.2,3127.71,Normal,763.0,0.34,259.2,525.39,8,1337.85,69,0,650.85,1966.65,Independiente,1387.71,Inversiones,Neutral,98.2,Bajo,1788.37,0,53.526308243517306,Estable
2022-07-14,1421,4445.3,3861.94,0.36,3003.68,Recesión,710.0,0.22,284.59,127.49,9,1038.41,86,0,883.33,2525.25,Independiente,1507.02,Servicios,Neutral,53.4,Bajo,583.36,0,57.93293657469969,Saludable
2022-08-13,1731,5532.98,4479.33,0.06,3041.13,Normal,683.0,0.56,645.68,404.19,2,1006.9,98,0,144.92,2688.19,Salario,1288.18,Educacion,Neutral,7.9,Bajo,1053.65,0,35.68690262607052,Crítico
2022-09-12,1990,3429.75,2948.37,0.19,2480.78,Recesión,759.0,0.24,400.34,260.87,5,974.42,91,0,458.76,2030.46,Independiente,1145.03,Educacion,Positivo,70.9,Medio,481.38,0,52.97534927057725,Estable
2022-10-12,1347,2513.68,3305.56,0.34,3146.13,Recesión,615.0,0.44,244.78,704.38,7,1213.18,37,0,610.16,1051.36,Salario,2410.29,Alimentacion,Neutral,45.3,Bajo,0.0,0,52.57833079698252,Estable
2022-11-11,1959,4359.38,3964.36,0.25,3010.92,Normal,668.0,0.39,604.31,482.33,5,905.58,38,0,494.94,2548.91,Independiente,1140.56,Vivienda,Negativo,22.3,Medio,395.02,0,47.466027768715314,En observación
2022-12-11,1957,4650.45,1850.84,0.19,2768.65,Normal,643.0,0.4,399.72,81.37,7,1013.23,30,0,566.25,1960.48,Salario,2026.44,Educacion,Neutral,30.9,Bajo,2799.61,1,50.782151313344315,En observación
2023-01-10,1189,3817.12,2275.46,0.3,3407.94,Recesión,663.0,0.31,663.54,753.28,4,1090.75,36,0,373.78,1668.66,Salario,330.13,Salud,Neutral,27.3,Bajo,1541.66,0,61.71635069221352,Saludable
2023-02-09,1945,5730.31,3437.21,0.24,2697.35,Normal,593.0,0.31,850.62,240.89,4,1387.44,29,0,803.36,2110.17,Salario,788.5,Servicios,Positivo,96.1,Alto,2293.1,0,53.55143007773626,Estable
2023-03-11,1481,4295.32,3401.28,0.21,2518.62,Normal,748.0,0.53,485.04,970.95,6,1725.13,54,0,284.28,2830.87,Mixto,1066.23,Transporte,Negativo,80.8,Medio,894.04,0,48.26117792616417,En observación
2023-04-10,1880,3519.24,3680.73,0.36,2427.39,Normal,686.0,0.55,563.5,678.57,5,353.04,71,0,279.15,4073.79,Independiente,1160.31,Servicios,Negativo,72.6,Bajo,0.0,0,45.59146372507452,En riesgo
2023-05-10,1031,4692.73,3233.03,0.15,3456.97,Normal,689.0,0.27,462.91,612.12,1,1541.88,67,0,414.11,2665.46,Salario,491.09,Inversiones,Positivo,93.7,Bajo,1459.7,0,57.0419322090673,Estable
2023-06-09,1066,4067.52,2794.36,0.08,2498.59,Recesión,695.0,0.24,486.25,345.76,9,1306.22,20,0,439.88,2369.63,Salario,1339.18,Gastos_hormiga,Positivo,33.9,Alto,1273.16,0,47.976114369963184,En observación
2023-07-09,1077,4526.31,3865.95,0.2,2535.7,Normal,634.0,0.18,424.93,531.63,3,1338.79,76,0,365.54,1700.11,Salario,1568.28,Educacion,Positivo,13.9,Bajo,660.36,0,59.478931893945195,Saludable
2023-08-08,1743,5448.36,2540.96,0.38,3504.31,Inflación,696.0,0.13,438.69,526.55,2,866.29,21,0,826.63,2770.96,Salario,695.86,Ocio,Positivo,85.6,Medio,2907.4,0,71.99948524061053,Excelente
2023-09-07,1254,6438.55,3095.67,0.11,2837.72,Normal,750.0,0.25,476.9,678.8,6,1891.87,39,0,702.27,2523.37,Salario,1522.19,Educacion,Positivo,67.9,Alto,3342.88,1,57.78452272720018,Saludable
2023-10-07,1126,4832.32,3022.15,0.35,2763.64,Recesión,670.0,0.17,376.52,308.44,1,1797.72,55,0,290.22,1370.3,Mixto,1585.73,Inversiones,Positivo,26.1,Medio,1810.17,0,71.45873644950385,Excelente
2023-11-06,1743,5293.43,3244.6,0.21,3186.01,Normal,675.0,0.24,446.59,571.69,8,1089.06,69,0,349.78,1712.78,Salario,818.61,Alimentacion,Negativo,30.5,Medio,2048.83,0,57.81248942703331,Saludable
2019-01-01,1288,2157.06,3956.38,0.06,3239.51,Normal,618.0,0.49,267.83,740.34,4,0.0,70,0,446.96,3407.45,Mixto,1805.61,Servicios,Positivo,43.2,Bajo,0.0,0,31.344049332815302,Crítico
2019-01-31,1203,3092.56,2392.35,0.36,1669.36,Inflación,687.0,0.56,516.91,585.79,1,934.39,26,0,428.42,1874.71,Salario,1976.77,Transporte,Positivo,22.6,Bajo,700.21,0,52.436405999528766,Estable
2019-03-02,1384,4401.63,3351.32,0.09,3361.76,Recesión,617.0,0.5,687.69,887.93,5,888.53,28,0,572.69,1915.37,Salario,1843.81,Gastos_hormiga,Positivo,18.3,Medio,1050.31,0,40.27254477210665,En riesgo
2019-04-01,1532,3718.77,3712.66,0.3,3153.8,Normal,618.0,0.52,591.62,357.67,1,755.42,32,0,438.06,2616.72,Salario,1272.99,Ocio,Positivo,14.1,Medio,6.11,0,46.20972096175564,En riesgo
2019-05-01,1253,1336.44,2385.3,0.3,2456.47,Normal,647.0,0.46,861.32,379.01,9,412.05,81,0,539.11,2414.16,Independiente,1504.97,Vivienda,Positivo,50.1,Medio,0.0,0,41.74936518802649,En riesgo
2019-05-31,1137,5257.3,2692.63,0.37,2947.28,Normal,641.0,0.41,849.24,305.7,3,1360.73,64,0,440.41,1000.0,Salario,959.47,Salud,Neutral,6.9,Bajo,2564.67,0,61.13886469000286,Saludable
2019-06-30,1177,4130.08,2204.49,0.16,2704.44,Normal,603.0,0.15,623.82,332.5,3,337.89,93,0,739.12,1914.21,Salario,1086.93,Educacion,Negativo,57.0,Bajo,1925.59,0,53.33699345369302,Estable
2019-07-30,1933,5030.32,2995.05,0.39,2375.16,Inflación,729.0,0.59,447.37,840.74,6,614.67,82,0,369.18,2287.02,Salario,552.83,Inversiones,Positivo,53.6,Bajo,2035.27,0,56.61489402872672,Estable
2019-08-29,1297,3759.87,3993.16,0.15,2931.08,Recesión,674.0,0.27,257.09,636.33,2,1725.63,92,0,668.16,2277.32,Salario,983.83,Gastos_hormiga,Neutral,75.6,Bajo,0.0,0,52.76953712007641,Estable
2019-09-28,1019,6272.02,3516.79,0.38,2664.64,Inflación,559.0,0.55,727.15,158.62,8,1999.89,72,0,228.67,1811.31,Salario,599.04,Servicios,Positivo,75.7,Bajo,2755.23,1,59.89465949578553,Saludable
2019-10-28,1821,5360.33,3361.21,0.21,2575.07,Normal,789.0,0.27,567.66,246.38,3,840.41,88,0,333.7,2141.49,Salario,919.08,Transporte,Positivo,37.1,Bajo,1999.12,0,55.756742125576054,Estable
2019-11-27,1842,3148.12,2926.14,0.19,2938.43,Recesión,756.0,0.43,489.6,541.7,9,955.62,46,0,678.74,1156.46,Independiente,1760.59,Servicios,Neutral,18.5,Bajo,221.98,0,44.11049053932297,En riesgo
2019-12-27,1917,2947.45,3373.17,0.32,2670.61,Recesión,762.0,0.27,803.49,315.59,2,898.29,70,0,661.62,2171.72,Mixto,963.64,Ocio,Positivo,55.2,Medio,0.0,0,54.82680918733148,Estable
2020-01-26,1091,3745.31,3629.61,0.18,3352.12,Normal,770.0,0.41,126.23,567.93,4,1158.59,31,0,211.46,2655.27,Salario,2135.98,Salud,Positivo,86.9,Bajo,115.7,0,48.56027943937429,En observación
2020-02-25,1923,4305.48,3779.06,0.21,3028.18,Normal,695.0,0.2,607.62,421.56,8,1516.44,66,0,166.06,3107.76,Independiente,864.77,Servicios,Positivo,74.3,Medio,526.42,0,56.368758725858264,Estable
2020-03-26,1264,4549.69,3338.99,0.35,3564.46,Normal,642.0,0.45,607.85,0.0,3,909.23,69,0,492.24,2260.14,Salario,1074.17,Otros,Positivo,4.5,Bajo,1210.7,0,52.554080714236314,Estable
2020-04-25,1810,5195.83,3514.07,0.27,3207.02,Normal,740.0,0.14,438.63,560.26,5,506.28,52,0,834.28,1091.92,Independiente,1726.51,Vivienda,Negativo,58.2,Alto,1681.76,0,59.43436918827045,Saludable
2020-05-25,1771,3333.31,2219.09,0.29,2310.84,Recesión,733.0,0.39,424.62,434.77,8,1581.95,72,0,397.04,2706.59,Independiente,789.24,Servicios,Neutral,51.6,Medio,1114.22,0,55.100850646808425,Estable
2020-06-24,1016,3799.28,2473.61,0.09,2564.35,Normal,632.0,0.14,520.33,586.04,6,252.32,76,0,706.2,1578.38,Salario,1290.59,Otros,Positivo,76.8,Bajo,1325.67,0,52.15917348064497,En observación
2020-07-24,1149,4349.92,3149.43,0.09,2777.84,Normal,690.0,0.36,565.7,451.06,9,574.3,84,0,207.32,3214.16,Salario,1057.14,Salud,Positivo,38.7,Medio,1200.49,0,42.86797395954425,En riesgo
2020-08-23,1581,4849.85,4137.07,0.1,2689.41,Normal,658.0,0.14,657.53,202.42,3,339.49,88,0,615.28,2157.99,Salario,868.58,Ocio,Positivo,34.2,Medio,712.78,0,48.26123152443494,En observación
2020-09-22,1882,4641.19,3312.9,0.06,3344.49,Normal,712.0,0.42,424.62,375.35,9,983.03,86,0,727.34,1779.59,Salario,1425.84,Otros,Positivo,2.8,Medio,1328.29,0,39.8274988494412,Crítico
2020-10-22,1549,2584.44,2183.64,0.26,2172.37,Normal,685.0,0.14,601.45,497.73,1,1396.67,32,0,787.42,2668.49,Salario,1367.94,Educacion,Positivo,23.8,Bajo,400.8,0,61.08773560120429,Saludable
2020-11-21,1914,2518.54,3306.49,0.12,3136.47,Normal,734.0,0.19,214.76,535.9,8,711.98,67,0,376.9,3159.36,Salario,1001.96,Inversiones,Negativo,7.2,Bajo,0.0,0,46.824154785585655,En observación
2020-12-21,1783,4179.58,2029.73,0.2,1756.94,Normal,577.0,0.4,172.31,111.84,8,180.21,49,0,549.34,1713.25,Salario,751.03,Transporte,Positivo,48.3,Bajo,2149.85,1,50.70337173019713,En observación
2021-01-20,1790,1710.02,2960.71,0.38,2864.37,Normal,753.0,0.2,384.02,55.55,5,345.16,20,0,492.95,1058.14,Salario,1365.88,Alimentacion,Neutral,34.6,Bajo,0.0,0,57.528935531600574,Saludable
2021-02-19,1981,5960.17,3324.02,0.08,2764.32,Normal,753.0,0.38,533.18,196.53,2,1180.39,61,0,728.53,1000.0,Independiente,1168.9,Gastos_hormiga,Positivo,50.7,Medio,2636.15,0,46.21282402800544,En riesgo
2021-03-21,1456,4528.21,4359.2,0.14,2205.42,Normal,693.0,0.15,590.69,68.72,6,1690.43,21,1,543.1,2327.45,Salario,1080.54,Servicios,Negativo,26.2,Medio,169.01,0,49.22235798583074,En observación
2021-04-20,1201,3960.15,3003.6,0.1,2530.88,Normal,659.0,0.1,505.32,731.34,6,1300.36,87,0,483.63,2978.59,Salario,609.78,Transporte,Neutral,56.2,Medio,956.55,0,55.9311393778046,Estable
2021-05-20,1170,6765.29,3730.73,0.19,2929.86,Normal,695.0,0.28,469.69,675.44,6,587.8,38,0,283.02,2108.72,Mixto,1131.37,Ocio,Neutral,25.9,Alto,3034.56,1,57.949964022288704,Saludable
2021-06-19,1818,5974.57,1624.47,0.39,2564.67,Inflación,563.0,0.56,835.81,423.93,7,989.68,51,0,341.6,1990.01,Independiente,1029.17,Transporte,Negativo,87.1,Medio,4350.1,1,58.18477321661336,Saludable
2021-07-19,1971,2662.47,3161.1,0.21,2509.44,Recesión,608.0,0.19,490.07,167.2,7,1835.49,76,0,545.86,1218.81,Salario,899.76,Vivienda,Negativo,98.1,Bajo,0.0,0,54.40750637109744,Estable
2021-08-18,1949,1262.81,3983.64,0.14,3086.22,Normal,702.0,0.27,472.03,125.25,2,810.84,46,0,482.3,3108.82,Salario,1019.27,Inversiones,Positivo,77.3,Medio,0.0,0,40.43935448412062,En riesgo
2021-09-17,1479,3731.63,3630.44,0.22,3251.81,Normal,686.0,0.45,578.6,592.83,7,920.03,93,1,398.36,2282.51,Salario,1421.51,Ocio,Neutral,90.6,Medio,101.19,0,44.67300825042801,En riesgo
2021-10-17,1520,4404.16,3518.73,0.29,3380.32,Inflación,694.0,0.13,432.02,214.42,8,1660.73,99,0,590.0,2905.03,Salario,1055.89,Salud,Neutral,25.4,Bajo,885.43,0,61.472215732828374,Saludable
2021-11-16,1350,2901.8,4108.15,0.06,3099.72,Inflación,611.0,0.16,634.33,52.0,8,28.31,49,0,601.59,2887.63,Independiente,1116.58,Otros,Positivo,78.8,Medio,0.0,0,37.45259405609892,Crítico
2021-12-16,1917,4358.56,2349.88,0.28,3719.85,Recesión,643.0,0.56,417.78,439.07,6,640.41,75,0,577.23,1827.44,Salario,1052.03,Vivienda,Positivo,1.1,Medio,2008.68,0,48.501248549957154,En observación
2022-01-15,1059,3262.49,1945.61,0.11,1895.89,Inflación,684.0,0.59,284.18,477.64,2,201.21,99,0,578.21,1263.12,Salario,454.4,Servicios,Positivo,9.6,Bajo,1316.88,0,40.125538912550816,Crítico
2022-02-14,1580,3261.75,3296.65,0.15,3692.32,Normal,712.0,0.43,346.92,608.3,2,1226.32,62,0,612.03,1480.1,Salario,379.36,Otros,Positivo,21.2,Medio,0.0,0,46.88986043839681,En observación
2022-03-16,1029,3933.14,2949.17,0.3,2529.63,Recesión,706.0,0.35,558.03,718.47,3,942.69,45,0,171.36,1517.5,Salario,684.91,Otros,Positivo,7.2,Medio,983.97,0,60.645257805755485,Saludable
2022-04-15,1725,4565.62,2796.9,0.1,3129.72,Normal,715.0,0.56,28.88,241.49,2,368.72,70,0,367.23,2485.2,Independiente,761.65,Inversiones,Positivo,59.4,Bajo,1768.72,0,40.95596435965188,En riesgo
2022-05-15,1341,4511.73,2893.87,0.28,3201.79,Normal,700.0,0.52,556.39,355.26,7,1312.61,38,1,735.48,2715.27,Salario,645.91,Alimentacion,Positivo,99.1,Bajo,1617.86,0,49.38281805248343,En observación
2022-06-14,1095,5455.0,2716.01,0.22,2657.49,Normal,654.0,0.52,255.8,531.59,5,1166.06,38,0,283.01,1506.27,Salario,1460.35,Alimentacion,Positivo,75.3,Medio,2738.99,1,54.69202704000228,Estable
2022-07-14,1124,3846.7,3412.7,0.39,3527.49,Normal,578.0,0.2,671.13,0.0,1,1064.46,66,0,479.72,2924.72,Mixto,818.4,Alimentacion,Positivo,93.3,Bajo,434.0,0,62.109705917497905,Saludable
2022-08-13,1679,3261.17,2863.51,0.34,2810.08,Inflación,756.0,0.38,759.72,524.1,7,971.53,83,0,603.22,3038.57,Mixto,1436.52,Educacion,Positivo,61.5,Medio,397.66,0,52.56961662145589,Estable
2022-09-12,1818,2585.77,2851.3,0.36,2959.83,Normal,744.0,0.25,211.14,690.87,9,76.36,37,0,1158.74,2420.97,Mixto,1306.39,Salud,Positivo,63.3,Alto,0.0,0,55.20414405264214,Estable
2022-10-12,1052,2401.62,3662.26,0.2,3215.26,Recesión,648.0,0.57,647.5,920.38,6,1620.24,53,1,567.3,1856.06,Mixto,1150.76,Salud,Negativo,43.0,Alto,0.0,0,39.60995266006899,Crítico
2022-11-11,1161,4043.99,3735.51,0.19,1540.17,Recesión,813.0,0.4,576.85,0.0,8,1656.52,49,0,650.48,2863.29,Salario,848.09,Otros,Neutral,87.3,Medio,308.48,0,42.06587133011804,En riesgo
2022-12-11,1116,3308.49,3599.39,0.32,2512.59,Normal,726.0,0.51,599.51,268.22,7,1550.77,69,0,600.84,1857.74,Independiente,800.99,Vivienda,Positivo,90.1,Bajo,0.0,0,49.11101228869658,En observación
2023-01-10,1462,3452.89,3373.56,0.34,3376.34,Inflación,698.0,0.14,209.68,420.43,4,724.7,50,0,560.5,1408.65,Salario,1602.26,Educacion,Neutral,85.3,Bajo,79.33,0,63.38908645593632,Excelente
2023-02-09,1746,3689.48,1854.24,0.17,2498.45,Normal,692.0,0.49,881.18,39.2,1,1530.03,30,0,570.88,1826.67,Mixto,1709.34,Alimentacion,Negativo,27.1,Bajo,1835.24,0,42.808587791587826,En riesgo
2023-03-11,1092,4016.66,2798.32,0.23,2812.22,Normal,738.0,0.19,687.45,518.16,2,0.0,46,0,632.63,1340.23,Salario,1597.87,Gastos_hormiga,Neutral,78.4,Alto,1218.34,0,54.456360019715135,Estable
2023-04-10,1202,4306.28,2343.29,0.24,2967.0,Normal,635.0,0.2,584.73,441.57,9,257.39,25,0,233.19,2448.59,Salario,1854.4,Inversiones,Negativo,72.1,Medio,1962.99,0,54.8984997835116,Estable
2023-05-10,1812,2968.45,3498.06,0.12,2777.53,Normal,686.0,0.55,580.39,791.54,3,0.0,51,0,405.82,2411.5,Salario,955.27,Alimentacion,Neutral,51.3,Medio,0.0,0,34.855786199627204,Crítico
2023-06-09,1074,3982.13,2534.66,0.16,2466.28,Normal,638.0,0.18,735.88,527.95,5,963.46,76,0,271.3,3498.46,Salario,1024.55,Vivienda,Neutral,42.8,Medio,1447.47,0,53.73190291282199,Estable
2023-07-09,1457,4367.89,4373.61,0.1,2428.25,Inflación,661.0,0.42,964.23,168.69,4,617.96,51,0,174.09,2727.54,Independiente,796.51,Gastos_hormiga,Positivo,2.7,Medio,0.0,0,36.52183851132227,Crítico
2023-08-08,1190,1891.95,3224.88,0.1,2797.4,Normal,602.0,0.53,119.92,426.44,8,645.16,94,0,655.84,2527.03,Mixto,566.81,Vivienda,Neutral,70.0,Bajo,0.0,0,33.742772496753155,Crítico
2023-09-07,1741,4396.7,3089.09,0.05,3247.8,Recesión,664.0,0.18,532.89,563.82,2,368.2,56,0,478.19,2134.84,Salario,1915.08,Transporte,Positivo,74.8,Bajo,1307.61,0,48.91672010352568,En observación
2023-10-07,1149,5549.63,3175.02,0.15,2398.82,Normal,595.0,0.52,586.84,641.09,9,1166.62,89,0,599.47,2879.58,Salario,1092.28,Ocio,Positivo,45.0,Bajo,2374.61,0,43.83260830673201,En riesgo
2023-11-06,1097,3821.33,2415.4,0.22,3811.81,Normal,649.0,0.47,395.1,531.62,6,1327.73,71,0,374.75,1864.64,Salario,786.62,Salud,Positivo,30.6,Bajo,1405.93,0,51.53702887392342,En observación
2019-01-01,1577,4672.18,2794.87,0.31,2740.43,Inflación,625.0,0.59,359.29,300.44,8,1628.21,54,0,421.97,1000.0,Salario,1595.89,Otros,Positivo,74.3,Bajo,1877.31,0,52.471525495720684,Estable
2019-01-31,1566,3524.82,4439.4,0.3,3118.63,Inflación,662.0,0.26,420.65,274.62,8,1035.28,93,0,244.44,1365.41,Salario,1492.34,Servicios,Positivo,68.0,Bajo,0.0,0,56.01419063573032,Estable
2019-03-02,1859,3265.31,2146.34,0.17,3762.62,Normal,735.0,0.14,812.44,824.93,6,1404.68,80,0,535.01,2356.9,Salario,462.49,Alimentacion,Positivo,30.4,Medio,1118.97,0,58.66280878074006,Saludable
2019-04-01,1490,3617.24,2725.09,0.13,3195.09,Recesión,692.0,0.26,577.49,606.35,2,1439.4,23,0,390.56,1407.56,Salario,1122.39,Educacion,Positivo,48.4,Bajo,892.15,0,54.73239662907985,Estable
2019-05-01,1497,6423.61,3150.23,0.25,2260.14,Normal,785.0,0.44,376.08,136.46,7,1389.59,44,0,243.86,2311.22,Salario,894.4,Alimentacion,Negativo,42.5,Medio,3273.38,1,54.35690813498998,Estable
2019-05-31,1823,4179.85,3932.85,0.4,1738.12,Inflación,720.0,0.21,771.58,608.67,7,1210.85,62,0,363.47,2240.85,Independiente,971.09,Transporte,Positivo,22.6,Bajo,247.0,0,64.44061568950262,Excelente
2019-06-30,1862,4520.96,1683.56,0.19,3512.01,Inflación,644.0,0.35,506.96,234.8,6,537.7,61,0,109.36,2302.78,Salario,1270.13,Salud,Positivo,95.4,Alto,2837.4,0,52.22756869063053,En observación
2019-07-30,1836,5897.16,2958.34,0.08,2598.95,Normal,661.0,0.52,418.93,500.91,1,402.68,32,0,325.56,2464.04,Salario,992.13,Salud,Positivo,13.2,Bajo,2938.82,1,44.95265966040007,En riesgo
2019-08-29,1645,4708.68,3491.93,0.22,2315.08,Inflación,659.0,0.28,237.72,354.54,7,672.01,27,0,375.62,3003.59,Salario,937.73,Inversiones,Neutral,40.5,Medio,1216.75,0,52.34824193734906,En observación
2019-09-28,1378,5083.27,2207.13,0.08,3276.37,Normal,678.0,0.47,443.73,224.95,1,1423.77,46,0,399.37,2368.61,Independiente,805.56,Gastos_hormiga,Positivo,63.3,Alto,2876.14,0,45.9847593736366,En riesgo
2019-10-28,1380,6383.05,2096.21,0.24,2745.05,Recesión,652.0,0.27,556.78,777.8,7,785.22,45,0,623.05,2419.18,Salario,1456.71,Servicios,Neutral,42.8,Bajo,4286.84,1,63.0205066898886,Excelente
2019-11-27,1992,5293.28,2396.09,0.1,3033.07,Normal,684.0,0.52,507.86,463.56,4,1156.37,80,0,672.62,1851.73,Salario,1428.2,Gastos_hormiga,Positivo,74.5,Bajo,2897.19,0,44.30958740602187,En riesgo
2019-12-27,1453,5447.32,3872.62,0.31,2622.29,Normal,745.0,0.5,392.34,395.52,4,1255.79,93,0,200.49,2157.19,Mixto,662.55,Transporte,Positivo,87.3,Medio,1574.7,0,55.038863204045626,Estable
2020-01-26,1220,2959.45,2040.15,0.22,2831.12,Normal,713.0,0.38,306.48,173.52,7,944.79,69,0,887.86,2282.65,Salario,1318.39,Servicios,Neutral,23.7,Medio,919.3,0,46.27185796274778,En riesgo
2020-02-25,1957,4857.69,3463.34,0.38,2435.11,Inflación,642.0,0.41,697.55,549.83,7,851.65,95,0,314.03,1761.8,Independiente,929.51,Gastos_hormiga,Positivo,25.2,Bajo,1394.35,0,58.849332683429175,Saludable
2020-03-26,1593,5499.2,1964.02,0.11,2143.61,Recesión,698.0,0.51,621.69,275.75,2,773.32,87,0,184.18,2671.26,Salario,1483.48,Inversiones,Positivo,44.9,Alto,3535.18,1,45.31114104176486,En riesgo
2020-04-25,1914,4396.81,2857.63,0.12,2238.12,Recesión,591.0,0.51,587.09,109.29,2,1118.35,88,0,240.41,1334.17,Independiente,300.0,Servicios,Negativo,69.3,Alto,1539.18,0,40.93745406920549,En riesgo
2020-05-25,1493,4804.53,3627.08,0.3,2574.22,Normal,694.0,0.57,427.03,579.98,8,1146.35,85,0,633.84,2326.04,Salario,1385.96,Servicios,Neutral,4.9,Bajo,1177.45,0,47.39123262409467,En observación
2020-06-24,1266,5459.96,2733.1,0.24,3179.38,Inflación,660.0,0.2,215.13,4.6,5,620.2,25,0,625.71,2475.26,Salario,1596.37,Salud,Positivo,69.5,Bajo,2726.86,0,58.60275099671128,Saludable
2020-07-24,1374,3516.53,3281.42,0.26,3032.61,Inflación,767.0,0.22,356.14,86.15,8,916.55,85,0,901.44,2597.83,Salario,1357.67,Alimentacion,Positivo,27.9,Bajo,235.11,0,52.25338811017119,En observación
2020-08-23,1029,6190.05,2737.46,0.14,2822.84,Normal,659.0,0.26,655.51,500.58,1,1542.02,69,0,535.72,2663.23,Salario,1074.89,Inversiones,Neutral,35.5,Bajo,3452.59,1,58.670063582193976,Saludable
2020-09-22,1501,4421.9,2458.09,0.32,2921.68,Normal,641.0,0.59,374.17,194.76,4,652.95,77,0,451.61,2491.74,Salario,340.32,Educacion,Positivo,51.3,Medio,1963.81,0,49.95180557130851,En observación
2020-10-22,1053,4045.88,3721.16,0.3,2552.18,Normal,697.0,0.19,420.88,330.13,2,1138.82,89,0,668.2,1734.18,Independiente,1662.29,Servicios,Neutral,51.2,Medio,324.72,0,59.06214774799984,Saludable
2020-11-21,1611,4126.2,3379.54,0.25,2082.98,Recesión,582.0,0.22,850.37,602.33,7,835.65,95,0,548.47,3195.34,Mixto,1849.65,Ocio,Negativo,97.2,Bajo,746.66,0,51.59254848897216,En observación
2020-12-21,1499,4281.58,3929.67,0.09,2878.47,Normal,757.0,0.56,593.51,171.21,9,1202.44,57,0,320.58,1080.79,Mixto,1314.58,Inversiones,Negativo,92.4,Medio,351.91,0,33.881547375055376,Crítico
2021-01-20,1607,4992.93,2954.29,0.25,2976.17,Inflación,656.0,0.47,563.06,507.27,1,1297.57,21,0,540.81,2016.59,Independiente,539.52,Transporte,Negativo,4.7,Bajo,2038.64,0,52.45000512533939,Estable
2021-02-19,1953,4001.32,4475.84,0.1,3499.12,Inflación,722.0,0.32,520.58,355.72,2,2.95,62,0,434.63,3054.47,Salario,882.83,Otros,Positivo,51.1,Bajo,0.0,0,40.256464426235624,En riesgo
2021-03-21,1663,4437.14,3601.36,0.28,2283.78,Inflación,662.0,0.28,1056.16,457.57,2,1936.39,79,0,294.92,2149.62,Salario,1559.28,Transporte,Positivo,60.0,Medio,835.78,0,57.92117249595894,Saludable
2021-04-20,1581,3152.04,3012.22,0.23,3085.78,Normal,756.0,0.49,412.07,200.26,3,401.59,25,0,477.32,2404.96,Salario,990.81,Otros,Positivo,66.8,Alto,139.82,0,42.272006362262964,En riesgo
2021-05-20,1210,5437.7,3823.37,0.38,2935.26,Normal,703.0,0.6,848.4,220.0,8,490.42,36,0,316.42,2391.49,Salario,1591.37,Otros,Positivo,46.4,Medio,1614.33,0,46.45900457145793,En riesgo
2021-06-19,1862,3679.44,2667.59,0.38,1988.35,Normal,649.0,0.4,658.16,322.48,6,1093.22,66,0,564.48,1488.86,Salario,1552.8,Inversiones,Positivo,17.5,Medio,1011.85,0,56.66911322612084,Estable
2021-07-19,1728,4638.91,2209.99,0.4,2813.92,Recesión,630.0,0.36,646.66,420.85,4,463.06,87,0,524.64,2437.66,Salario,827.44,Educacion,Positivo,91.2,Medio,2428.92,0,61.732391254741245,Saludable
2021-08-18,1340,3152.62,2691.53,0.18,2305.21,Recesión,658.0,0.13,538.89,150.15,6,1311.7,26,0,829.27,3246.94,Independiente,904.15,Ocio,Negativo,78.2,Alto,461.09,0,50.52345536231489,En observación
2021-09-17,1704,4875.42,2179.69,0.18,2850.22,Normal,783.0,0.25,276.25,235.28,5,1478.71,24,0,451.73,2603.85,Salario,1053.61,Transporte,Positivo,38.4,Bajo,2695.73,0,58.82256036967301,Saludable
2021-10-17,1599,5009.67,3363.98,0.11,3298.25,Inflación,659.0,0.19,591.25,264.25,9,797.59,79,0,235.79,2164.94,Salario,1596.06,Inversiones,Negativo,41.2,Bajo,1645.69,0,49.35209320856346,En observación
2021-11-16,1075,2779.08,4122.99,0.08,2542.16,Normal,648.0,0.25,705.14,326.86,8,721.25,55,0,439.65,2836.88,Salario,1551.81,Inversiones,Negativo,69.3,Bajo,0.0,0,37.880652012231465,Crítico
2021-12-16,1904,3440.35,4862.61,0.21,3015.67,Normal,713.0,0.37,245.9,424.62,5,1609.9,37,0,130.76,2795.04,Independiente,1038.31,Alimentacion,Positivo,25.4,Bajo,0.0,0,50.08001715368155,En observación
2022-01-15,1549,3709.77,4149.26,0.35,2779.88,Normal,667.0,0.31,397.65,809.99,2,788.56,20,0,662.74,2872.23,Salario,1578.86,Ocio,Neutral,21.1,Medio,0.0,0,56.863349267411756,Estable
2022-02-14,1358,4117.89,3313.45,0.14,2666.16,Normal,702.0,0.29,762.38,493.47,2,1255.2,73,0,556.31,1035.92,Salario,671.68,Otros,Neutral,31.4,Alto,804.44,0,50.37974517578791,En observación
2022-03-16,1986,4672.86,1182.03,0.36,3069.94,Recesión,710.0,0.59,560.47,0.0,4,621.72,40,0,689.73,2375.34,Salario,793.22,Ocio,Positivo,2.7,Alto,3490.83,1,53.35360489198864,Estable
2022-04-15,1216,3900.27,3431.6,0.18,3254.08,Normal,681.0,0.39,567.27,380.58,6,1415.12,52,0,315.18,3324.25,Salario,1472.92,Salud,Negativo,80.9,Bajo,468.67,0,44.706465357036684,En riesgo
2022-05-15,1737,3446.54,3169.13,0.15,3896.53,Recesión,674.0,0.32,297.55,134.61,9,1416.55,44,0,684.33,1953.95,Independiente,1344.01,Alimentacion,Negativo,48.7,Bajo,277.41,0,43.72049873631514,En riesgo
2022-06-14,1023,3254.13,3468.18,0.4,2855.23,Normal,637.0,0.27,698.79,678.73,8,1283.13,85,0,409.35,2565.7,Independiente,1167.61,Alimentacion,Negativo,58.3,Medio,0.0,0,59.606097955941564,Saludable
2022-07-14,1382,2970.13,3628.07,0.2,2087.04,Recesión,699.0,0.28,283.0,379.94,7,1115.65,41,0,591.44,2393.55,Independiente,1376.23,Otros,Positivo,51.3,Medio,0.0,0,49.6699823123388,En observación
2022-08-13,1540,3646.28,2177.51,0.24,2663.91,Recesión,644.0,0.16,597.75,350.0,6,406.97,35,0,425.49,2570.58,Independiente,1565.82,Transporte,Neutral,44.0,Medio,1468.77,0,56.1100782607352,Estable
2022-09-12,1542,5110.75,2475.68,0.3,2457.73,Normal,634.0,0.46,912.36,402.85,7,1524.87,71,0,766.86,2425.32,Salario,362.54,Transporte,Negativo,5.1,Alto,2635.07,1,52.94873017674644,Estable
2022-10-12,1175,4445.3,3458.44,0.38,2913.05,Normal,603.0,0.32,564.07,403.67,7,1631.16,41,0,529.09,1942.57,Independiente,1061.05,Salud,Negativo,73.7,Bajo,986.86,0,60.73425949184497,Saludable
2022-11-11,1187,3250.29,2500.34,0.27,2844.0,Inflación,640.0,0.43,827.72,544.49,6,702.68,69,0,498.21,1000.0,Mixto,1358.19,Salud,Negativo,44.5,Bajo,749.95,0,48.732996815711246,En observación
2022-12-11,1378,5215.62,3384.18,0.05,2655.32,Normal,592.0,0.21,411.32,517.68,9,1486.85,38,0,357.73,2086.98,Salario,1733.29,Inversiones,Positivo,91.1,Bajo,1831.44,0,51.355375581204086,En observación
2023-01-10,1932,2996.84,3492.35,0.18,2169.1,Normal,680.0,0.43,398.09,79.33,8,1524.37,27,0,438.15,2052.05,Salario,637.14,Transporte,Neutral,39.2,Bajo,0.0,0,43.89151625911492,En riesgo
2023-02-09,1048,4316.94,2404.6,0.3,2023.14,Recesión,636.0,0.3,537.15,345.74,1,449.23,84,0,438.11,1522.12,Salario,1013.1,Servicios,Positivo,45.1,Bajo,1912.34,0,59.5816255916219,Saludable
2023-03-11,1087,4386.95,3176.59,0.13,2304.3,Inflación,601.0,0.31,40.63,626.57,3,1470.85,62,0,851.41,2679.71,Independiente,778.69,Salud,Neutral,92.4,Medio,1210.36,0,51.35744073265836,En observación
2023-04-10,1657,3611.9,2456.7,0.15,3566.26,Recesión,668.0,0.34,293.0,470.53,4,58.89,53,0,560.1,2904.36,Salario,2005.45,Otros,Neutral,88.3,Medio,1155.2,0,43.77205283665587,En riesgo
2023-05-10,1817,3773.88,3416.97,0.2,1749.92,Recesión,611.0,0.53,505.7,552.1,8,660.39,25,0,641.03,1581.61,Salario,1034.11,Servicios,Positivo,90.0,Bajo,356.91,0,41.980973771198315,En riesgo
2023-06-09,1738,5741.66,2394.88,0.32,2947.47,Normal,706.0,0.54,548.53,694.92,7,1337.56,72,0,412.24,3188.04,Salario,853.71,Gastos_hormiga,Positivo,33.2,Medio,3346.78,1,58.32274529968365,Saludable
2023-07-09,1885,4399.97,3064.82,0.32,3290.92,Inflación,713.0,0.35,505.86,512.75,4,1337.81,41,0,475.47,2887.04,Salario,1768.93,Alimentacion,Positivo,13.1,Bajo,1335.15,0,58.303985577173556,Saludable
2023-08-08,1961,3422.26,3461.29,0.25,2636.77,Inflación,658.0,0.18,802.82,481.17,6,1057.28,58,0,387.11,2462.29,Salario,878.44,Alimentacion,Negativo,18.0,Medio,0.0,0,54.51911701012192,Estable
2023-09-07,1729,5056.46,3923.15,0.33,2480.91,Normal,656.0,0.21,649.64,593.42,9,392.56,41,0,260.82,2065.56,Mixto,721.74,Transporte,Neutral,81.0,Bajo,1133.31,0,60.87975724251513,Saludable
2023-10-07,1703,5223.46,3049.92,0.14,3008.39,Inflación,643.0,0.16,796.37,0.0,2,659.47,78,0,368.79,2756.54,Salario,2016.03,Alimentacion,Positivo,18.5,Alto,2173.54,0,50.699407472302845,En observación
2023-11-06,1321,4537.59,3100.27,0.24,2650.22,Normal,546.0,0.17,779.36,214.66,2,942.52,89,0,333.35,1960.12,Mixto,1519.75,Salud,Positivo,26.5,Bajo,1437.32,0,59.16717365155544,Saludable
2019-01-01,1228,4937.58,3562.69,0.3,2414.91,Normal,644.0,0.47,881.86,374.51,4,2061.74,66,0,0.0,1000.0,Salario,848.69,Otros,Negativo,45.2,Medio,1374.89,0,55.021113556106506,Estable
2019-01-31,1966,3647.02,3742.27,0.35,3184.25,Normal,657.0,0.3,550.32,238.25,3,1815.39,55,0,218.73,1692.16,Salario,864.83,Gastos_hormiga,Positivo,92.1,Bajo,0.0,0,61.844235044659726,Saludable
2019-03-02,1087,5266.24,1951.74,0.29,3387.2,Normal,652.0,0.3,344.27,243.44,7,720.59,21,0,583.3,2640.58,Mixto,1430.97,Transporte,Positivo,80.7,Alto,3314.5,0,59.27587581151121,Saludable
2019-04-01,1543,3569.55,2180.33,0.4,2043.8,Normal,768.0,0.29,482.65,641.11,4,1352.26,31,0,0.0,1804.89,Salario,1323.42,Educacion,Positivo,67.7,Alto,1389.22,0,68.69231267415907,Excelente
2019-05-01,1728,4048.41,4748.43,0.13,2854.82,Normal,616.0,0.46,527.27,761.88,9,1252.19,33,0,597.84,2346.11,Salario,1356.24,Educacion,Neutral,13.9,Bajo,0.0,0,40.124519345816736,Crítico
2019-05-31,1235,4669.49,3843.57,0.2,3047.8,Normal,684.0,0.18,775.78,278.06,2,1343.79,30,0,253.75,2247.09,Salario,1555.31,Gastos_hormiga,Positivo,90.4,Bajo,825.92,0,56.97844192111057,Estable
2019-06-30,1215,3593.24,2719.12,0.17,2494.99,Inflación,691.0,0.11,423.19,408.55,4,1712.98,95,0,321.14,2622.67,Salario,1012.76,Gastos_hormiga,Positivo,70.5,Medio,874.12,0,61.01986196935339,Saludable
2019-07-30,1034,4269.91,2400.56,0.21,3058.57,Recesión,660.0,0.39,150.18,219.3,7,401.38,30,0,272.11,2269.58,Salario,1179.84,Vivienda,Positivo,88.7,Medio,1869.35,0,50.91432115923688,En observación
2019-08-29,1423,3348.56,2438.94,0.3,3369.49,Recesión,638.0,0.24,243.56,712.26,7,1333.03,63,0,694.54,2795.62,Independiente,1614.57,Educacion,Negativo,55.8,Bajo,909.62,0,58.94470037883963,Saludable
2019-09-28,1272,3343.67,4040.85,0.39,2225.03,Inflación,709.0,0.19,886.84,453.44,9,260.54,97,0,677.08,3043.98,Salario,843.92,Servicios,Negativo,58.4,Medio,0.0,0,54.4236819283971,Estable
2019-10-28,1178,4228.36,2462.15,0.1,2895.03,Normal,689.0,0.25,273.56,269.32,7,908.76,38,0,374.34,1958.24,Salario,1593.07,Gastos_hormiga,Positivo,80.4,Medio,1766.21,0,50.85644844023197,En observación
2019-11-27,1187,4279.18,2748.64,0.1,2606.42,Normal,712.0,0.59,548.24,65.86,9,854.65,82,0,262.68,2466.17,Independiente,1326.78,Ocio,Positivo,31.9,Medio,1530.54,0,34.478001196608645,Crítico
2019-12-27,1464,3954.72,3614.49,0.07,2529.07,Normal,668.0,0.15,762.0,563.48,7,797.91,98,1,332.3,2269.55,Salario,1449.47,Servicios,Negativo,38.5,Bajo,340.23,0,46.9198799374305,En observación
2020-01-26,1402,2439.35,4489.22,0.31,2727.01,Normal,542.0,0.5,582.26,246.75,9,1161.03,37,0,436.87,2311.88,Salario,1798.84,Transporte,Positivo,51.9,Bajo,0.0,0,42.816541535379216,En riesgo
2020-02-25,1936,3852.59,2000.92,0.31,3328.53,Inflación,629.0,0.16,105.88,542.77,8,2135.68,94,0,677.23,2446.83,Salario,1066.33,Salud,Positivo,51.6,Medio,1851.67,0,69.4944953996525,Excelente
2020-03-26,1540,4856.47,4627.69,0.06,3301.08,Normal,663.0,0.55,537.15,771.96,7,729.48,34,0,680.92,1791.98,Salario,1903.92,Vivienda,Positivo,68.8,Bajo,228.78,0,34.290193484026005,Crítico
2020-04-25,1371,3218.96,4282.76,0.36,3390.91,Normal,691.0,0.5,258.87,326.11,8,1178.88,41,0,742.02,1800.47,Salario,1167.34,Ocio,Positivo,80.4,Bajo,0.0,0,49.2150648320515,En observación
2020-05-25,1095,3252.73,3149.63,0.16,2463.61,Inflación,673.0,0.36,679.0,106.06,6,1882.74,81,0,586.62,1586.28,Salario,1493.27,Otros,Negativo,87.7,Alto,103.1,0,43.63957998508931,En riesgo
2020-06-24,1248,2994.11,2734.32,0.12,2282.87,Recesión,702.0,0.18,468.94,500.98,6,1010.67,35,0,611.57,2826.99,Salario,572.12,Servicios,Negativo,67.2,Bajo,259.79,0,49.93018940151718,En observación
2020-07-24,1483,3482.22,2832.86,0.25,2457.76,Normal,686.0,0.52,148.16,431.34,9,1400.76,49,0,655.06,2840.04,Salario,1126.44,Ocio,Positivo,70.2,Alto,649.36,0,46.85861947477645,En observación
2020-08-23,1588,3458.98,1763.83,0.29,2779.44,Normal,695.0,0.59,402.35,328.88,3,1116.19,46,0,525.11,1841.82,Salario,1271.23,Otros,Positivo,95.5,Bajo,1695.15,0,49.955356742800625,En observación
2020-09-22,1256,3234.86,2922.43,0.27,2844.51,Normal,677.0,0.38,591.92,92.52,6,527.64,82,0,552.49,2895.39,Salario,999.43,Salud,Positivo,66.2,Medio,312.43,0,46.553451227293905,En riesgo
2020-10-22,1848,4728.23,4006.8,0.37,2383.3,Normal,690.0,0.3,365.51,533.39,7,1762.08,49,0,349.34,1436.02,Salario,1622.56,Educacion,Negativo,19.2,Bajo,721.43,0,62.70798759502328,Excelente
2020-11-21,1353,4424.62,4551.2,0.37,1759.53,Inflación,623.0,0.42,555.66,506.31,2,1598.1,76,0,366.58,2807.89,Salario,984.47,Servicios,Positivo,74.5,Alto,0.0,0,55.76262363507932,Estable
2020-12-21,1254,3816.33,1692.88,0.12,2657.21,Normal,764.0,0.25,398.55,304.45,6,1352.36,80,0,666.92,1896.12,Salario,1327.35,Salud,Neutral,31.0,Bajo,2123.45,0,52.713824441857,Estable
2021-01-20,1759,2821.14,3482.94,0.25,3702.63,Inflación,670.0,0.32,165.3,175.26,1,1044.31,76,0,535.98,1518.0,Salario,1462.06,Gastos_hormiga,Negativo,67.4,Medio,0.0,0,49.61403583409463,En observación
2021-02-19,1276,3479.82,3423.79,0.09,2853.91,Recesión,620.0,0.4,423.43,695.64,9,1258.23,61,1,491.74,2143.04,Salario,920.76,Educacion,Positivo,26.1,Bajo,56.03,0,43.899637136177624,En riesgo
2021-03-21,1261,4705.54,3817.16,0.39,3401.18,Recesión,579.0,0.32,613.85,382.81,5,909.1,94,0,516.5,2286.72,Salario,1470.24,Otros,Positivo,50.9,Alto,888.38,0,58.89773249230105,Saludable
2021-04-20,1907,3484.28,3353.56,0.36,2879.33,Normal,670.0,0.4,150.48,87.9,8,1054.36,54,0,342.67,2959.94,Salario,1703.61,Inversiones,Positivo,16.3,Alto,130.72,0,52.809295468335286,Estable
2021-05-20,1100,2507.51,3366.3,0.13,2304.5,Recesión,696.0,0.54,535.16,10.7,2,2086.07,92,0,533.04,1273.83,Independiente,1182.65,Salud,Positivo,14.3,Bajo,0.0,0,39.472209754297225,Crítico
2021-06-19,1969,4012.58,2304.51,0.25,2901.53,Normal,715.0,0.22,595.51,82.17,4,917.92,25,0,720.59,3054.16,Salario,1313.88,Inversiones,Positivo,43.2,Medio,1708.07,0,54.96462488484892,Estable
2021-07-19,1013,3465.62,3251.08,0.12,3419.6,Normal,697.0,0.12,632.67,723.61,2,960.77,89,0,1014.19,2059.35,Salario,922.92,Salud,Positivo,99.0,Bajo,214.54,0,53.14793974785195,Estable
2021-08-18,1622,3886.0,2834.19,0.25,2727.78,Inflación,607.0,0.25,416.14,336.68,5,709.1,32,0,255.7,1541.03,Salario,1032.53,Educacion,Positivo,81.7,Alto,1051.81,0,57.80278088989531,Saludable
2021-09-17,1762,4400.61,2995.2,0.22,2811.45,Normal,630.0,0.19,390.18,576.29,8,1005.54,92,0,836.01,1171.9,Mixto,1255.79,Vivienda,Neutral,14.4,Medio,1405.41,0,58.1540457710852,Saludable
2021-10-17,1337,4174.94,2718.75,0.26,2946.37,Inflación,658.0,0.11,756.8,325.0,7,1884.87,41,0,701.53,2254.85,Salario,1083.01,Ocio,Positivo,8.3,Bajo,1456.19,0,63.620097113516294,Excelente
2021-11-16,1278,4169.34,4226.29,0.14,3141.46,Normal,647.0,0.26,66.56,262.56,9,1398.69,91,0,518.61,2012.28,Independiente,758.51,Transporte,Positivo,56.8,Bajo,0.0,0,50.76091451327269,En observación
2021-12-16,1819,4224.13,4309.01,0.07,2816.46,Inflación,674.0,0.1,1133.6,448.61,2,317.58,78,1,633.48,3220.33,Mixto,1289.3,Vivienda,Neutral,99.1,Medio,0.0,0,43.437064695455284,En riesgo
2022-01-15,1372,2935.39,3325.89,0.3,2935.76,Recesión,718.0,0.12,222.43,370.96,4,818.65,30,0,264.23,2734.72,Salario,1609.42,Servicios,Positivo,83.2,Alto,0.0,0,61.05288047420533,Saludable
2022-02-14,1585,4133.59,3752.5,0.28,3830.88,Recesión,728.0,0.47,963.5,346.21,8,0.0,96,1,132.95,2705.24,Salario,1472.42,Otros,Negativo,25.1,Medio,381.09,0,40.20294630163812,Crítico
2022-03-16,1734,5105.01,2992.1,0.23,2244.41,Recesión,660.0,0.15,426.18,43.01,5,527.87,97,0,782.1,2109.54,Independiente,1285.6,Vivienda,Positivo,3.8,Alto,2112.91,0,55.672526499576115,Estable
2022-04-15,1069,3730.53,4765.88,0.14,2893.48,Normal,663.0,0.18,717.12,591.04,9,661.11,51,0,924.02,1294.58,Mixto,1830.5,Ocio,Neutral,9.5,Bajo,0.0,0,45.65649912595209,En riesgo
2022-05-15,1210,4218.71,2879.57,0.37,3390.88,Normal,723.0,0.31,638.26,519.85,8,527.82,31,0,569.64,1457.89,Salario,1144.58,Alimentacion,Negativo,16.0,Bajo,1339.14,0,58.22588512931236,Saludable
2022-06-14,1798,4577.35,2867.63,0.28,2255.23,Inflación,688.0,0.46,578.83,545.59,5,1602.31,60,0,452.9,2511.53,Salario,1622.48,Alimentacion,Positivo,91.9,Bajo,1709.72,0,53.864660899456354,Estable
2022-07-14,1977,5422.04,2759.95,0.24,2357.81,Inflación,742.0,0.5,537.29,428.83,3,992.05,24,0,388.92,2284.72,Mixto,1285.15,Ocio,Negativo,43.4,Medio,2662.09,1,50.90352361824795,En observación
2022-08-13,1978,3415.34,3037.18,0.06,2433.53,Normal,688.0,0.59,466.93,0.0,2,452.12,64,0,359.4,2941.18,Salario,1223.86,Alimentacion,Negativo,71.0,Alto,378.16,0,27.49553727741952,Crítico
2022-09-12,1467,5880.03,3695.58,0.06,3058.81,Recesión,632.0,0.54,705.83,730.27,6,876.43,22,0,126.65,1786.58,Salario,1452.68,Gastos_hormiga,Positivo,47.2,Alto,2184.45,0,40.13257460095038,Crítico
2022-10-12,1563,4973.72,3652.49,0.31,2820.11,Recesión,649.0,0.12,561.6,447.26,2,2082.93,94,0,372.59,2231.07,Salario,1664.58,Transporte,Positivo,62.5,Bajo,1321.23,0,69.32771947361644,Excelente
2022-11-11,1287,4669.17,2316.49,0.27,3174.65,Normal,749.0,0.21,893.09,167.75,3,2204.29,64,0,647.33,1799.14,Salario,1619.31,Educacion,Positivo,90.5,Medio,2352.68,0,62.4479187853173,Saludable
2022-12-11,1446,4815.01,1977.16,0.29,2452.99,Normal,662.0,0.59,521.33,256.37,1,1340.96,75,0,594.44,3402.08,Salario,1883.07,Educacion,Positivo,81.8,Medio,2837.85,1,50.52791667449284,En observación
2023-01-10,1228,2486.2,1480.99,0.11,2960.54,Recesión,634.0,0.53,575.75,339.05,1,692.32,53,0,501.54,3283.08,Salario,300.0,Salud,Negativo,25.1,Alto,1005.21,0,35.83757250822221,Crítico
2023-02-09,1768,2639.7,1116.79,0.25,3016.33,Inflación,724.0,0.18,368.42,671.49,7,310.81,61,0,235.87,1821.95,Salario,1301.22,Servicios,Neutral,16.2,Bajo,1522.91,0,60.919885670481925,Saludable
2023-03-11,1113,4309.59,3037.69,0.36,2164.24,Recesión,738.0,0.12,538.7,1069.28,3,1312.39,58,0,811.17,2009.16,Salario,910.32,Gastos_hormiga,Positivo,29.5,Medio,1271.9,0,71.8362616729951,Excelente
2023-04-10,1898,3862.56,2107.81,0.19,2767.31,Recesión,743.0,0.29,748.61,188.1,8,1431.61,58,0,419.61,2240.51,Salario,817.09,Salud,Positivo,65.8,Bajo,1754.75,0,53.47806856259492,Estable
2023-05-10,1580,3545.01,2993.79,0.11,3257.97,Recesión,647.0,0.31,741.27,389.36,3,988.32,47,0,497.97,2406.41,Salario,1775.42,Gastos_hormiga,Positivo,73.2,Bajo,551.22,0,44.66170387174214,En riesgo
2023-06-09,1956,4961.34,4506.68,0.19,2142.29,Recesión,634.0,0.28,402.84,465.62,4,1400.45,27,0,480.03,2206.97,Independiente,1215.8,Gastos_hormiga,Negativo,37.4,Bajo,454.66,0,50.98291056295956,En observación
2023-07-09,1963,4536.02,3238.7,0.22,3440.09,Normal,739.0,0.58,419.33,0.0,8,1167.48,28,0,742.77,1663.02,Independiente,558.91,Transporte,Positivo,21.2,Alto,1297.32,0,41.13971036062476,En riesgo
2023-08-08,1018,5457.51,2791.36,0.39,2594.66,Normal,713.0,0.39,806.09,567.96,8,1658.62,42,0,744.37,2540.16,Salario,1112.85,Educacion,Neutral,71.9,Bajo,2666.15,1,62.7615730294708,Excelente
2023-09-07,1976,5088.75,3202.1,0.36,3361.34,Recesión,775.0,0.38,774.5,230.54,5,888.66,69,0,304.36,1610.54,Independiente,519.93,Inversiones,Positivo,57.5,Medio,1886.65,0,59.11474796075146,Saludable
2023-10-07,1137,3688.64,2393.49,0.18,2847.23,Normal,664.0,0.52,207.58,192.45,9,1857.33,62,0,542.26,2242.48,Salario,1443.14,Ocio,Positivo,76.8,Bajo,1295.15,0,46.00154078888363,En riesgo
2023-11-06,1970,4707.74,3634.79,0.19,3333.43,Inflación,689.0,0.12,491.14,408.65,7,643.49,31,0,416.49,1849.32,Salario,1623.36,Inversiones,Negativo,64.0,Alto,1072.95,0,54.54767440012299,Estable
2019-01-01,1123,4839.78,2357.6,0.11,2300.54,Normal,748.0,0.36,558.02,346.12,5,1544.24,82,0,437.86,3222.2,Independiente,1310.54,Alimentacion,Negativo,52.8,Bajo,2482.18,1,48.48703428832202,En observación
2019-01-31,1378,4933.33,2122.93,0.39,3231.95,Recesión,670.0,0.48,807.72,839.83,7,1130.81,28,0,563.66,2140.53,Salario,1577.08,Ocio,Neutral,38.8,Bajo,2810.4,0,59.74351847484105,Saludable
2019-03-02,1735,2775.55,2585.83,0.1,2729.68,Inflación,663.0,0.17,535.74,99.33,2,936.81,92,0,337.31,1639.82,Independiente,1094.89,Educacion,Negativo,3.9,Medio,189.72,0,47.853089799886476,En observación
2019-04-01,1459,4455.87,2454.09,0.1,3275.45,Inflación,588.0,0.36,505.41,871.72,8,1527.49,83,0,503.47,3060.8,Salario,555.77,Alimentacion,Positivo,4.3,Medio,2001.78,0,50.77836645289666,En observación
2019-05-01,1473,2864.05,3117.18,0.2,2724.79,Inflación,690.0,0.18,298.47,370.96,6,537.48,71,0,576.75,1790.0,Salario,1208.3,Salud,Neutral,0.3,Bajo,0.0,0,52.75358048249328,Estable
2019-05-31,1966,3675.2,3902.33,0.28,2238.55,Normal,679.0,0.15,776.27,234.98,8,719.25,41,0,492.36,1000.0,Independiente,1380.34,Alimentacion,Positivo,30.9,Medio,0.0,0,56.109050333898445,Estable
2019-06-30,1058,3176.93,3386.36,0.34,3543.42,Normal,667.0,0.42,423.17,347.0,8,1198.27,56,0,222.93,2993.9,Salario,607.26,Servicios,Positivo,4.8,Bajo,0.0,0,53.26382069454372,Estable
2019-07-30,1557,3936.88,2608.54,0.33,3730.15,Normal,663.0,0.2,684.24,281.66,8,1225.92,64,0,444.3,2272.53,Salario,745.2,Otros,Positivo,36.5,Bajo,1328.34,0,62.242020094488645,Saludable
2019-08-29,1629,2928.28,1433.28,0.4,2314.53,Recesión,651.0,0.48,555.7,244.24,7,1992.36,90,0,517.99,2878.17,Independiente,1494.44,Servicios,Negativo,22.6,Bajo,1495.0,0,56.109349950727236,Estable
2019-09-28,1876,3515.59,2670.95,0.16,2901.02,Recesión,638.0,0.51,246.31,531.52,5,332.72,53,0,704.24,1243.48,Salario,1342.14,Vivienda,Neutral,66.4,Alto,844.64,0,41.034266345195945,En riesgo
2019-10-28,1601,3895.96,2484.08,0.33,3528.81,Normal,656.0,0.19,813.92,1097.19,1,515.48,53,0,88.56,1512.23,Salario,1246.88,Gastos_hormiga,Positivo,97.0,Medio,1411.88,0,68.24109232824546,Excelente
2019-11-27,1784,2669.1,2938.03,0.07,3185.65,Recesión,752.0,0.35,543.29,266.77,1,566.61,86,0,398.49,3643.11,Mixto,1377.98,Servicios,Positivo,87.9,Medio,0.0,0,37.86756770823318,Crítico
2019-12-27,1001,5343.85,4082.16,0.13,2101.12,Normal,687.0,0.27,692.51,35.82,3,168.87,69,0,193.65,3263.26,Salario,1502.98,Vivienda,Positivo,49.2,Medio,1261.69,0,43.4158654979241,En riesgo
2020-01-26,1861,4665.72,3673.97,0.18,2936.08,Recesión,657.0,0.41,294.92,356.98,5,892.44,25,0,249.23,2779.61,Salario,946.42,Salud,Neutral,32.5,Bajo,991.75,0,47.90599214589116,En observación
2020-02-25,1680,3653.03,2542.02,0.33,2758.25,Normal,700.0,0.22,680.51,167.83,1,889.93,33,0,334.1,2855.32,Salario,1513.6,Inversiones,Negativo,90.8,Bajo,1111.01,0,58.65216159451902,Saludable
2020-03-26,1517,3896.29,2072.68,0.16,3071.32,Inflación,712.0,0.59,441.12,331.99,2,1607.56,84,0,252.45,2620.87,Mixto,1652.43,Educacion,Negativo,0.9,Alto,1823.61,0,41.89263226445179,En riesgo
2020-04-25,1179,4658.8,3544.55,0.35,2656.31,Normal,729.0,0.15,393.83,462.86,7,1470.17,54,0,761.01,1903.22,Salario,957.44,Alimentacion,Negativo,42.7,Bajo,1114.25,0,65.3381525194965,Excelente
2020-05-25,1602,4255.36,2536.66,0.08,4030.24,Normal,664.0,0.12,416.59,508.87,7,1523.37,27,0,391.51,1397.49,Salario,1356.43,Vivienda,Positivo,2.5,Alto,1718.7,0,56.41895775530442,Estable
2020-06-24,1406,3591.17,3407.08,0.06,3746.12,Inflación,791.0,0.19,604.19,520.39,7,1598.53,57,0,568.83,3120.7,Salario,505.96,Ocio,Positivo,25.0,Bajo,184.09,0,47.95233496319127,En observación
2020-07-24,1702,4292.35,3461.31,0.38,3077.51,Normal,601.0,0.12,422.51,104.94,5,1319.1,23,0,632.6,2885.59,Mixto,1068.1,Educacion,Negativo,89.2,Bajo,831.04,0,64.68325512971055,Excelente
2020-08-23,1530,3287.25,2931.26,0.19,3031.49,Inflación,646.0,0.27,359.77,473.27,8,1771.83,80,0,553.74,2543.09,Salario,879.83,Vivienda,Neutral,4.6,Bajo,355.99,0,53.311026554378344,Estable
2020-09-22,1836,4199.02,3335.6,0.21,2149.25,Inflación,701.0,0.52,660.4,729.19,5,1306.1,28,0,292.34,2327.78,Salario,550.84,Inversiones,Neutral,55.8,Medio,863.42,0,46.888487423232405,En observación
2020-10-22,1960,2643.07,3492.61,0.4,2962.75,Normal,709.0,0.38,392.63,470.28,1,905.75,40,0,686.78,2038.14,Mixto,550.07,Alimentacion,Positivo,23.7,Bajo,0.0,0,58.327214338157916,Saludable
2020-11-21,1880,4735.23,3088.08,0.05,3610.3,Recesión,708.0,0.51,479.23,277.21,8,768.0,67,0,276.9,2539.61,Salario,1809.46,Alimentacion,Neutral,52.5,Bajo,1647.15,0,35.30363462746887,Crítico
2020-12-21,1683,2918.33,2854.79,0.37,3742.07,Normal,706.0,0.6,472.51,712.55,5,805.27,55,0,427.28,2772.46,Independiente,951.27,Salud,Positivo,10.3,Bajo,63.54,0,48.90369219744122,En observación
2021-01-20,1810,4027.77,2853.22,0.09,2733.82,Inflación,626.0,0.58,473.35,405.16,3,556.47,88,0,79.75,2465.07,Salario,989.12,Vivienda,Positivo,89.5,Alto,1174.55,0,37.769130677404334,Crítico
2021-02-19,1181,2199.91,3749.68,0.23,2522.49,Normal,654.0,0.38,565.13,698.2,3,159.4,55,0,561.79,2309.29,Salario,1316.41,Educacion,Positivo,74.7,Alto,0.0,0,44.42121873621819,En riesgo
2021-03-21,1526,2591.91,4083.06,0.32,3023.08,Normal,693.0,0.17,548.18,113.71,5,1199.04,72,0,250.61,2355.85,Salario,1545.45,Otros,Positivo,69.1,Alto,0.0,0,56.4882655727591,Estable
2021-04-20,1372,3427.36,2559.47,0.39,3041.6,Inflación,587.0,0.58,491.47,315.95,6,998.34,70,0,551.35,2810.04,Salario,1754.23,Gastos_hormiga,Positivo,52.7,Alto,867.89,0,48.67116698503569,En observación
2021-05-20,1999,4511.83,3233.72,0.3,2771.39,Normal,626.0,0.17,545.89,320.97,1,1196.3,71,0,742.36,2255.28,Mixto,1021.9,Transporte,Positivo,71.2,Alto,1278.11,0,62.40858670601244,Saludable
2021-06-19,1973,4059.17,3081.99,0.11,1768.89,Inflación,679.0,0.54,549.87,466.15,5,1466.67,80,0,649.22,2569.53,Mixto,1259.74,Inversiones,Positivo,71.6,Medio,977.18,0,38.91442925151475,Crítico
2021-07-19,1229,6828.27,2627.82,0.05,2530.07,Normal,670.0,0.47,287.18,350.54,1,1347.13,88,0,557.16,2678.26,Salario,1361.67,Salud,Positivo,10.5,Alto,4200.45,1,47.38223107337259,En observación
2021-08-18,1032,2835.01,3185.63,0.16,4201.34,Normal,638.0,0.49,344.08,241.01,3,1216.4,71,0,366.24,2420.12,Salario,1537.45,Salud,Positivo,17.4,Medio,0.0,0,39.999570930177086,Crítico
2021-09-17,1134,3484.11,2959.85,0.21,3149.1,Inflación,684.0,0.15,429.55,215.99,5,1163.28,62,0,576.61,2057.99,Independiente,935.74,Alimentacion,Negativo,16.3,Bajo,524.26,0,55.12746063804403,Estable
2021-10-17,1421,4746.63,1994.56,0.29,2177.49,Normal,719.0,0.2,483.5,410.04,4,1692.67,95,0,606.81,2967.46,Mixto,929.47,Salud,Positivo,66.0,Bajo,2752.07,1,68.05734558305465,Excelente
2021-11-16,1649,4238.21,1970.91,0.37,3308.94,Inflación,651.0,0.16,340.11,299.4,2,1684.38,39,0,210.47,1464.78,Salario,1398.4,Educacion,Neutral,56.5,Alto,2267.3,0,72.3458733534525,Excelente
2021-12-16,1249,4723.75,2703.66,0.28,3030.22,Inflación,642.0,0.12,644.01,351.54,2,1120.7,83,0,176.11,2139.42,Salario,1334.38,Salud,Positivo,18.7,Medio,2020.09,0,66.71003601041997,Excelente
2022-01-15,1909,4213.27,2797.13,0.21,2661.85,Normal,806.0,0.44,514.12,105.22,3,860.85,38,0,733.79,2474.3,Salario,1368.35,Vivienda,Positivo,92.5,Bajo,1416.14,0,45.90374391793585,En riesgo
2022-02-14,1297,5808.8,2941.58,0.15,2588.56,Normal,695.0,0.25,309.47,848.44,8,1320.74,96,0,668.22,1264.37,Mixto,1298.59,Transporte,Neutral,78.4,Bajo,2867.22,1,60.759743677043474,Saludable
2022-03-16,1362,2050.84,3514.53,0.1,2577.3,Normal,713.0,0.57,571.59,773.22,8,1154.55,58,0,601.34,1464.26,Independiente,1463.58,Transporte,Neutral,33.7,Bajo,0.0,0,33.709768468845674,Crítico
2022-04-15,1426,2018.66,3057.77,0.12,2906.5,Normal,785.0,0.22,496.1,466.62,7,1093.09,60,0,536.28,2902.44,Salario,1619.35,Inversiones,Positivo,57.5,Medio,0.0,0,45.32392901644959,En riesgo
2022-05-15,1554,4775.72,2150.95,0.34,2430.8,Normal,640.0,0.49,485.71,806.94,2,887.34,55,0,709.98,2417.33,Salario,659.29,Transporte,Positivo,83.3,Bajo,2624.77,1,60.940520019404644,Saludable
2022-06-14,1944,2356.49,2999.27,0.24,1823.12,Recesión,677.0,0.52,480.75,564.09,7,989.68,79,0,822.23,2078.36,Salario,1524.33,Educacion,Neutral,39.3,Alto,0.0,0,40.94851944422669,En riesgo
2022-07-14,1284,2833.68,3269.74,0.06,2883.34,Inflación,648.0,0.43,573.89,201.44,7,1529.41,22,0,488.99,2912.98,Mixto,1512.29,Inversiones,Negativo,56.8,Medio,0.0,0,33.74540004167121,Crítico
2022-08-13,1350,5685.03,1805.44,0.22,2889.77,Normal,772.0,0.55,651.5,377.81,2,833.04,54,0,787.0,2444.94,Salario,1637.76,Vivienda,Positivo,44.9,Bajo,3879.59,1,50.04885743952835,En observación
2022-09-12,1726,5058.25,1650.0,0.17,2381.75,Recesión,612.0,0.15,504.12,466.06,7,1395.15,24,0,145.29,1473.88,Independiente,938.98,Inversiones,Positivo,6.1,Alto,3408.25,1,66.19543165692254,Excelente
2022-10-12,1733,4598.99,4585.55,0.34,2286.21,Inflación,662.0,0.25,834.16,503.72,3,858.3,40,0,507.65,2302.62,Salario,1101.72,Alimentacion,Neutral,58.7,Bajo,13.44,0,56.84812223067666,Estable
2022-11-11,1014,5567.2,3655.79,0.34,2593.4,Recesión,614.0,0.23,571.05,317.69,2,1628.62,27,0,612.05,1646.79,Salario,1658.45,Servicios,Negativo,72.7,Bajo,1911.41,0,63.10778789792597,Excelente
2022-12-11,1912,3316.71,3070.05,0.34,3329.33,Recesión,631.0,0.57,712.89,631.7,4,1392.2,69,0,444.09,2139.53,Salario,1282.22,Gastos_hormiga,Neutral,41.3,Bajo,246.66,0,49.14858265455236,En observación
2023-01-10,1572,3404.43,3111.33,0.12,3031.91,Normal,634.0,0.33,199.86,669.09,9,2142.45,67,0,877.83,2253.44,Salario,1136.65,Servicios,Positivo,53.0,Medio,293.1,0,49.472738766104754,En observación
2023-02-09,1388,5959.45,2881.89,0.25,3656.96,Inflación,628.0,0.45,496.4,126.85,6,1194.73,51,0,684.76,1717.86,Independiente,965.94,Vivienda,Neutral,42.0,Medio,3077.56,0,51.681181168176096,En observación
2023-03-11,1353,6076.12,3879.48,0.31,2970.84,Normal,732.0,0.22,498.1,300.9,3,1275.15,82,0,392.15,2101.56,Salario,1154.83,Servicios,Neutral,13.0,Bajo,2196.64,0,63.55319278831199,Excelente
2023-04-10,1678,3889.62,2726.12,0.3,2380.65,Inflación,699.0,0.57,107.93,899.68,1,1287.58,32,0,583.29,1535.22,Salario,1563.84,Educacion,Positivo,2.0,Medio,1163.5,0,55.08664122190168,Estable
2023-05-10,1098,3652.61,3711.58,0.19,2367.43,Normal,698.0,0.47,418.9,395.38,3,471.62,74,0,504.77,2014.31,Salario,434.38,Otros,Positivo,76.8,Medio,0.0,0,43.813590610270396,En riesgo
2023-06-09,1860,4325.35,3511.59,0.34,3236.06,Normal,628.0,0.18,547.05,845.94,6,747.19,29,0,359.72,1471.13,Salario,1549.11,Alimentacion,Positivo,75.2,Bajo,813.76,0,66.31266545181708,Excelente
2023-07-09,1015,4943.74,2702.74,0.24,2492.64,Normal,697.0,0.36,360.77,515.63,9,922.69,56,0,376.04,2128.69,Salario,1027.55,Vivienda,Positivo,41.7,Alto,2241.0,0,55.02071855849638,Estable
2023-08-08,1532,3916.11,1925.52,0.15,3150.33,Normal,693.0,0.34,465.08,428.08,3,1225.37,41,0,345.46,1660.54,Salario,1753.47,Alimentacion,Negativo,29.9,Medio,1990.59,0,50.69386280766825,En observación
2023-09-07,1412,4883.93,3110.23,0.34,2736.36,Inflación,618.0,0.25,476.69,270.14,3,766.57,90,0,74.97,2341.91,Salario,1612.56,Otros,Negativo,36.5,Alto,1773.7,0,60.474051168342434,Saludable
2023-10-07,1764,3548.34,2338.92,0.32,2499.1,Recesión,646.0,0.42,335.91,83.15,2,1344.89,36,0,561.44,3068.61,Salario,939.26,Otros,Neutral,90.2,Medio,1209.42,0,53.702889453231194,Estable
2023-11-06,1246,5105.78,4312.92,0.27,2546.52,Inflación,669.0,0.33,365.65,450.53,6,951.81,33,0,279.31,1543.7,Salario,1112.81,Gastos_hormiga,Neutral,20.2,Bajo,792.86,0,55.59575405867545,Estable
2019-01-01,1979,3546.93,2565.39,0.36,3219.1,Inflación,736.0,0.3,761.05,330.43,2,1736.01,33,0,862.19,1095.06,Salario,1197.4,Servicios,Negativo,17.3,Medio,981.54,0,59.323983741828116,Saludable
2019-01-31,1793,4808.93,4535.17,0.25,3415.1,Normal,693.0,0.24,870.05,0.0,3,954.88,96,0,589.77,1605.36,Salario,1237.53,Salud,Neutral,45.4,Alto,273.76,0,49.9213952646508,En observación
2019-03-02,1078,3924.66,4744.72,0.12,3243.02,Normal,661.0,0.12,409.49,498.13,9,802.58,69,0,714.13,2134.82,Salario,2072.27,Gastos_hormiga,Neutral,99.4,Alto,0.0,0,46.661749722721055,En observación
2019-04-01,1047,3259.18,3776.16,0.2,2026.98,Normal,598.0,0.56,238.7,486.78,6,821.12,82,0,268.78,2390.31,Salario,1205.0,Alimentacion,Negativo,35.6,Bajo,0.0,0,40.118842665828524,Crítico
2019-05-01,1950,4734.64,1664.42,0.34,2879.99,Normal,600.0,0.39,289.86,229.96,5,1122.33,86,0,304.5,1790.37,Salario,817.97,Educacion,Neutral,13.9,Alto,3070.22,1,63.76271919737626,Excelente
2019-05-31,1687,5172.46,2432.64,0.06,3207.88,Normal,678.0,0.42,550.08,377.11,2,1326.76,92,0,689.88,3244.39,Salario,470.19,Gastos_hormiga,Positivo,4.6,Alto,2739.82,0,44.458079436987724,En riesgo
2019-06-30,1525,4451.08,2457.54,0.18,1814.85,Inflación,696.0,0.38,904.33,375.81,2,802.74,78,0,707.39,2967.87,Mixto,1451.58,Educacion,Negativo,62.0,Bajo,1993.54,1,46.27774059619017,En riesgo
2019-07-30,1925,3140.71,1527.42,0.19,3237.09,Normal,768.0,0.19,886.73,852.72,1,477.09,66,0,528.91,1697.51,Salario,1056.16,Alimentacion,Positivo,65.1,Alto,1613.29,0,57.27091462810334,Saludable
2019-08-29,1770,5401.29,3667.52,0.38,2057.15,Normal,662.0,0.52,422.71,828.41,3,603.31,92,0,608.78,2964.37,Independiente,976.19,Gastos_hormiga,Positivo,56.1,Bajo,1733.77,0,55.49265631086114,Estable
2019-09-28,1799,3695.13,1871.43,0.37,3777.31,Inflación,692.0,0.47,543.62,202.39,1,83.95,85,0,358.11,3034.33,Salario,985.86,Educacion,Positivo,53.5,Bajo,1823.7,0,53.226590709144475,Estable
2019-10-28,1653,2040.71,3426.8,0.37,2884.88,Inflación,699.0,0.37,822.25,466.89,3,1794.91,78,0,672.48,1746.63,Independiente,1015.93,Gastos_hormiga,Positivo,71.8,Bajo,0.0,0,55.62508907364087,Estable
2019-11-27,1962,4620.6,4344.55,0.27,2889.83,Normal,682.0,0.48,621.87,383.99,3,1502.47,47,0,442.1,2202.72,Salario,1060.05,Transporte,Positivo,74.5,Bajo,276.05,0,49.9316176493039,En observación
2019-12-27,1679,3413.85,3451.51,0.21,2516.75,Normal,597.0,0.49,226.37,380.06,5,1683.19,64,0,206.73,1963.1,Salario,1411.29,Salud,Positivo,22.5,Bajo,0.0,0,49.11763244952327,En observación
2020-01-26,1633,3751.34,3193.56,0.26,3496.77,Normal,658.0,0.57,674.61,396.18,6,1288.18,51,0,342.06,2869.83,Salario,2048.44,Transporte,Neutral,19.8,Alto,557.78,0,41.1527546115433,En riesgo
2020-02-25,1959,4177.19,3911.36,0.15,3126.04,Normal,634.0,0.2,127.77,483.9,5,867.48,42,0,748.91,2386.7,Independiente,954.59,Gastos_hormiga,Positivo,0.1,Alto,265.83,0,51.884339388180415,En observación
2020-03-26,1378,5380.6,2955.18,0.29,3234.64,Recesión,698.0,0.16,720.03,541.13,1,80.85,51,0,584.92,1884.09,Salario,1162.02,Salud,Positivo,61.4,Alto,2425.42,0,62.55602657870636,Excelente
2020-04-25,1464,5234.63,2610.43,0.08,2292.47,Normal,715.0,0.39,272.94,286.17,6,975.31,35,0,423.58,2285.03,Salario,300.0,Servicios,Negativo,77.3,Alto,2624.2,1,46.7080548223816,En observación
2020-05-25,1685,4897.55,2850.16,0.2,2293.4,Normal,612.0,0.16,619.21,456.93,7,1121.58,75,0,573.15,1888.39,Salario,1303.51,Vivienda,Negativo,75.9,Bajo,2047.39,0,57.07528364058085,Estable
2020-06-24,1427,3768.81,2952.26,0.09,2956.19,Normal,623.0,0.55,556.73,285.7,1,839.22,74,0,417.54,2164.27,Independiente,1304.07,Servicios,Positivo,22.9,Medio,816.55,0,36.83598305079856,Crítico
2020-07-24,1915,5199.63,4234.56,0.17,2862.02,Inflación,622.0,0.3,545.97,0.0,2,1503.33,57,0,561.73,3291.13,Salario,367.82,Transporte,Neutral,8.5,Bajo,965.07,0,48.75935278645603,En observación
2020-08-23,1210,2984.02,2365.1,0.35,3415.25,Normal,682.0,0.3,368.01,897.58,5,334.28,86,0,390.63,3153.16,Independiente,2041.51,Educacion,Positivo,12.2,Bajo,618.92,0,58.801353455614766,Saludable
2020-09-22,1555,3334.71,3269.79,0.14,3136.32,Normal,704.0,0.4,509.32,259.76,2,1736.47,80,0,509.19,2213.47,Independiente,321.29,Gastos_hormiga,Negativo,69.8,Bajo,64.92,0,44.710978367076024,En riesgo
2020-10-22,1231,4357.52,3543.86,0.28,2541.87,Inflación,626.0,0.23,547.29,492.06,7,1179.4,42,0,578.55,1296.92,Salario,1120.84,Inversiones,Positivo,35.3,Bajo,813.66,0,60.077611776421975,Saludable
2020-11-21,1619,5002.18,3609.28,0.22,3391.53,Normal,707.0,0.29,756.58,410.2,3,794.59,94,0,490.68,1868.48,Salario,1507.74,Transporte,Neutral,98.7,Bajo,1392.9,0,52.654629603824596,Estable
2020-12-21,1086,4365.03,2724.51,0.29,2470.25,Normal,666.0,0.16,463.51,310.59,5,670.92,35,0,516.07,1996.8,Mixto,906.64,Vivienda,Positivo,15.0,Bajo,1640.52,0,63.10876361631526,Excelente
2021-01-20,1589,4640.5,2528.45,0.27,3859.5,Normal,691.0,0.45,441.17,267.39,6,0.0,72,0,367.52,1815.42,Salario,1662.16,Alimentacion,Negativo,76.3,Alto,2112.05,0,46.576063393244844,En riesgo
2021-02-19,1391,4663.1,797.11,0.14,3458.59,Normal,686.0,0.42,452.01,844.07,9,1073.05,50,0,319.64,1883.1,Mixto,1347.12,Gastos_hormiga,Negativo,52.3,Bajo,3865.99,1,55.3105274796435,Estable
2021-03-21,1782,3329.59,3746.8,0.16,3195.72,Inflación,765.0,0.44,835.01,210.45,5,660.95,76,0,585.97,3205.43,Salario,1156.21,Salud,Positivo,19.4,Alto,0.0,0,35.87740230694044,Crítico
2021-04-20,1612,4775.53,2634.8,0.28,2831.12,Normal,626.0,0.56,555.02,371.65,5,1588.77,36,0,814.6,1176.76,Salario,869.09,Inversiones,Positivo,73.7,Alto,2140.73,0,50.742919656276094,En observación
2021-05-20,1402,4191.84,3619.19,0.31,2389.45,Normal,620.0,0.48,541.7,151.97,8,1406.53,74,0,333.91,1731.74,Salario,1013.94,Otros,Neutral,37.4,Bajo,572.65,0,50.06128412795086,En observación
2021-06-19,1682,2873.54,2749.08,0.21,2855.29,Normal,742.0,0.12,509.66,959.28,4,1539.59,84,0,255.54,1943.02,Salario,748.78,Otros,Positivo,23.8,Alto,124.46,0,64.00554328593797,Excelente
2021-07-19,1198,4213.74,3367.77,0.14,3145.14,Normal,692.0,0.37,703.99,296.75,6,430.17,66,0,625.52,3909.92,Salario,1536.54,Gastos_hormiga,Positivo,83.5,Bajo,845.97,0,40.01133004805335,Crítico
2021-08-18,1574,4579.54,3547.0,0.3,3373.76,Recesión,691.0,0.3,831.01,244.38,3,1549.16,46,0,435.2,2027.21,Salario,1346.36,Alimentacion,Positivo,86.9,Bajo,1032.54,0,57.68075673868125,Saludable
2021-09-17,1182,2742.34,3436.62,0.17,4121.1,Normal,742.0,0.55,398.72,698.74,5,1623.95,77,0,196.09,1701.61,Salario,2048.6,Educacion,Neutral,35.0,Medio,0.0,0,41.08207705432931,En riesgo
2021-10-17,1541,4693.72,3273.57,0.09,2088.79,Normal,640.0,0.27,434.86,68.16,4,762.47,65,0,960.73,2233.07,Independiente,538.49,Transporte,Positivo,29.1,Alto,1420.15,0,43.79671569978743,En riesgo
2021-11-16,1167,5110.47,2678.64,0.18,3426.76,Normal,662.0,0.15,311.81,293.22,6,1620.64,37,0,688.69,2511.06,Salario,2391.34,Transporte,Positivo,94.1,Medio,2431.83,0,59.1369739763459,Saludable
2021-12-16,1710,3582.41,1358.34,0.38,3300.92,Recesión,651.0,0.4,589.92,190.7,8,1502.46,37,0,465.46,3167.05,Mixto,1508.79,Salud,Positivo,56.3,Bajo,2224.07,0,58.85853543940635,Saludable
2022-01-15,1109,4400.85,4773.28,0.25,3370.48,Normal,713.0,0.18,360.82,469.26,8,780.02,21,0,185.1,2866.2,Independiente,1149.27,Alimentacion,Positivo,31.1,Alto,0.0,0,55.56645029742665,Estable
2022-02-14,1538,5125.55,4817.68,0.2,2315.3,Normal,755.0,0.38,289.45,0.0,2,1504.74,71,0,442.83,2374.19,Salario,1101.75,Servicios,Neutral,6.7,Medio,307.87,0,46.91517405938528,En observación
2022-03-16,1168,2909.27,3417.82,0.08,2575.31,Normal,733.0,0.24,286.81,335.51,1,1286.96,69,0,573.28,3741.69,Mixto,1283.86,Salud,Negativo,14.4,Alto,0.0,0,43.24232918060031,En riesgo
2022-04-15,1009,3590.68,2849.22,0.27,2152.56,Normal,749.0,0.24,608.84,499.89,8,642.56,46,0,570.81,2325.49,Salario,1239.14,Inversiones,Positivo,15.4,Medio,741.46,0,55.15328561859767,Estable
2022-05-15,1444,4332.24,2780.15,0.29,2623.59,Normal,644.0,0.46,483.52,778.61,2,1272.99,93,0,536.34,2494.98,Salario,300.0,Educacion,Positivo,64.7,Bajo,1552.09,0,57.559661191283595,Saludable
2022-06-14,1383,2897.67,2491.22,0.09,2609.06,Recesión,613.0,0.51,642.57,243.65,4,1913.96,33,0,403.51,1901.48,Salario,1448.45,Alimentacion,Positivo,39.0,Bajo,406.45,0,40.25142114255634,En riesgo
2022-07-14,1103,3335.38,2443.64,0.32,3538.52,Inflación,744.0,0.27,538.72,663.61,2,772.17,75,0,440.12,1681.17,Salario,1621.11,Gastos_hormiga,Negativo,83.7,Medio,891.74,0,58.562012106068586,Saludable
2022-08-13,1202,3294.03,3372.6,0.27,2572.96,Normal,634.0,0.13,122.44,340.74,5,1391.67,50,0,424.34,2605.72,Salario,1346.28,Salud,Neutral,1.6,Alto,0.0,0,60.75544475481895,Saludable
2022-09-12,1153,4839.76,2516.88,0.23,3283.88,Inflación,657.0,0.22,443.67,614.24,2,604.23,28,0,900.06,1070.96,Salario,1084.68,Otros,Positivo,3.7,Bajo,2322.88,0,61.24244073176975,Saludable
2022-10-12,1101,4910.43,3607.76,0.23,2669.79,Normal,703.0,0.53,358.36,376.48,2,508.14,93,0,384.72,1467.39,Mixto,511.58,Salud,Negativo,80.2,Medio,1302.67,0,46.12260413799672,En riesgo
2022-11-11,1516,4185.69,3291.93,0.31,2665.39,Inflación,636.0,0.3,791.34,389.57,4,959.75,78,0,372.64,3316.95,Salario,1066.45,Vivienda,Neutral,4.8,Bajo,893.76,0,55.189338066287974,Estable
2022-12-11,1227,3996.62,3481.53,0.25,3488.47,Normal,702.0,0.16,601.1,370.59,9,726.06,58,0,293.25,2072.35,Mixto,1201.78,Alimentacion,Positivo,53.1,Bajo,515.09,0,57.56657408140836,Saludable
2023-01-10,1959,4965.45,2158.98,0.29,3643.43,Inflación,743.0,0.22,424.54,632.01,3,1024.02,33,0,404.35,1720.8,Salario,1513.19,Educacion,Negativo,7.2,Medio,2806.47,0,64.69668625665115,Excelente
2023-02-09,1428,3053.5,3055.04,0.29,3860.91,Recesión,675.0,0.13,865.53,938.03,2,966.04,98,0,69.57,3514.52,Salario,1256.0,Gastos_hormiga,Neutral,49.7,Bajo,0.0,0,61.543221987956926,Saludable
2023-03-11,1266,4921.78,2417.36,0.12,2767.36,Recesión,684.0,0.39,510.84,204.06,6,519.09,99,0,352.17,2599.17,Salario,1894.87,Vivienda,Positivo,27.6,Medio,2504.42,0,44.37051901145464,En riesgo
2023-04-10,1328,4645.98,3193.42,0.28,2995.61,Normal,751.0,0.52,49.64,314.51,3,1305.97,55,0,523.78,2111.14,Salario,1760.6,Servicios,Positivo,90.8,Bajo,1452.56,0,52.598591715134006,Estable
2023-05-10,1025,3739.61,1449.66,0.27,3455.02,Normal,707.0,0.51,631.62,215.01,3,1332.53,31,0,403.53,2792.54,Salario,1643.73,Gastos_hormiga,Positivo,26.9,Bajo,2289.95,0,50.29693631606217,En observación
2023-06-09,1242,4842.62,3266.11,0.1,4274.44,Normal,665.0,0.32,419.24,783.27,4,783.15,31,0,368.01,1750.69,Salario,1276.29,Transporte,Neutral,30.7,Bajo,1576.51,0,49.70227720477404,En observación
2023-07-09,1482,4848.42,2249.99,0.35,4187.3,Normal,660.0,0.19,209.79,818.79,6,973.52,85,0,606.61,2530.02,Salario,1299.04,Salud,Positivo,71.2,Bajo,2598.43,0,70.0942582381478,Excelente
2023-08-08,1396,4041.81,3759.39,0.22,2618.54,Inflación,726.0,0.2,437.52,259.78,5,1103.0,57,0,937.03,1717.98,Mixto,1447.43,Vivienda,Positivo,36.1,Medio,282.42,0,53.71006636491642,Estable
2023-09-07,1990,1647.78,3034.93,0.13,3153.17,Recesión,667.0,0.29,435.35,948.11,5,481.43,43,0,925.28,2206.3,Salario,1424.42,Inversiones,Neutral,63.4,Bajo,0.0,0,43.24034132470277,En riesgo
2023-10-07,1171,5306.27,3696.89,0.08,3383.34,Normal,699.0,0.58,700.74,543.37,8,808.38,29,0,977.02,2531.66,Salario,1411.12,Ocio,Positivo,25.7,Alto,1609.38,0,32.699011584997635,Crítico
2023-11-06,1329,5344.28,2860.93,0.15,3085.08,Normal,633.0,0.42,491.61,494.4,1,1745.29,71,0,505.87,2400.02,Independiente,864.91,Otros,Positivo,13.0,Medio,2483.35,0,52.43516834406172,Estable
2019-01-01,1830,4607.04,2408.0,0.32,3268.39,Normal,726.0,0.34,626.08,504.93,1,234.64,23,0,669.5,1434.77,Salario,1220.57,Gastos_hormiga,Positivo,59.7,Alto,2199.04,0,58.10162901930001,Saludable
2019-01-31,1949,2766.05,3005.96,0.4,2759.26,Normal,646.0,0.29,423.82,312.63,7,1420.04,47,0,601.36,2113.19,Independiente,1360.71,Salud,Positivo,84.4,Bajo,0.0,0,60.631693248430466,Saludable
2019-03-02,1603,1109.22,4081.71,0.27,2530.93,Recesión,819.0,0.13,304.89,969.37,9,403.16,33,0,518.14,2066.86,Independiente,1038.55,Salud,Positivo,71.6,Alto,0.0,0,55.68518343163509,Estable
2019-04-01,1299,3033.43,3264.14,0.16,3004.84,Inflación,682.0,0.37,695.7,148.08,3,912.48,28,0,390.15,2203.19,Salario,910.4,Educacion,Neutral,77.4,Bajo,0.0,0,42.85180989818343,En riesgo
2019-05-01,1153,4882.49,3607.51,0.19,1383.52,Normal,619.0,0.56,507.26,1226.36,3,651.69,83,0,541.66,1637.07,Salario,1816.63,Salud,Positivo,91.0,Alto,1274.98,0,45.1566981112513,En riesgo
2019-05-31,1153,2418.33,3270.89,0.26,3282.14,Recesión,648.0,0.47,448.88,271.33,8,981.3,77,0,905.31,2731.44,Mixto,1183.99,Transporte,Negativo,64.6,Alto,0.0,0,38.890042248657416,Crítico
2019-06-30,1400,3681.75,3674.49,0.19,3213.16,Normal,678.0,0.32,184.37,531.02,2,2319.0,91,0,632.4,2476.24,Mixto,810.13,Transporte,Positivo,84.2,Bajo,7.26,0,56.06535047601002,Estable
2019-07-30,1387,4298.25,4202.56,0.28,3467.47,Normal,629.0,0.5,294.49,498.57,8,1768.46,90,0,468.41,1058.61,Salario,1291.15,Vivienda,Negativo,41.1,Medio,95.69,0,49.46002804103501,En observación
2019-08-29,1548,3536.27,2603.5,0.26,2996.39,Normal,697.0,0.55,651.73,363.09,6,540.26,32,0,236.07,1881.39,Salario,1484.19,Vivienda,Positivo,79.8,Medio,932.77,0,44.69251708200222,En riesgo
2019-09-28,1521,4900.43,3829.43,0.07,2610.75,Normal,710.0,0.33,404.32,318.27,6,357.73,94,0,702.48,3137.2,Salario,898.59,Otros,Positivo,42.2,Bajo,1071.0,0,40.80794369651778,En riesgo
2019-10-28,1444,4179.78,2074.66,0.34,3144.57,Inflación,650.0,0.33,772.96,503.12,3,1086.71,57,0,581.49,1420.39,Independiente,1060.51,Salud,Positivo,98.4,Bajo,2105.12,0,62.08959239558194,Saludable
2019-11-27,1383,3308.17,3601.86,0.31,3065.33,Recesión,637.0,0.16,410.41,183.93,1,524.91,55,0,675.62,2092.01,Salario,1919.94,Inversiones,Negativo,47.8,Medio,0.0,0,55.081593924205,Estable
2019-12-27,1045,3655.81,3709.65,0.2,2990.21,Normal,740.0,0.18,404.11,655.25,2,1089.33,32,0,427.1,2487.47,Mixto,919.49,Transporte,Negativo,75.8,Medio,0.0,0,55.78565503883186,Estable
2020-01-26,1533,4768.97,3790.59,0.36,2980.38,Normal,664.0,0.25,107.69,489.18,9,1080.48,79,0,333.22,1456.47,Salario,1543.19,Otros,Positivo,78.2,Medio,978.38,0,65.20853224870055,Excelente
2020-02-25,1814,3983.3,2861.59,0.19,2723.19,Normal,670.0,0.49,99.55,914.84,2,802.59,55,0,638.14,1000.0,Salario,1560.35,Alimentacion,Positivo,66.6,Bajo,1121.71,0,51.77704910456302,En observación
2020-03-26,1874,4608.24,3625.17,0.06,2930.12,Inflación,620.0,0.55,515.45,416.9,7,1164.02,48,0,51.5,1419.08,Salario,1110.61,Ocio,Neutral,6.6,Alto,983.07,0,37.61358245544726,Crítico
2020-04-25,1947,4400.6,2105.98,0.05,2493.16,Normal,728.0,0.31,743.62,406.5,5,747.85,73,0,535.63,2613.22,Salario,1376.96,Salud,Positivo,10.9,Alto,2294.62,0,43.657779948346004,En riesgo
2020-05-25,1595,4161.28,2325.95,0.34,2739.99,Inflación,534.0,0.29,374.71,558.17,3,316.39,57,0,335.98,2826.47,Salario,858.22,Salud,Positivo,60.2,Bajo,1835.33,0,62.86403557252498,Excelente
2020-06-24,1951,4776.77,3320.25,0.28,2321.48,Inflación,702.0,0.49,700.79,80.67,9,991.12,66,0,606.3,1000.0,Independiente,1763.19,Educacion,Neutral,45.5,Medio,1456.52,0,45.03288860060082,En riesgo
2020-07-24,1448,2489.96,2501.32,0.1,3124.68,Normal,684.0,0.23,275.86,337.93,2,162.64,93,0,249.32,2671.5,Salario,1490.2,Otros,Positivo,81.0,Medio,0.0,0,46.00741710632391,En riesgo
2020-08-23,1450,4847.53,2112.68,0.27,3475.64,Normal,599.0,0.27,786.34,15.05,5,855.35,26,0,319.31,2766.37,Salario,956.5,Vivienda,Positivo,29.8,Medio,2734.85,0,56.94893329183761,Estable
2020-09-22,1468,5307.88,3579.79,0.23,3232.05,Normal,785.0,0.45,171.89,408.3,6,1042.7,21,0,575.53,2934.35,Independiente,1288.24,Salud,Positivo,17.4,Medio,1728.09,0,50.01313713922698,En observación
2020-10-22,1907,3318.71,2329.68,0.09,2790.08,Recesión,707.0,0.6,407.81,413.09,2,850.54,27,0,565.29,1521.31,Salario,759.78,Alimentacion,Negativo,72.6,Alto,989.03,0,35.41200572592236,Crítico
2020-11-21,1504,3884.53,1533.49,0.36,2926.77,Recesión,617.0,0.3,441.12,307.95,5,1867.36,62,0,411.34,2152.77,Independiente,1789.67,Gastos_hormiga,Positivo,98.0,Alto,2351.04,0,65.21621051706501,Excelente
2020-12-21,1545,5962.96,2471.79,0.26,2885.02,Inflación,734.0,0.24,774.16,0.0,5,630.68,83,0,846.79,1731.64,Salario,894.15,Educacion,Positivo,71.8,Alto,3491.17,1,58.38937618038366,Saludable
2021-01-20,1953,4042.72,3485.08,0.32,2916.12,Recesión,708.0,0.15,579.36,440.4,4,710.16,84,0,511.6,2203.96,Salario,1315.0,Otros,Neutral,74.6,Medio,557.64,0,60.96274187243203,Saludable
2021-02-19,1707,4475.73,3712.6,0.25,3709.59,Normal,712.0,0.33,754.26,477.1,1,1177.57,99,0,677.15,2384.39,Salario,1489.97,Gastos_hormiga,Negativo,16.9,Alto,763.13,0,49.57224699251953,En observación
2021-03-21,1023,3412.32,3744.9,0.27,3278.37,Recesión,656.0,0.57,393.9,468.22,7,220.79,55,0,327.87,2762.58,Mixto,1020.83,Gastos_hormiga,Positivo,73.0,Alto,0.0,0,40.95815213662328,En riesgo
2021-04-20,1904,3303.22,1881.78,0.1,2168.76,Normal,663.0,0.13,363.79,20.9,1,152.38,58,0,504.4,3227.41,Salario,2052.41,Salud,Negativo,37.7,Bajo,1421.44,0,47.33641228427992,En observación
2021-05-20,1222,2599.55,3789.75,0.33,3159.22,Normal,661.0,0.54,711.83,613.68,6,1012.33,43,0,566.23,2455.42,Salario,863.18,Servicios,Positivo,17.4,Bajo,0.0,0,45.91793468754945,En riesgo
2021-06-19,1220,4128.81,1695.2,0.25,3204.47,Inflación,620.0,0.34,511.82,311.14,5,1266.15,48,0,881.72,1851.74,Salario,1728.87,Inversiones,Positivo,90.3,Medio,2433.61,0,55.017124595928635,Estable
2021-07-19,1521,3737.23,2423.81,0.11,2830.88,Normal,671.0,0.11,327.37,545.56,3,488.43,42,0,671.32,2644.04,Salario,1420.81,Salud,Positivo,12.1,Medio,1313.42,0,54.54517565720788,Estable
2021-08-18,1821,2284.2,2988.99,0.14,3183.29,Normal,668.0,0.53,637.64,556.43,2,973.15,97,0,700.0,1727.01,Salario,1288.5,Vivienda,Neutral,26.4,Alto,0.0,0,35.95227961504007,Crítico
2021-09-17,1427,3755.48,2775.44,0.26,1836.01,Recesión,702.0,0.36,577.77,374.88,8,1457.83,51,0,544.51,2032.99,Salario,1312.42,Gastos_hormiga,Positivo,57.1,Medio,980.04,0,52.755454264033084,Estable
2021-10-17,1322,4568.97,2828.91,0.37,2403.58,Normal,731.0,0.41,524.67,269.48,1,893.3,77,0,509.65,2451.62,Salario,1302.44,Otros,Neutral,51.1,Medio,1740.06,0,56.62622144166857,Estable
2021-11-16,1946,1763.54,1386.95,0.34,2305.12,Normal,695.0,0.53,544.13,867.44,7,311.57,52,0,757.33,1572.16,Salario,1359.72,Ocio,Positivo,79.5,Alto,376.59,0,49.049827153588886,En observación
2021-12-16,1929,3531.89,3582.43,0.27,1940.86,Normal,651.0,0.15,375.92,102.71,8,0.0,90,1,577.1,2660.43,Salario,964.84,Alimentacion,Neutral,71.3,Bajo,0.0,0,52.5525652702258,Estable
2022-01-15,1819,3445.74,1742.69,0.23,3460.53,Inflación,720.0,0.35,245.83,609.07,9,1116.5,86,0,480.47,2715.79,Salario,1805.71,Otros,Positivo,85.6,Medio,1703.05,0,53.84593136721049,Estable
2022-02-14,1883,2620.15,4298.9,0.05,2433.38,Normal,659.0,0.43,374.14,76.29,3,796.27,30,0,389.36,2926.15,Salario,1403.57,Salud,Negativo,15.0,Alto,0.0,0,30.260779370414113,Crítico
2022-03-16,1390,3931.59,2936.45,0.28,2502.89,Normal,737.0,0.15,589.31,0.0,9,1311.01,36,0,197.44,3500.06,Salario,1483.48,Otros,Neutral,69.4,Alto,995.14,0,56.76102218331743,Estable
2022-04-15,1145,5372.78,1974.89,0.39,3299.63,Recesión,669.0,0.58,483.65,217.59,9,900.37,67,0,717.24,2496.33,Salario,1012.47,Otros,Positivo,46.5,Alto,3397.89,1,55.5498937925947,Estable
2022-05-15,1280,3234.55,2722.99,0.13,2028.71,Recesión,731.0,0.17,100.99,0.0,5,519.68,80,0,371.76,2873.39,Salario,1375.56,Educacion,Positivo,42.8,Bajo,511.56,0,50.44011418837075,En observación
2022-06-14,1545,5440.42,3301.02,0.38,2916.43,Normal,746.0,0.34,466.68,292.61,5,795.3,71,0,417.48,3003.69,Mixto,616.1,Inversiones,Positivo,1.5,Alto,2139.4,0,60.902880929384324,Saludable
2022-07-14,1809,4484.71,3651.18,0.1,2963.63,Recesión,713.0,0.15,229.95,152.82,3,1571.91,61,0,752.06,2318.77,Mixto,945.4,Gastos_hormiga,Positivo,94.3,Bajo,833.53,0,54.20234343076571,Estable
2022-08-13,1312,3362.56,3815.77,0.24,1918.74,Normal,738.0,0.34,138.93,81.05,8,621.04,64,0,487.1,2588.28,Mixto,1126.21,Servicios,Negativo,21.1,Medio,0.0,0,45.52689204793683,En riesgo
2022-09-12,1377,3773.76,2722.33,0.16,2631.65,Inflación,727.0,0.12,418.51,363.66,1,1044.75,77,0,473.65,1270.88,Salario,918.15,Servicios,Positivo,28.1,Bajo,1051.43,0,60.62183260994552,Saludable
2022-10-12,1290,3574.91,3462.02,0.39,3199.02,Normal,641.0,0.34,428.94,527.66,6,0.0,69,0,479.37,2878.42,Independiente,1054.46,Vivienda,Positivo,47.9,Bajo,112.89,0,55.87951154580133,Estable
2022-11-11,1841,4866.85,2570.82,0.17,2763.03,Normal,825.0,0.15,505.62,45.06,3,240.49,97,0,655.74,1988.59,Salario,1064.44,Inversiones,Negativo,85.4,Alto,2296.03,0,52.07378067123041,En observación
2022-12-11,1454,5597.8,3625.7,0.15,2834.22,Normal,725.0,0.41,400.79,282.1,5,915.93,72,0,636.49,2955.68,Salario,1378.87,Otros,Neutral,84.2,Bajo,1972.1,0,44.53923077230992,En riesgo
2023-01-10,1521,4284.37,1642.13,0.37,3856.76,Normal,657.0,0.58,396.85,601.29,1,262.08,76,0,565.6,2690.95,Salario,1123.6,Educacion,Neutral,79.0,Alto,2642.24,0,52.34953779544925,En observación
2023-02-09,1551,3877.85,3525.77,0.31,2382.55,Inflación,738.0,0.58,575.95,0.0,9,1515.87,75,0,603.99,2056.89,Salario,1202.74,Salud,Neutral,75.3,Bajo,352.08,0,43.32022314017357,En riesgo
2023-03-11,1540,1569.56,2793.71,0.21,3603.11,Normal,642.0,0.13,718.77,595.35,2,773.68,31,0,372.71,2317.02,Salario,1540.51,Inversiones,Negativo,45.4,Bajo,0.0,0,52.089692449953816,En observación
2023-04-10,1535,4920.86,2915.83,0.33,2621.29,Recesión,749.0,0.29,304.05,215.04,3,0.0,21,0,772.19,1090.99,Salario,1050.71,Otros,Positivo,74.7,Alto,2005.03,0,58.36079876020013,Saludable
2023-05-10,1160,5301.4,2448.57,0.18,3072.38,Inflación,613.0,0.22,665.33,188.58,5,1091.07,41,0,752.16,2916.11,Independiente,1381.95,Vivienda,Positivo,2.6,Bajo,2852.83,0,54.397882212157356,Estable
2023-06-09,1982,4127.0,2245.22,0.08,2412.52,Recesión,637.0,0.25,683.2,700.22,9,679.31,26,0,598.07,2167.09,Salario,348.28,Vivienda,Positivo,40.8,Medio,1881.78,0,49.53312331396827,En observación
2023-07-09,1041,3716.17,3544.98,0.05,3161.94,Normal,722.0,0.13,612.74,383.06,2,251.83,85,0,628.02,2551.47,Salario,1084.37,Alimentacion,Positivo,95.6,Bajo,171.19,0,46.02105482855771,En riesgo
2023-08-08,1596,4472.59,3789.99,0.24,2348.01,Normal,757.0,0.33,543.4,720.54,3,1153.85,88,0,119.54,1201.72,Independiente,814.9,Educacion,Positivo,4.1,Bajo,682.6,0,58.49701482330224,Saludable
2023-09-07,1142,3099.39,1935.96,0.37,2527.74,Recesión,621.0,0.32,526.39,948.05,3,1131.99,24,0,433.98,1620.02,Salario,1179.57,Alimentacion,Negativo,57.5,Bajo,1163.43,0,64.73923274444302,Excelente
2023-10-07,1359,4057.35,2628.82,0.24,1907.53,Recesión,637.0,0.36,827.69,333.87,6,1131.59,74,0,539.71,1918.68,Salario,883.56,Servicios,Positivo,93.1,Medio,1428.53,0,51.31767354964863,En observación
2023-11-06,1897,5045.76,2943.55,0.32,3155.78,Recesión,650.0,0.53,144.9,252.05,7,916.85,74,0,236.15,2533.14,Independiente,1414.57,Servicios,Positivo,16.8,Bajo,2102.21,0,53.58802770093451,Estable
2019-01-01,1350,4321.35,2625.65,0.31,2295.58,Normal,730.0,0.36,17.83,390.25,3,1227.29,35,0,815.99,2339.96,Salario,2038.91,Alimentacion,Positivo,25.3,Medio,1695.7,0,58.03809505009236,Saludable
2019-01-31,1468,3564.99,3331.22,0.39,2794.13,Inflación,716.0,0.38,632.31,93.92,6,386.61,60,0,452.95,1503.92,Independiente,1488.96,Ocio,Positivo,88.5,Bajo,233.77,0,53.82079131217813,Estable
2019-03-02,1248,2892.45,2130.26,0.2,2538.22,Normal,729.0,0.18,638.77,214.55,7,1180.42,92,0,658.61,1907.56,Salario,656.83,Transporte,Negativo,61.8,Bajo,762.19,0,53.43169710310527,Estable
2019-04-01,1591,5086.99,4411.41,0.27,3689.49,Inflación,725.0,0.41,434.13,369.37,2,1400.26,65,0,526.69,2260.32,Salario,1261.53,Servicios,Positivo,60.3,Bajo,675.58,0,53.14369520266963,Estable
2019-05-01,1867,3828.6,3528.71,0.31,2538.04,Normal,698.0,0.41,454.53,581.38,3,839.97,65,0,341.79,2145.27,Salario,300.0,Otros,Negativo,71.7,Medio,299.89,0,53.81650999157437,Estable
2019-05-31,1251,2439.82,2531.33,0.28,3031.39,Normal,667.0,0.54,764.21,596.93,6,994.2,29,0,414.44,2902.04,Salario,1130.55,Salud,Negativo,10.6,Bajo,0.0,0,42.69836510145899,En riesgo
2019-06-30,1841,5502.74,4024.48,0.37,3064.05,Normal,567.0,0.31,435.03,624.49,6,1343.09,62,0,778.98,1213.66,Mixto,971.14,Alimentacion,Neutral,86.8,Bajo,1478.26,0,63.84628201542221,Excelente
2019-07-30,1260,3800.93,4495.05,0.4,2830.46,Recesión,655.0,0.57,481.3,303.55,7,1656.36,97,0,589.95,2420.79,Independiente,1787.11,Gastos_hormiga,Positivo,10.5,Bajo,0.0,0,49.37069319868211,En observación
2019-08-29,1669,4345.13,2819.94,0.38,2765.32,Normal,556.0,0.2,501.96,838.36,5,1018.21,38,0,445.35,2234.88,Mixto,1464.63,Gastos_hormiga,Neutral,47.2,Bajo,1525.19,0,68.74902355885328,Excelente
2019-09-28,1974,4319.02,2586.75,0.31,4263.15,Inflación,750.0,0.58,775.89,67.54,6,1108.64,45,0,363.63,1766.05,Independiente,1461.33,Ocio,Negativo,54.8,Alto,1732.27,0,43.24627552244826,En riesgo
2019-10-28,1207,5299.3,3674.03,0.34,2011.2,Normal,757.0,0.24,65.96,89.8,5,1123.02,49,0,411.15,2304.77,Independiente,1022.64,Alimentacion,Positivo,58.8,Bajo,1625.27,0,63.249086957118294,Excelente
2019-11-27,1577,6206.68,3557.51,0.29,2942.37,Recesión,686.0,0.12,0.0,357.43,1,1548.86,48,0,578.17,1968.0,Salario,1749.92,Otros,Neutral,35.3,Bajo,2649.17,0,69.90104958559638,Excelente
2019-12-27,1894,5774.37,3152.04,0.28,2539.08,Normal,720.0,0.57,336.22,30.64,8,1733.47,59,0,804.41,2943.47,Salario,1035.16,Transporte,Positivo,33.8,Alto,2622.33,1,48.88783453872435,En observación
2020-01-26,1077,4808.33,3498.61,0.21,2693.97,Normal,684.0,0.38,556.76,309.92,2,1964.99,61,0,135.1,2591.46,Salario,1277.19,Gastos_hormiga,Neutral,55.1,Medio,1309.72,0,53.19034122541839,Estable
2020-02-25,1471,2459.45,2956.95,0.18,2297.71,Recesión,583.0,0.19,520.45,500.02,1,1336.18,41,0,360.11,2893.8,Independiente,1228.09,Alimentacion,Positivo,35.2,Bajo,0.0,0,55.00065449869468,Estable
2020-03-26,1543,5932.37,4386.94,0.31,2431.95,Inflación,742.0,0.59,318.04,203.91,8,719.68,22,0,622.29,1326.26,Independiente,437.88,Inversiones,Positivo,87.0,Medio,1545.43,0,46.833867020389,En observación
2020-04-25,1347,3989.47,1511.71,0.08,3296.36,Recesión,730.0,0.17,503.55,151.56,3,740.54,21,0,858.32,1474.71,Independiente,1445.16,Servicios,Positivo,45.4,Medio,2477.76,0,51.04919019261704,En observación
2020-05-25,1588,5608.86,2150.71,0.16,3184.14,Normal,653.0,0.23,223.14,535.09,6,600.66,69,0,398.53,2137.22,Salario,678.82,Alimentacion,Negativo,73.1,Bajo,3458.15,1,60.55348569536993,Saludable
2020-06-24,1442,2903.88,3335.29,0.3,3000.81,Recesión,674.0,0.57,323.6,634.25,1,1500.45,64,0,275.59,2740.17,Independiente,1165.54,Salud,Positivo,84.6,Medio,0.0,0,49.50808250471933,En observación
2020-07-24,1150,4465.17,601.26,0.25,2550.48,Normal,724.0,0.13,509.12,432.76,2,1381.88,58,0,447.67,2185.76,Salario,1637.94,Salud,Positivo,51.1,Bajo,3863.91,1,71.77757208020623,Excelente
2020-08-23,1389,4090.73,3021.5,0.37,3065.44,Normal,721.0,0.2,483.43,319.32,2,812.75,20,0,217.34,1579.18,Salario,1275.52,Gastos_hormiga,Neutral,28.4,Medio,1069.23,0,65.46001440057168,Excelente
2020-09-22,1157,4009.2,2438.27,0.1,2879.08,Normal,728.0,0.49,281.58,307.6,1,1713.7,43,0,297.52,2644.73,Mixto,1016.34,Alimentacion,Positivo,76.7,Bajo,1570.93,0,46.85080609180687,En observación
2020-10-22,1649,1967.67,2324.86,0.23,2986.8,Normal,802.0,0.11,204.03,600.39,6,805.97,87,0,816.44,2086.0,Salario,1943.28,Alimentacion,Neutral,20.6,Medio,0.0,0,56.11067421872949,Estable
2020-11-21,1353,4915.31,3145.92,0.35,2964.17,Normal,693.0,0.34,527.76,352.61,2,1212.05,41,0,489.32,2699.6,Salario,1930.17,Vivienda,Positivo,3.5,Medio,1769.39,0,59.66681416593516,Saludable
2020-12-21,1171,4392.22,3310.38,0.08,3118.05,Inflación,688.0,0.32,317.04,694.36,9,951.68,40,0,509.32,1472.63,Salario,480.72,Vivienda,Positivo,72.1,Bajo,1081.84,0,49.51132596305197,En observación
2021-01-20,1607,4312.67,2589.56,0.05,2770.19,Normal,640.0,0.19,435.89,438.83,6,1130.21,61,0,637.71,3187.98,Salario,1072.84,Ocio,Positivo,21.5,Bajo,1723.11,0,49.89643384208986,En observación
2021-02-19,1957,5235.6,2171.01,0.37,2678.95,Inflación,638.0,0.15,644.16,518.6,7,988.03,24,0,470.98,2977.5,Salario,672.5,Alimentacion,Positivo,6.4,Alto,3064.59,1,71.45846721728851,Excelente
2021-03-21,1941,4150.8,2183.36,0.05,3407.11,Normal,645.0,0.1,661.46,152.37,5,1216.71,49,0,635.91,2428.28,Independiente,804.73,Gastos_hormiga,Positivo,31.1,Bajo,1967.44,0,52.03353919827598,En observación
2021-04-20,1642,3883.98,4760.54,0.33,1777.72,Normal,578.0,0.45,448.72,315.16,8,814.04,93,0,585.99,2390.49,Salario,1385.15,Educacion,Positivo,48.7,Bajo,0.0,0,47.19590135297062,En observación
2021-05-20,1540,4289.35,1883.55,0.36,2570.89,Recesión,725.0,0.49,596.78,617.49,5,1321.22,87,0,172.05,3274.46,Salario,991.98,Ocio,Positivo,41.9,Medio,2405.8,0,59.11748772900302,Saludable
2021-06-19,1866,2587.89,1265.01,0.14,3189.09,Normal,533.0,0.46,355.5,380.76,1,321.91,98,0,443.39,2414.48,Salario,1245.87,Otros,Positivo,69.8,Alto,1322.88,0,42.78595737449719,En riesgo
2021-07-19,1465,4842.11,4915.78,0.13,4056.42,Recesión,725.0,0.16,326.09,251.54,9,599.78,33,1,488.9,2870.97,Mixto,949.0,Alimentacion,Positivo,44.6,Bajo,0.0,0,48.44149307540191,En observación
2021-08-18,1331,3714.16,3752.83,0.18,2903.44,Normal,634.0,0.54,28.62,192.2,9,1023.73,44,0,739.31,2041.09,Salario,1669.49,Ocio,Positivo,75.5,Bajo,0.0,0,39.54078746680895,Crítico
2021-09-17,1313,3465.48,812.73,0.27,3439.43,Inflación,723.0,0.17,366.48,438.91,1,472.66,71,0,704.15,3518.15,Independiente,753.28,Transporte,Positivo,74.4,Medio,2652.75,0,62.20003787608319,Saludable
2021-10-17,1141,3298.01,3312.21,0.37,3043.58,Normal,654.0,0.37,618.12,269.51,5,1287.75,30,0,666.64,2628.05,Salario,2006.26,Gastos_hormiga,Positivo,78.2,Medio,0.0,0,53.21429366973855,Estable
2021-11-16,1763,2574.9,3300.72,0.25,3085.71,Inflación,649.0,0.25,695.49,241.65,8,1481.63,83,0,405.45,2482.99,Salario,1682.25,Gastos_hormiga,Neutral,25.8,Bajo,0.0,0,50.45413270048915,En observación
2021-12-16,1132,3609.54,3008.81,0.07,2974.01,Normal,642.0,0.3,392.84,659.34,2,449.12,65,0,65.08,1951.36,Salario,1208.15,Gastos_hormiga,Negativo,73.6,Bajo,600.73,0,46.551491941397174,En riesgo
2022-01-15,1897,4196.07,2947.04,0.36,2608.55,Recesión,677.0,0.53,0.0,429.86,9,1127.63,86,0,338.65,1772.4,Salario,1615.93,Educacion,Positivo,7.6,Medio,1249.03,0,55.65102300957347,Estable
2022-02-14,1084,4176.41,3269.49,0.11,3026.66,Normal,754.0,0.11,359.2,617.11,9,423.96,78,0,606.27,1049.19,Independiente,1616.71,Alimentacion,Neutral,25.1,Alto,906.92,0,52.35287826873841,Estable
2022-03-16,1372,3984.54,2371.1,0.27,2890.87,Normal,679.0,0.35,343.75,548.56,2,1801.51,58,0,145.23,1888.25,Salario,973.15,Ocio,Positivo,84.3,Bajo,1613.44,0,63.36049920412201,Excelente
2022-04-15,1332,3077.62,2409.3,0.1,2064.75,Normal,684.0,0.32,652.87,560.68,4,1376.33,85,0,705.04,2279.27,Independiente,1261.18,Alimentacion,Neutral,48.6,Bajo,668.32,0,45.81393822808934,En riesgo
2022-05-15,1412,2683.58,3380.14,0.35,2636.51,Inflación,622.0,0.15,548.04,597.98,4,676.94,65,0,256.54,3254.97,Salario,300.0,Alimentacion,Positivo,89.7,Medio,0.0,0,63.13773971250701,Excelente
2022-06-14,1625,3719.15,2676.47,0.34,2824.62,Normal,670.0,0.36,671.42,592.67,5,1306.66,21,0,531.96,1079.72,Salario,1714.84,Transporte,Neutral,12.5,Bajo,1042.68,0,58.954034623720574,Saludable
2022-07-14,1035,3362.89,3047.81,0.35,2841.72,Inflación,686.0,0.52,510.8,523.82,6,424.17,72,0,332.89,3136.8,Salario,1143.05,Transporte,Positivo,16.2,Bajo,315.08,0,49.386637053487625,En observación
2022-08-13,1653,3722.49,2286.35,0.28,2814.53,Normal,662.0,0.27,452.87,110.15,7,1156.5,31,0,423.23,2648.21,Salario,750.69,Gastos_hormiga,Positivo,34.6,Bajo,1436.14,0,57.9966376558657,Saludable
2022-09-12,1478,3933.67,2765.44,0.35,2398.01,Inflación,701.0,0.47,630.75,404.94,9,1190.81,83,0,203.72,2116.08,Salario,1644.56,Alimentacion,Positivo,75.0,Bajo,1168.23,0,54.543810864148284,Estable
2022-10-12,1076,4370.73,3079.32,0.07,2727.35,Inflación,666.0,0.41,514.49,384.74,1,578.11,56,0,461.07,1670.01,Mixto,1388.1,Alimentacion,Positivo,96.1,Medio,1291.41,0,42.633525176856665,En riesgo
2022-11-11,1320,3540.69,3548.21,0.24,3392.41,Normal,659.0,0.58,371.17,777.61,4,1229.07,47,0,658.15,2571.65,Salario,1147.27,Gastos_hormiga,Positivo,52.2,Bajo,0.0,0,44.889789545847336,En riesgo
2022-12-11,1770,3817.0,2548.79,0.3,3031.17,Normal,633.0,0.48,595.15,479.36,6,740.18,76,0,420.69,2180.73,Salario,1504.34,Inversiones,Positivo,76.9,Bajo,1268.21,0,51.014937145634924,En observación
2023-01-10,1165,3229.95,2785.75,0.25,2757.98,Inflación,628.0,0.56,259.25,449.76,4,934.02,26,0,647.72,1184.36,Salario,1162.68,Salud,Positivo,88.8,Medio,444.2,0,46.587298308728485,En riesgo
2023-02-09,1495,4443.44,2473.52,0.11,2736.95,Normal,745.0,0.25,517.92,250.67,1,1105.12,46,0,467.96,3215.62,Independiente,1309.87,Educacion,Positivo,51.0,Bajo,1969.92,0,51.06141384665681,En observación
2023-03-11,1631,3368.23,1973.33,0.37,3275.73,Inflación,687.0,0.32,601.02,430.47,6,564.43,84,0,588.08,2288.13,Salario,727.86,Educacion,Positivo,51.3,Bajo,1394.9,0,59.64152254011958,Saludable
2023-04-10,1189,1520.17,3569.25,0.24,3486.67,Normal,666.0,0.3,525.97,112.3,2,1098.02,32,0,304.33,2501.11,Salario,1384.12,Gastos_hormiga,Neutral,66.7,Bajo,0.0,0,46.43093245702273,En riesgo
2023-05-10,1466,4167.25,3827.03,0.2,2226.77,Normal,668.0,0.44,298.74,170.87,8,1136.96,97,0,337.55,2896.32,Mixto,1481.89,Otros,Negativo,81.9,Medio,340.22,0,42.324601269070584,En riesgo
2023-06-09,1205,6335.87,2852.62,0.09,2414.7,Normal,620.0,0.12,401.83,289.67,5,0.0,28,0,738.65,1884.42,Independiente,1154.75,Inversiones,Positivo,33.6,Bajo,3483.25,1,55.72222649817353,Estable
2023-07-09,1465,3947.97,3503.65,0.16,3010.65,Normal,664.0,0.3,242.14,147.58,5,198.02,59,0,711.65,1320.08,Salario,855.14,Salud,Positivo,56.6,Bajo,444.32,0,47.35503875434118,En observación
2023-08-08,1171,3587.21,3986.1,0.34,2110.84,Recesión,664.0,0.31,368.31,318.1,2,1086.62,49,0,845.3,1944.1,Salario,1380.23,Servicios,Positivo,46.9,Bajo,0.0,0,56.32166008226215,Estable
2023-09-07,1806,4731.32,3076.65,0.05,2563.7,Normal,656.0,0.53,717.88,55.22,2,701.13,55,0,497.23,2412.47,Salario,1038.04,Salud,Positivo,61.9,Medio,1654.67,0,33.96928600845392,Crítico
2023-10-07,1927,4096.16,1338.47,0.25,2767.26,Recesión,654.0,0.47,550.47,405.9,8,602.69,99,0,432.5,2397.42,Salario,1323.8,Salud,Positivo,80.8,Bajo,2757.69,0,51.313286142599324,En observación
2023-11-06,1492,4878.89,3662.04,0.35,2757.33,Normal,672.0,0.51,756.85,727.19,4,1055.98,95,0,757.55,1119.4,Salario,1139.55,Salud,Positivo,18.0,Bajo,1216.85,0,54.556393727545654,Estable
2019-01-01,1547,4486.64,3309.16,0.4,2662.39,Inflación,625.0,0.59,894.23,349.4,3,1227.33,37,0,721.19,2475.47,Mixto,1374.43,Vivienda,Positivo,95.4,Medio,1177.48,0,49.96898522497985,En observación
2019-01-31,1676,4599.9,3836.31,0.07,2807.84,Inflación,697.0,0.46,408.28,725.24,7,1307.79,60,0,660.72,1681.83,Salario,1987.73,Otros,Negativo,22.9,Medio,763.59,0,39.051491773335286,Crítico
2019-03-02,1239,3062.79,3741.42,0.26,3332.33,Inflación,658.0,0.4,433.57,317.36,6,620.82,84,0,396.67,2563.9,Salario,958.89,Educacion,Positivo,45.4,Alto,0.0,0,46.02358524420571,En riesgo
2019-04-01,1565,5343.14,4027.64,0.23,2507.22,Inflación,638.0,0.38,347.59,451.7,3,567.77,93,0,742.87,2179.51,Independiente,1144.61,Alimentacion,Positivo,13.7,Medio,1315.5,0,49.90326078874738,En observación
2019-05-01,1044,2521.68,2609.7,0.29,2671.84,Recesión,703.0,0.57,435.22,57.4,5,1015.37,92,0,459.74,1822.51,Salario,1945.39,Gastos_hormiga,Positivo,69.9,Alto,0.0,0,42.220785872244264,En riesgo
2019-05-31,1663,3016.72,2316.85,0.13,2492.47,Recesión,686.0,0.15,714.47,598.04,3,781.78,36,0,707.18,3208.11,Salario,1825.61,Transporte,Positivo,5.3,Bajo,699.87,0,51.2566120759956,En observación
2019-06-30,1406,2645.91,2565.6,0.38,3349.85,Normal,633.0,0.47,783.79,0.0,5,1206.03,80,0,180.92,2004.75,Salario,1284.73,Servicios,Neutral,25.4,Bajo,80.31,0,50.47468662129186,En observación
2019-07-30,1240,6113.33,3186.95,0.22,3167.62,Normal,631.0,0.41,703.74,337.84,9,1077.63,82,0,403.34,1748.72,Salario,1432.72,Ocio,Positivo,91.8,Medio,2926.38,0,51.56186289928594,En observación
2019-08-29,1402,4043.37,2346.07,0.3,3538.39,Recesión,750.0,0.28,359.93,456.42,2,1183.11,72,0,959.91,3014.02,Independiente,960.56,Inversiones,Positivo,47.1,Bajo,1697.3,0,59.37420589436363,Saludable
2019-09-28,1418,3739.5,3502.33,0.07,3396.07,Normal,686.0,0.56,531.18,284.02,8,1634.17,80,0,1132.61,1867.51,Salario,1128.93,Educacion,Positivo,11.3,Bajo,237.17,0,32.6988709845723,Crítico
2019-10-28,1420,3563.44,2817.55,0.11,2081.65,Normal,679.0,0.25,441.65,948.25,4,1283.94,51,0,644.79,2628.73,Salario,2358.42,Educacion,Positivo,19.3,Medio,745.89,0,50.99738562156697,En observación
2019-11-27,1784,5377.21,2401.51,0.37,2279.68,Normal,728.0,0.15,383.67,549.86,6,720.75,72,0,654.34,2888.06,Salario,1485.74,Vivienda,Positivo,98.4,Alto,2975.7,1,69.98357012975329,Excelente
2019-12-27,1005,4862.26,3358.43,0.12,2524.54,Normal,655.0,0.48,329.87,7.55,4,597.37,21,0,833.07,2772.01,Salario,1769.22,Alimentacion,Neutral,31.9,Bajo,1503.83,0,36.40467843569148,Crítico
2020-01-26,1354,3915.46,989.71,0.28,2528.49,Normal,652.0,0.17,497.58,507.24,4,703.28,48,0,587.58,3454.97,Salario,1319.73,Salud,Positivo,24.3,Medio,2925.75,1,65.70053154541692,Excelente
2020-02-25,1896,4503.57,3132.76,0.06,3073.21,Normal,645.0,0.34,539.49,379.39,7,435.69,46,0,709.61,1000.0,Salario,1388.84,Alimentacion,Positivo,76.5,Bajo,1370.81,0,42.867898790605466,En riesgo
2020-03-26,1227,4403.12,3012.03,0.13,2354.84,Normal,709.0,0.42,288.83,771.88,8,725.96,90,0,477.07,1876.96,Salario,912.6,Salud,Positivo,39.3,Bajo,1391.09,0,48.07040043561702,En observación
2020-04-25,1731,3227.23,2309.79,0.13,2406.41,Normal,676.0,0.23,578.54,824.93,3,834.48,66,0,481.87,2016.05,Salario,1035.85,Otros,Negativo,15.7,Medio,917.44,0,52.23403902311367,En observación
2020-05-25,1528,7407.94,3827.42,0.33,2285.17,Recesión,665.0,0.17,639.83,322.43,2,1430.18,27,0,948.02,2056.56,Salario,1663.48,Vivienda,Positivo,51.7,Bajo,3580.52,1,68.19737994030959,Excelente
2020-06-24,1638,3997.97,3632.41,0.33,3299.65,Normal,639.0,0.16,518.24,566.79,8,217.5,27,1,333.82,2421.35,Independiente,1128.94,Alimentacion,Positivo,36.8,Bajo,365.56,0,60.90676240412684,Saludable
2020-07-24,1585,4290.08,2377.93,0.26,2392.0,Normal,629.0,0.49,544.02,384.6,7,1513.32,99,0,509.14,1336.85,Salario,335.26,Educacion,Positivo,39.2,Bajo,1912.15,0,53.846439629610316,Estable
2020-08-23,1713,4390.52,2432.35,0.35,3043.7,Recesión,675.0,0.59,526.76,602.44,4,921.14,77,0,651.46,2447.35,Mixto,1921.79,Otros,Positivo,2.7,Alto,1958.17,0,50.8521641158204,En observación
2020-09-22,1435,4698.3,2311.56,0.3,3428.0,Recesión,702.0,0.37,321.82,15.84,7,992.37,38,1,608.14,2206.01,Salario,1094.37,Ocio,Positivo,15.8,Medio,2386.74,0,55.649784306506284,Estable
2020-10-22,1151,5968.09,3212.68,0.36,1981.46,Normal,628.0,0.4,445.71,75.14,1,440.03,45,0,705.98,1524.53,Salario,1430.64,Ocio,Positivo,64.8,Medio,2755.41,1,58.402784034408995,Saludable
2020-11-21,1572,3055.95,2485.39,0.37,3263.54,Normal,683.0,0.19,403.02,565.46,4,0.0,88,0,244.48,1173.67,Salario,1707.92,Servicios,Positivo,27.8,Medio,570.56,0,64.01367460056247,Excelente
2020-12-21,1018,2813.99,4880.48,0.38,2674.59,Inflación,719.0,0.56,708.79,0.0,4,1634.62,49,0,378.78,1724.99,Salario,927.52,Transporte,Positivo,15.1,Alto,0.0,0,45.98892419008518,En riesgo
2021-01-20,1656,4241.75,2629.51,0.2,2342.29,Normal,585.0,0.3,784.3,456.01,2,512.51,77,0,133.01,1629.29,Salario,612.74,Ocio,Negativo,42.7,Medio,1612.24,0,52.65327147386298,Estable
2021-02-19,1745,4120.29,3378.35,0.26,3322.68,Normal,728.0,0.56,579.47,45.68,4,1864.7,22,0,294.74,1463.02,Salario,1284.47,Otros,Positivo,71.9,Bajo,741.94,0,47.70336504290217,En observación
2021-03-21,1296,3650.96,4767.37,0.15,3405.03,Recesión,657.0,0.22,657.85,438.45,6,730.31,89,0,528.56,1347.37,Salario,1990.06,Ocio,Positivo,90.5,Alto,0.0,0,45.652604449674286,En riesgo
2021-04-20,1989,3970.05,1029.22,0.19,3863.85,Normal,706.0,0.27,387.07,750.56,8,657.88,62,0,561.13,1806.79,Salario,1107.69,Salud,Positivo,70.3,Medio,2940.83,0,57.973756683313105,Saludable
2021-05-20,1533,4845.09,3014.68,0.39,2727.51,Normal,727.0,0.38,853.23,459.05,9,1105.21,79,0,803.94,1677.34,Mixto,1198.73,Salud,Negativo,80.0,Bajo,1830.41,0,56.72643985574585,Estable
2021-06-19,1357,4631.16,3209.93,0.26,3323.56,Normal,660.0,0.36,252.19,623.3,6,1044.59,32,0,279.49,1364.2,Salario,1515.69,Otros,Negativo,53.4,Bajo,1421.23,0,56.693067456948654,Estable
2021-07-19,1721,4914.54,2719.67,0.28,3018.73,Inflación,680.0,0.32,346.17,352.42,6,198.65,30,0,431.09,3028.09,Independiente,1216.87,Gastos_hormiga,Neutral,27.4,Alto,2194.87,0,53.703628507773004,Estable
2021-08-18,1408,3874.63,3996.49,0.27,3644.35,Inflación,718.0,0.47,921.48,331.95,6,1723.08,59,0,296.01,2314.92,Salario,1702.48,Otros,Neutral,76.1,Bajo,0.0,0,45.63930686634757,En riesgo
2021-09-17,1378,4823.2,1341.46,0.4,3027.9,Normal,684.0,0.5,398.95,222.28,5,859.5,57,0,472.96,1275.9,Salario,1667.87,Otros,Neutral,77.4,Alto,3481.74,1,61.32435709483821,Saludable
2021-10-17,1449,2135.71,3858.22,0.34,2027.83,Inflación,664.0,0.5,853.21,382.18,2,1095.72,67,0,0.0,3160.49,Salario,1005.66,Transporte,Positivo,55.2,Bajo,0.0,0,48.40598681490422,En observación
2021-11-16,1164,3935.93,3685.76,0.22,2010.51,Inflación,666.0,0.41,534.66,230.57,9,951.64,76,0,707.43,2719.58,Mixto,1565.65,Alimentacion,Negativo,79.7,Bajo,250.17,0,41.54024912286685,En riesgo
2021-12-16,1246,2418.36,3419.83,0.06,2168.44,Recesión,732.0,0.39,567.08,247.48,3,691.26,61,0,430.75,2242.03,Salario,636.46,Inversiones,Positivo,61.6,Medio,0.0,0,37.52612499796217,Crítico
2022-01-15,1609,3090.57,1936.15,0.38,2964.43,Normal,701.0,0.55,295.6,269.48,3,890.65,44,0,561.77,2419.58,Independiente,1226.48,Ocio,Neutral,70.9,Bajo,1154.42,0,51.974254792203865,En observación
2022-02-14,1858,3583.16,2122.85,0.12,2385.76,Normal,689.0,0.11,226.63,614.93,5,431.69,48,0,7.49,2300.71,Salario,1241.98,Alimentacion,Positivo,87.6,Medio,1460.31,0,59.25692355444663,Saludable
2022-03-16,1622,4393.93,2663.01,0.26,3347.42,Normal,752.0,0.32,252.74,595.99,4,1687.05,63,0,419.17,2342.22,Independiente,1178.43,Servicios,Positivo,85.1,Bajo,1730.92,0,61.545828029305895,Saludable
2022-04-15,1547,3915.09,4250.09,0.28,2646.59,Normal,670.0,0.17,580.52,1263.27,4,204.75,52,1,622.53,3498.82,Independiente,1418.09,Otros,Positivo,37.2,Bajo,0.0,0,58.99093069943751,Saludable
2022-05-15,1239,3866.1,1741.07,0.24,2710.75,Normal,747.0,0.31,959.41,257.17,8,1071.48,60,0,319.87,1967.62,Salario,1082.27,Ocio,Positivo,7.3,Alto,2125.03,0,53.91950762277245,Estable
2022-06-14,1247,3898.21,2392.11,0.14,2767.35,Normal,744.0,0.57,788.09,274.69,9,1988.35,39,0,423.46,2125.05,Independiente,1161.74,Gastos_hormiga,Positivo,64.3,Bajo,1506.1,0,41.53178164524593,En riesgo
2022-07-14,1140,2307.32,3430.4,0.39,2694.47,Normal,660.0,0.39,169.25,376.81,8,52.14,24,0,468.83,1967.33,Salario,1999.95,Gastos_hormiga,Positivo,46.6,Bajo,0.0,0,52.2809497663074,En observación
2022-08-13,1976,3740.2,3819.23,0.19,2758.61,Normal,708.0,0.55,236.61,193.93,4,99.32,99,0,540.78,2196.72,Salario,1521.5,Gastos_hormiga,Positivo,96.8,Bajo,0.0,0,37.9607025271985,Crítico
2022-09-12,1144,4462.25,2370.17,0.31,2807.24,Inflación,719.0,0.55,588.98,418.5,7,1304.48,62,0,215.77,1000.0,Independiente,1241.8,Inversiones,Negativo,60.2,Bajo,2092.08,0,52.58840462142966,Estable
2022-10-12,1169,3837.53,3323.27,0.14,2631.73,Recesión,713.0,0.54,223.62,882.07,3,490.95,57,0,740.68,1901.04,Salario,822.84,Servicios,Positivo,32.3,Medio,514.26,0,42.842170749274025,En riesgo
2022-11-11,1634,3618.52,2967.77,0.22,2755.62,Normal,628.0,0.52,343.49,566.83,3,1138.39,97,0,107.12,2406.85,Salario,1811.99,Inversiones,Neutral,54.2,Bajo,650.75,0,47.70602095486665,En observación
2022-12-11,1955,3965.61,3553.64,0.24,1842.76,Normal,712.0,0.48,776.36,348.41,1,1315.35,93,0,257.14,1768.1,Salario,801.22,Vivienda,Negativo,99.7,Medio,411.97,0,46.28226883854268,En riesgo
2023-01-10,1125,2571.2,1668.93,0.13,2859.96,Normal,701.0,0.15,158.47,531.78,2,1756.77,92,0,729.18,1638.63,Independiente,1284.45,Transporte,Negativo,19.9,Alto,902.27,0,56.344462127517005,Estable
2023-02-09,1267,5355.14,3941.51,0.19,2383.42,Inflación,617.0,0.53,569.28,186.87,1,953.52,27,0,311.56,2267.19,Salario,1172.09,Transporte,Neutral,17.4,Bajo,1413.63,0,42.895210478624286,En riesgo
2023-03-11,1355,3672.37,2695.32,0.32,2128.41,Normal,676.0,0.49,602.53,765.09,4,720.51,61,0,550.74,1000.0,Salario,1653.78,Servicios,Positivo,5.8,Medio,977.05,0,53.29821670809754,Estable
2023-04-10,1993,4202.08,2339.61,0.14,2285.78,Normal,663.0,0.56,173.6,284.31,7,1681.7,66,0,602.42,2044.31,Mixto,1242.09,Otros,Positivo,14.9,Medio,1862.47,0,44.04026881748689,En riesgo
2023-05-10,1789,2656.36,3548.7,0.15,3014.84,Normal,693.0,0.56,608.0,877.3,2,925.43,44,0,526.27,1709.68,Salario,1667.17,Otros,Positivo,37.5,Bajo,0.0,0,39.55064147849984,Crítico
2023-06-09,1415,3142.27,3718.34,0.05,2967.22,Recesión,691.0,0.52,840.2,270.62,6,1129.55,53,0,292.66,1947.45,Salario,356.25,Educacion,Positivo,2.5,Bajo,0.0,0,33.64025028935435,Crítico
2023-07-09,1584,3614.02,4034.21,0.21,2963.34,Inflación,766.0,0.13,181.87,687.02,3,1434.48,62,0,637.82,4245.9,Salario,1470.3,Alimentacion,Positivo,4.9,Medio,0.0,0,57.63181680868322,Saludable
2023-08-08,1791,2779.88,2458.82,0.26,2574.65,Normal,703.0,0.32,632.17,421.24,6,909.8,96,0,177.98,2107.03,Salario,300.0,Gastos_hormiga,Positivo,76.6,Alto,321.06,0,54.39727691978668,Estable
2023-09-07,1808,4901.9,2474.57,0.33,3290.84,Normal,702.0,0.14,624.75,139.26,9,1022.56,60,0,397.56,2317.35,Salario,1336.84,Transporte,Positivo,38.4,Alto,2427.33,0,64.5030895269874,Excelente
2023-10-07,1743,5524.03,3049.45,0.19,2638.43,Normal,694.0,0.16,347.43,336.43,6,1386.71,59,0,606.53,2229.71,Salario,2146.0,Servicios,Positivo,88.1,Medio,2474.58,0,58.998427895835334,Saludable
2023-11-06,1013,3254.2,2740.0,0.16,2253.54,Recesión,602.0,0.21,681.61,537.53,8,886.88,97,0,477.01,1921.14,Mixto,1299.95,Servicios,Neutral,9.1,Bajo,514.2,0,51.51624230411683,En observación
2019-01-01,1217,3649.63,1594.93,0.16,3263.3,Normal,595.0,0.11,336.61,669.47,7,1181.88,23,0,439.21,1000.0,Salario,1172.35,Alimentacion,Positivo,46.2,Alto,2054.7,0,63.16418562434845,Excelente
2019-01-31,1595,2884.93,2684.8,0.36,2735.89,Inflación,719.0,0.5,651.87,227.65,4,1642.47,48,0,840.95,2479.87,Independiente,1753.49,Otros,Positivo,83.3,Bajo,200.13,0,49.70654752554418,En observación
2019-03-02,1606,4103.22,3408.33,0.28,2797.94,Normal,649.0,0.44,571.92,543.43,3,1782.3,36,0,351.47,1366.01,Salario,1442.99,Alimentacion,Positivo,9.9,Bajo,694.89,0,56.19319090071617,Estable
2019-04-01,1634,4768.91,1688.52,0.25,2566.43,Normal,741.0,0.34,325.55,431.18,8,803.24,95,0,710.79,1137.22,Salario,1376.58,Transporte,Neutral,53.2,Bajo,3080.39,1,59.2947605197821,Saludable
2019-05-01,1744,3181.97,2445.07,0.19,2846.89,Normal,807.0,0.17,528.21,468.68,9,360.85,50,0,663.21,1000.0,Salario,1290.06,Servicios,Neutral,96.5,Bajo,736.9,0,53.359292305369664,Estable
2019-05-31,1289,4551.4,3540.8,0.09,3929.6,Normal,639.0,0.29,789.04,523.47,6,1074.86,85,0,488.86,1996.04,Independiente,1359.26,Vivienda,Positivo,99.0,Bajo,1010.6,0,45.9787667755102,En riesgo
2019-06-30,1404,3435.79,1787.69,0.24,3565.88,Inflación,752.0,0.19,516.25,408.05,2,1792.07,56,0,154.07,1991.48,Mixto,1129.81,Servicios,Negativo,27.4,Bajo,1648.1,0,62.98458038287935,Excelente
2019-07-30,1790,4064.85,3149.12,0.29,3156.36,Normal,622.0,0.53,453.53,109.62,2,717.83,90,0,670.31,1825.0,Salario,959.12,Otros,Neutral,46.8,Alto,915.73,0,45.22657840548423,En riesgo
2019-08-29,1330,3337.68,3131.63,0.32,2633.47,Recesión,708.0,0.22,565.56,347.21,9,1009.97,79,0,439.11,2319.7,Salario,1200.3,Transporte,Positivo,9.4,Medio,206.05,0,58.240779136414595,Saludable
2019-09-28,1000,3374.92,4718.17,0.38,3863.29,Inflación,677.0,0.36,527.88,402.65,8,1110.1,61,0,456.4,2245.69,Independiente,1521.3,Gastos_hormiga,Negativo,31.7,Bajo,0.0,0,51.29374536091673,En observación
2019-10-28,1442,5648.53,4100.86,0.24,2741.21,Inflación,721.0,0.27,362.03,325.6,3,1037.32,49,0,551.62,2644.91,Independiente,1671.27,Salud,Neutral,69.9,Bajo,1547.67,0,54.59431817055529,Estable
2019-11-27,1556,5018.91,3206.89,0.05,3687.43,Normal,629.0,0.53,499.13,298.47,3,1105.21,61,0,562.41,3039.23,Salario,1529.72,Otros,Positivo,57.6,Alto,1812.02,0,35.79005477176509,Crítico
2019-12-27,1190,3459.71,3007.72,0.27,2128.75,Normal,674.0,0.5,311.31,0.0,7,1775.81,80,0,439.2,2412.54,Salario,850.78,Transporte,Positivo,57.4,Bajo,451.99,0,48.82354365506766,En observación
2020-01-26,1042,6256.88,4736.42,0.38,2677.07,Normal,634.0,0.49,972.68,177.41,7,424.52,34,0,710.08,1759.63,Salario,982.62,Alimentacion,Positivo,46.1,Bajo,1520.46,0,48.88806545294858,En observación
2020-02-25,1980,5411.25,2735.63,0.22,2999.41,Recesión,728.0,0.3,422.93,224.21,7,798.53,32,0,444.74,2285.16,Salario,2025.0,Servicios,Positivo,83.2,Bajo,2675.62,0,54.53127288034688,Estable
2020-03-26,1798,1818.94,2323.98,0.18,3037.3,Normal,686.0,0.5,335.67,674.57,7,1161.2,45,0,295.75,2342.52,Independiente,1432.9,Gastos_hormiga,Positivo,91.1,Bajo,0.0,0,43.695473595311746,En riesgo
2020-04-25,1647,5174.97,3141.27,0.27,2379.14,Recesión,686.0,0.25,262.04,301.27,1,437.83,82,0,460.93,3113.47,Salario,1461.15,Salud,Positivo,50.5,Alto,2033.7,0,57.296465225190296,Saludable
2020-05-25,1811,2473.08,2430.52,0.38,3160.06,Normal,615.0,0.56,381.69,559.53,8,227.19,95,0,619.72,1550.85,Salario,1091.69,Servicios,Positivo,29.5,Medio,42.56,0,48.443136353326636,En observación
2020-06-24,1078,5640.42,3730.16,0.28,3145.3,Normal,692.0,0.29,363.17,729.6,6,1088.89,36,0,582.11,2198.75,Salario,833.25,Otros,Neutral,89.5,Bajo,1910.26,0,60.780839299297135,Saludable
2020-07-24,1568,3900.79,2234.91,0.38,2803.2,Normal,716.0,0.13,532.42,783.78,1,402.51,38,0,491.3,1270.7,Salario,1344.26,Salud,Neutral,23.8,Medio,1665.88,0,70.83059311258958,Excelente
2020-08-23,1772,4044.47,2076.49,0.22,2375.21,Normal,740.0,0.12,413.36,20.9,8,1162.56,39,0,317.81,1753.23,Salario,1094.21,Educacion,Neutral,43.3,Bajo,1967.98,0,60.80922658377552,Saludable
2020-09-22,1384,3441.08,2433.06,0.12,2423.31,Normal,668.0,0.11,484.03,220.58,5,1276.51,22,0,193.29,2597.37,Salario,1275.9,Ocio,Negativo,90.4,Bajo,1008.02,0,54.47409327858208,Estable
2020-10-22,1146,3310.43,2611.92,0.3,2468.87,Inflación,670.0,0.32,702.11,551.23,9,342.59,62,0,287.87,1988.78,Independiente,1616.7,Servicios,Neutral,4.7,Medio,698.51,0,52.74739013189956,Estable
2020-11-21,1790,4449.06,3172.93,0.31,3056.07,Normal,649.0,0.22,640.22,488.72,5,220.03,37,0,330.64,1430.24,Mixto,1451.3,Transporte,Positivo,78.9,Bajo,1276.13,0,61.047681944675,Saludable
2020-12-21,1922,4979.17,1483.44,0.26,2324.15,Recesión,707.0,0.19,689.15,392.05,5,462.23,24,0,601.34,1123.95,Independiente,1063.24,Educacion,Negativo,8.0,Medio,3495.73,1,62.6075046728298,Excelente
2021-01-20,1729,2223.77,1831.22,0.4,2779.55,Normal,602.0,0.45,519.0,238.4,8,755.98,98,0,662.48,2465.43,Mixto,1048.17,Vivienda,Negativo,33.6,Medio,392.55,0,50.46317742719251,En observación
2021-02-19,1748,3784.07,2548.07,0.39,2452.14,Recesión,703.0,0.55,944.88,108.83,1,866.83,55,0,529.71,3712.09,Mixto,1633.96,Inversiones,Positivo,19.1,Bajo,1236.0,0,48.441842165498734,En observación
2021-03-21,1198,4544.68,3178.58,0.38,2807.31,Recesión,671.0,0.47,521.69,560.04,6,727.37,68,0,301.9,1646.0,Salario,1030.8,Gastos_hormiga,Negativo,91.8,Medio,1366.1,0,55.78309278486982,Estable
2021-04-20,1519,2597.03,4030.72,0.35,2296.27,Normal,772.0,0.22,574.15,332.43,2,1070.81,78,0,525.81,2011.39,Salario,1209.59,Vivienda,Neutral,18.3,Medio,0.0,0,57.75911071058171,Saludable
2021-05-20,1929,2557.58,3116.78,0.06,2115.26,Recesión,685.0,0.47,517.01,371.61,2,1223.64,33,0,647.54,2443.87,Salario,1127.09,Educacion,Neutral,37.2,Bajo,0.0,0,36.098224026663864,Crítico
2021-06-19,1128,2943.7,2116.94,0.12,2877.6,Inflación,703.0,0.6,516.48,808.93,2,322.87,74,0,925.69,1648.02,Salario,1104.56,Educacion,Positivo,51.5,Medio,826.76,0,37.02851255884622,Crítico
2021-07-19,1499,2018.05,3643.42,0.26,2439.22,Normal,747.0,0.23,342.92,69.41,9,1418.83,49,0,745.89,2116.14,Independiente,1009.84,Ocio,Positivo,91.7,Bajo,0.0,0,51.55525148322356,En observación
2021-08-18,1085,1269.43,1948.39,0.1,2676.06,Recesión,720.0,0.39,500.71,14.84,4,592.81,79,0,531.18,2666.9,Salario,1210.15,Otros,Negativo,99.9,Bajo,0.0,0,34.61450844257707,Crítico
2021-09-17,1623,5850.03,3600.78,0.34,3021.81,Inflación,640.0,0.21,0.76,0.0,5,557.92,66,0,268.55,2139.14,Salario,1292.33,Servicios,Positivo,60.9,Bajo,2249.25,0,65.05193297833239,Excelente
2021-10-17,1094,3195.04,1609.11,0.38,3121.99,Normal,655.0,0.55,607.57,245.19,2,480.94,43,0,277.54,1861.17,Salario,1056.35,Transporte,Negativo,62.5,Alto,1585.93,0,50.441821071826254,En observación
2021-11-16,1898,3535.09,4714.95,0.14,3236.71,Normal,657.0,0.25,719.36,628.42,6,1078.83,35,0,351.95,2341.1,Salario,951.21,Gastos_hormiga,Neutral,36.1,Bajo,0.0,0,46.90838407132841,En observación
2021-12-16,1836,4883.1,2953.04,0.33,2662.07,Normal,702.0,0.55,567.79,782.52,4,1218.23,73,0,496.18,2411.39,Salario,1324.95,Servicios,Positivo,45.0,Alto,1930.06,0,53.78512355977685,Estable
2022-01-15,1435,2723.47,4130.9,0.22,3608.46,Normal,726.0,0.52,734.25,378.09,1,466.61,65,0,536.18,2159.88,Independiente,1990.13,Transporte,Positivo,11.5,Alto,0.0,0,36.02339934474782,Crítico
2022-02-14,1153,3857.32,2987.43,0.36,1991.53,Normal,665.0,0.44,743.16,444.38,7,982.22,92,0,474.4,1547.33,Salario,971.23,Salud,Neutral,8.9,Bajo,869.89,0,54.03906893343711,Estable
2022-03-16,1362,1762.91,2523.27,0.17,3078.71,Normal,719.0,0.36,626.41,578.41,3,862.23,47,0,471.16,2694.49,Salario,467.95,Gastos_hormiga,Negativo,67.5,Medio,0.0,0,43.481534034485726,En riesgo
2022-04-15,1486,4595.14,1833.89,0.08,2525.23,Normal,634.0,0.38,436.57,209.76,2,1822.99,43,0,1049.52,3700.56,Salario,1568.42,Servicios,Positivo,38.8,Alto,2761.25,1,46.29305531997207,En riesgo
2022-05-15,1194,4139.34,2785.84,0.07,3251.07,Normal,687.0,0.58,700.75,637.71,7,98.69,67,0,212.06,1940.04,Salario,1460.32,Gastos_hormiga,Positivo,54.6,Medio,1353.5,0,34.60050527980438,Crítico
2022-06-14,1227,4572.35,2275.15,0.33,2277.32,Normal,730.0,0.5,555.67,546.92,2,1677.19,55,0,422.44,3333.4,Salario,1227.6,Transporte,Negativo,39.9,Alto,2297.2,1,56.147111355940794,Estable
2022-07-14,1514,5238.6,3181.18,0.19,2859.72,Normal,714.0,0.53,210.34,232.09,6,653.61,91,0,360.5,2024.95,Salario,1343.61,Educacion,Positivo,62.5,Bajo,2057.42,0,45.74188067259575,En riesgo
2022-08-13,1751,3818.35,2061.48,0.19,3270.15,Recesión,741.0,0.22,606.92,426.53,8,1018.47,60,0,802.26,2039.84,Salario,1649.89,Educacion,Neutral,68.6,Medio,1756.87,0,52.46213977457463,Estable
2022-09-12,1732,4353.8,1791.33,0.1,2447.53,Recesión,707.0,0.37,279.4,77.12,5,1492.63,61,0,849.96,2377.79,Salario,504.54,Servicios,Neutral,63.8,Bajo,2562.47,1,49.38984176876879,En observación
2022-10-12,1036,4033.62,2011.96,0.16,2974.18,Normal,670.0,0.44,656.94,389.49,6,1021.55,72,0,364.46,2860.72,Salario,991.98,Servicios,Neutral,16.9,Bajo,2021.66,0,46.195264437083644,En riesgo
2022-11-11,1353,3698.63,2624.57,0.32,2752.33,Recesión,706.0,0.23,408.45,111.48,6,1044.17,68,0,449.06,2378.68,Salario,1432.05,Gastos_hormiga,Negativo,25.6,Bajo,1074.06,0,58.16665627446807,Saludable
2022-12-11,1959,4272.22,3129.66,0.09,2256.99,Recesión,675.0,0.52,600.79,297.99,7,588.72,71,0,392.68,1334.51,Salario,1050.93,Ocio,Positivo,86.9,Alto,1142.56,0,36.982684381257386,Crítico
2023-01-10,1374,5191.39,3030.33,0.19,3547.59,Inflación,716.0,0.56,537.83,406.48,7,813.43,24,0,625.61,1980.08,Salario,1178.63,Servicios,Positivo,43.3,Alto,2161.06,0,42.95222005724819,En riesgo
2023-02-09,1349,4223.84,2744.66,0.33,3794.28,Normal,663.0,0.28,300.12,560.43,6,774.4,25,0,290.59,2450.63,Independiente,1194.29,Salud,Positivo,21.8,Medio,1479.18,0,61.6581341949138,Saludable
2023-03-11,1420,3415.3,4704.47,0.37,2505.83,Normal,623.0,0.37,369.4,201.78,7,1271.04,87,0,435.12,1906.64,Independiente,1671.98,Transporte,Negativo,77.5,Medio,0.0,0,51.91672020833326,En observación
2023-04-10,1465,3085.25,2467.19,0.19,2588.05,Inflación,657.0,0.25,633.99,545.61,7,739.01,34,0,472.1,1373.17,Salario,1940.54,Salud,Positivo,95.1,Bajo,618.06,0,52.55190080849878,Estable
2023-05-10,1541,4573.19,3445.29,0.06,3403.07,Inflación,642.0,0.35,670.77,719.6,6,1172.33,67,0,389.18,2505.42,Mixto,1979.87,Educacion,Positivo,67.2,Medio,1127.9,0,44.06566998673915,En riesgo
2023-06-09,1746,2675.59,3161.37,0.21,3754.86,Normal,679.0,0.21,306.99,418.89,9,134.48,54,0,248.63,1759.86,Salario,1496.01,Servicios,Positivo,46.2,Alto,0.0,0,50.11975819602472,En observación
2023-07-09,1654,2206.67,3300.0,0.06,2431.57,Normal,659.0,0.57,672.7,327.69,7,1004.94,34,0,89.76,1114.99,Salario,748.39,Otros,Positivo,28.1,Bajo,0.0,0,33.7452615809589,Crítico
2023-08-08,1598,4274.77,2949.71,0.34,3259.04,Normal,607.0,0.16,159.55,734.49,8,895.15,52,0,822.67,2285.4,Independiente,1331.74,Salud,Positivo,24.4,Medio,1325.06,0,66.03466166001341,Excelente
2023-09-07,1575,3072.97,2631.25,0.28,2137.69,Normal,647.0,0.49,530.18,381.05,2,1255.95,50,0,524.66,2250.85,Salario,318.67,Salud,Positivo,94.6,Alto,441.72,0,50.363007823146674,En observación
2023-10-07,1232,3708.16,2684.72,0.18,2564.35,Normal,644.0,0.49,676.63,547.28,7,0.0,39,0,557.38,1660.45,Salario,1372.48,Gastos_hormiga,Negativo,6.6,Alto,1023.44,0,38.90597466705001,Crítico
2023-11-06,1827,4226.82,4527.52,0.24,2301.23,Normal,656.0,0.46,683.38,646.02,1,512.03,88,0,91.09,2126.5,Salario,1049.13,Otros,Positivo,79.8,Bajo,0.0,0,48.026340961890284,En observación
2019-01-01,1332,3100.33,1970.17,0.12,2793.26,Inflación,681.0,0.28,607.58,778.53,4,535.53,75,0,598.01,1935.92,Salario,1061.58,Salud,Positivo,61.9,Bajo,1130.16,0,50.49240120905812,En observación
2019-01-31,1663,4236.99,2504.12,0.18,2546.93,Normal,692.0,0.4,262.39,804.66,5,1472.66,84,0,441.42,2626.31,Salario,802.95,Salud,Neutral,16.9,Bajo,1732.87,0,54.238569986140604,Estable
2019-03-02,1126,2922.2,2701.92,0.2,2673.81,Normal,612.0,0.25,544.74,199.25,3,1588.49,90,0,649.32,2203.48,Salario,941.17,Gastos_hormiga,Negativo,7.7,Bajo,220.28,0,51.46389005377356,En observación
2019-04-01,1435,4263.67,3041.9,0.18,2968.67,Recesión,660.0,0.24,599.31,197.69,3,1238.69,22,0,129.6,2295.86,Salario,892.52,Ocio,Positivo,51.2,Bajo,1221.77,0,55.94628966320101,Estable
2019-05-01,1273,3458.05,3106.15,0.12,3102.21,Normal,636.0,0.58,623.33,214.2,6,1014.4,70,0,735.6,2930.05,Mixto,300.0,Servicios,Positivo,0.9,Bajo,351.9,0,34.40432269781593,Crítico
2019-05-31,1179,5396.13,2530.7,0.36,2698.83,Recesión,604.0,0.14,562.63,369.02,2,1410.81,56,0,391.64,2880.23,Salario,593.82,Salud,Neutral,55.1,Medio,2865.43,1,72.84942448206218,Excelente
2019-06-30,1629,4949.43,1950.65,0.28,2458.55,Inflación,764.0,0.39,449.72,250.99,7,1522.46,68,0,119.86,1758.4,Salario,1263.84,Otros,Neutral,57.8,Medio,2998.78,1,60.77240180059178,Saludable
2019-07-30,1638,4403.65,596.25,0.06,2692.09,Normal,696.0,0.25,706.83,237.34,3,563.72,50,0,629.58,2528.88,Salario,1471.68,Inversiones,Neutral,88.0,Bajo,3807.4,1,50.73720728966225,En observación
2019-08-29,1183,3335.29,4431.57,0.3,2721.65,Normal,686.0,0.24,386.68,153.58,4,1154.56,51,0,522.07,2007.5,Salario,2096.34,Servicios,Positivo,82.4,Alto,0.0,0,53.773224341711625,Estable
2019-09-28,1072,3396.12,3121.91,0.26,2760.99,Inflación,651.0,0.4,380.08,0.0,4,437.95,59,0,253.96,1845.56,Independiente,1897.05,Transporte,Neutral,49.8,Bajo,274.21,0,46.78371608866197,En observación
2019-10-28,1703,4066.63,4792.55,0.15,2376.57,Recesión,666.0,0.11,332.83,652.29,8,1242.39,43,0,401.36,2540.26,Salario,1573.09,Alimentacion,Positivo,41.7,Bajo,0.0,0,55.2440701318466,Estable
2019-11-27,1818,2558.08,2852.04,0.2,2908.77,Normal,798.0,0.47,472.82,295.35,8,1451.3,35,0,315.86,2812.71,Salario,1459.11,Gastos_hormiga,Positivo,76.9,Bajo,0.0,0,43.52676026445251,En riesgo
2019-12-27,1659,3762.0,3573.26,0.33,3385.31,Inflación,668.0,0.56,932.6,448.53,5,1660.75,77,0,318.21,3012.81,Salario,782.06,Inversiones,Positivo,35.9,Medio,188.74,0,47.826376774967805,En observación
2020-01-26,1502,3570.21,3878.51,0.33,2523.44,Normal,691.0,0.52,482.56,244.84,6,373.3,45,0,649.85,1484.72,Salario,1320.75,Salud,Positivo,93.3,Bajo,0.0,0,46.047444300891414,En riesgo
2020-02-25,1393,3419.02,4038.07,0.25,3280.58,Normal,800.0,0.13,193.55,0.0,2,697.17,73,0,606.16,2286.08,Independiente,1614.9,Otros,Neutral,93.5,Bajo,0.0,0,54.32898081281876,Estable
2020-03-26,1082,5262.83,1927.35,0.3,2331.17,Normal,810.0,0.55,421.44,847.02,7,2563.51,32,0,575.95,2734.46,Salario,1026.95,Otros,Negativo,18.2,Bajo,3335.48,1,60.185040537950705,Saludable
2020-04-25,1294,3854.89,2443.44,0.14,2346.98,Normal,719.0,0.17,477.79,202.27,4,1286.49,73,0,753.26,1740.0,Independiente,1086.19,Transporte,Neutral,20.0,Medio,1411.45,0,53.314387574294955,Estable
2020-05-25,1316,4729.02,4744.34,0.15,2857.35,Normal,716.0,0.13,175.21,93.45,4,621.91,83,0,420.68,2694.59,Salario,300.0,Vivienda,Positivo,11.6,Medio,0.0,0,53.0482602885282,Estable
2020-06-24,1928,3654.53,2193.02,0.13,3017.54,Normal,560.0,0.3,235.67,468.23,3,1042.39,53,0,1107.33,3528.84,Salario,1652.22,Vivienda,Negativo,23.5,Bajo,1461.51,0,45.82589105572805,En riesgo
2020-07-24,1781,4176.06,3504.28,0.07,2409.61,Recesión,701.0,0.5,283.92,585.04,5,68.29,47,0,246.48,1775.58,Independiente,2600.26,Transporte,Positivo,54.8,Alto,671.78,0,35.93417608884263,Crítico
2020-08-23,1758,3102.43,3282.15,0.17,3321.94,Inflación,694.0,0.19,499.21,464.43,5,210.15,48,0,373.02,2765.77,Salario,902.95,Otros,Positivo,16.5,Alto,0.0,0,49.328784270016,En observación
2020-09-22,1284,4387.46,2614.0,0.29,2840.96,Normal,678.0,0.1,766.81,484.51,2,1459.14,79,0,418.04,2376.36,Salario,1227.05,Salud,Positivo,44.4,Bajo,1773.46,0,67.97261795912276,Excelente
2020-10-22,1212,4754.98,2735.61,0.25,2969.1,Normal,633.0,0.21,666.56,477.38,5,726.0,64,0,580.17,2177.99,Mixto,1645.7,Gastos_hormiga,Positivo,18.8,Bajo,2019.37,0,59.04418682835909,Saludable
2020-11-21,1862,5579.55,1998.59,0.29,2276.64,Normal,622.0,0.51,632.87,151.23,7,1033.69,81,0,349.68,1714.04,Salario,302.28,Otros,Neutral,56.8,Alto,3580.96,1,54.467581143528804,Estable
2020-12-21,1668,4648.23,2990.2,0.12,3037.35,Recesión,634.0,0.27,600.86,332.06,5,855.97,80,0,627.91,1308.18,Salario,1771.82,Transporte,Neutral,63.9,Bajo,1658.03,0,48.82457009529743,En observación
2021-01-20,1137,2880.75,2088.78,0.09,2671.61,Normal,700.0,0.56,592.21,615.68,9,745.66,85,0,630.94,1910.13,Salario,1620.44,Servicios,Positivo,34.9,Medio,791.97,0,35.28078931116048,Crítico
2021-02-19,1776,2052.62,3915.82,0.18,2518.78,Normal,673.0,0.39,502.51,0.0,8,360.21,29,0,349.66,3016.01,Salario,1934.23,Gastos_hormiga,Positivo,33.2,Medio,0.0,0,36.028739968599915,Crítico
2021-03-21,1114,5496.62,3475.36,0.28,3069.8,Recesión,724.0,0.4,738.8,651.85,2,1993.44,37,0,586.42,2355.69,Salario,828.69,Educacion,Positivo,31.5,Bajo,2021.26,0,59.31197810274963,Saludable
2021-04-20,1151,4443.96,1866.36,0.38,2084.6,Normal,681.0,0.18,448.94,419.96,4,1858.57,46,0,461.75,1671.16,Salario,1818.73,Salud,Negativo,22.8,Alto,2577.6,1,71.74499558485081,Excelente
2021-05-20,1627,2435.41,2695.54,0.06,2527.42,Normal,692.0,0.31,745.68,394.69,4,1314.19,46,0,332.73,2472.63,Salario,1311.05,Inversiones,Negativo,25.2,Alto,0.0,0,39.8184897934292,Crítico
2021-06-19,1711,3093.8,3327.55,0.25,2987.48,Normal,777.0,0.33,473.49,83.52,4,1451.56,22,0,558.65,2294.99,Mixto,638.33,Educacion,Positivo,42.0,Alto,0.0,0,50.80571870495228,En observación
2021-07-19,1148,4615.7,3231.27,0.37,3021.24,Normal,661.0,0.11,153.5,148.75,5,1125.06,73,0,228.43,1757.32,Salario,428.9,Alimentacion,Positivo,55.6,Alto,1384.43,0,71.69280551428699,Excelente
2021-08-18,1475,3928.51,3113.71,0.13,3028.4,Normal,632.0,0.58,642.56,323.29,4,1044.66,28,0,478.36,1006.97,Salario,513.81,Ocio,Positivo,66.4,Bajo,814.8,0,40.338688390744984,En riesgo
2021-09-17,1845,2112.75,2620.95,0.18,2930.49,Recesión,661.0,0.18,289.2,515.71,9,830.84,43,0,299.8,2587.25,Independiente,1158.33,Servicios,Negativo,16.7,Alto,0.0,0,50.129926217393916,En observación
2021-10-17,1172,5219.66,2336.39,0.1,3586.82,Normal,648.0,0.56,710.58,448.0,7,1625.65,85,0,329.86,1831.12,Salario,2263.74,Gastos_hormiga,Positivo,97.5,Bajo,2883.27,0,42.94169500322426,En riesgo
2021-11-16,1314,4946.59,3811.21,0.27,2769.65,Normal,622.0,0.46,336.92,595.05,4,1078.84,29,0,456.76,1847.29,Salario,1138.92,Inversiones,Neutral,63.5,Bajo,1135.38,0,52.80803951761281,Estable
2021-12-16,1358,2973.34,4225.71,0.17,3276.93,Recesión,700.0,0.43,669.32,69.14,2,646.8,74,0,795.14,2676.45,Salario,1313.85,Salud,Neutral,90.3,Bajo,0.0,0,35.366971044891876,Crítico
2022-01-15,1768,1789.65,4311.9,0.1,3790.92,Normal,591.0,0.49,814.75,530.92,6,766.87,59,0,554.72,2337.8,Independiente,593.72,Ocio,Positivo,75.7,Bajo,0.0,0,31.363276915319297,Crítico
2022-02-14,1916,5224.27,2935.97,0.12,2229.61,Inflación,645.0,0.19,527.41,353.8,6,640.33,49,0,424.75,2231.63,Salario,470.65,Ocio,Positivo,34.3,Alto,2288.3,1,55.044409946224185,Estable
2022-03-16,1045,5699.57,3825.34,0.08,2782.39,Normal,666.0,0.24,686.07,484.15,8,647.94,20,0,505.08,1389.66,Salario,885.31,Vivienda,Neutral,86.2,Medio,1874.23,0,47.56045757898892,En observación
2022-04-15,1589,2503.84,3968.01,0.14,2682.67,Inflación,679.0,0.35,622.72,507.23,9,880.14,55,0,645.57,2715.61,Salario,1265.36,Ocio,Positivo,68.7,Medio,0.0,0,39.885622991688486,Crítico
2022-05-15,1538,3535.93,3203.36,0.39,2349.47,Recesión,669.0,0.43,635.05,458.59,4,1861.44,46,0,642.55,1956.51,Independiente,1308.04,Servicios,Positivo,8.6,Bajo,332.57,0,58.47971033497984,Saludable
2022-06-14,1275,3948.8,3374.23,0.18,3002.57,Normal,709.0,0.27,627.71,196.33,4,733.66,29,0,666.32,1283.49,Mixto,1395.35,Transporte,Negativo,21.8,Alto,574.57,0,46.76316040955232,En observación
2022-07-14,1938,3410.99,1755.22,0.13,3381.34,Recesión,780.0,0.1,211.96,495.09,3,621.89,37,0,613.14,1206.58,Salario,1221.58,Gastos_hormiga,Negativo,62.8,Bajo,1655.77,0,57.640202718016255,Saludable
2022-08-13,1832,4483.12,4319.03,0.13,2457.66,Normal,715.0,0.13,449.08,429.64,6,951.52,84,0,853.55,2198.8,Salario,1366.47,Servicios,Positivo,60.4,Bajo,164.09,0,51.30249013237026,En observación
2022-09-12,1795,3890.97,3430.6,0.32,3024.77,Normal,689.0,0.39,210.47,601.84,8,163.8,63,0,292.75,2349.03,Salario,1283.41,Ocio,Positivo,66.1,Medio,460.37,0,53.96038651451402,Estable
2022-10-12,1925,3813.72,3462.34,0.37,2863.75,Normal,733.0,0.48,589.43,905.64,1,617.73,72,0,854.01,2268.94,Mixto,1237.97,Alimentacion,Positivo,76.2,Bajo,351.38,0,54.70998168055271,Estable
2022-11-11,1555,2321.86,4290.89,0.37,2907.94,Normal,682.0,0.33,821.64,289.22,4,0.0,24,0,346.17,2657.93,Independiente,802.27,Alimentacion,Negativo,24.1,Bajo,0.0,0,47.73078836606087,En observación
2022-12-11,1877,4203.83,5119.48,0.34,3269.85,Recesión,753.0,0.56,434.34,50.09,3,467.21,92,0,727.21,2484.92,Salario,1721.19,Servicios,Positivo,47.9,Alto,0.0,0,40.52176898420711,En riesgo
2023-01-10,1740,3719.17,3885.53,0.06,3311.15,Inflación,681.0,0.13,914.02,537.05,4,1815.34,79,0,533.56,2493.51,Salario,803.54,Inversiones,Negativo,66.0,Medio,0.0,0,47.79806777802455,En observación
2023-02-09,1992,5121.67,2289.38,0.22,2152.84,Inflación,619.0,0.55,601.15,257.01,4,1111.54,82,0,621.55,1861.58,Salario,1201.7,Servicios,Positivo,91.7,Bajo,2832.29,1,49.15674825326591,En observación
2023-03-11,1314,3214.75,2125.73,0.3,2138.63,Normal,722.0,0.33,454.97,222.94,3,1320.38,66,0,352.64,2105.87,Salario,1353.34,Servicios,Neutral,19.6,Bajo,1089.02,0,57.51473166759172,Saludable
2023-04-10,1995,3430.52,3383.66,0.25,2462.67,Inflación,731.0,0.35,477.57,363.37,4,766.08,90,0,533.32,1807.12,Salario,1717.28,Educacion,Positivo,70.1,Medio,46.86,0,50.31462904230818,En observación
2023-05-10,1377,4689.51,2125.43,0.31,1688.49,Recesión,595.0,0.41,981.17,0.0,6,998.12,81,0,345.49,1690.71,Mixto,884.5,Inversiones,Positivo,95.7,Bajo,2564.08,1,55.70010180441865,Estable
2023-06-09,1455,2806.32,4093.23,0.21,3950.56,Normal,585.0,0.31,304.26,430.75,6,1935.16,51,0,461.79,1971.24,Salario,986.77,Vivienda,Positivo,50.5,Bajo,0.0,0,51.84216203713432,En observación
2023-07-09,1395,4840.18,2825.0,0.16,3034.11,Inflación,622.0,0.49,154.45,128.43,4,692.75,35,0,838.39,1863.48,Salario,992.18,Transporte,Neutral,24.6,Bajo,2015.18,0,43.84370595924325,En riesgo
2023-08-08,1271,4240.52,2912.07,0.21,2375.82,Normal,727.0,0.14,552.06,577.56,2,1481.37,30,0,812.38,2010.91,Independiente,1478.18,Otros,Neutral,67.5,Alto,1328.45,0,59.00006771057143,Saludable
2023-09-07,1488,3016.46,3568.26,0.06,2831.4,Normal,708.0,0.21,606.54,366.49,2,396.94,99,0,538.07,2030.54,Salario,1428.79,Otros,Neutral,91.1,Bajo,0.0,0,42.42803589366298,En riesgo
2023-10-07,1153,4012.15,3452.36,0.32,2098.94,Normal,669.0,0.13,554.36,509.31,2,2282.94,73,0,499.34,2079.25,Salario,567.55,Inversiones,Neutral,22.4,Medio,559.79,0,68.29820802528567,Excelente
2023-11-06,1891,2791.51,4801.39,0.38,2442.02,Normal,688.0,0.35,559.33,622.26,5,848.97,71,0,810.0,1501.37,Salario,1672.34,Ocio,Positivo,99.9,Bajo,0.0,0,54.244138637690185,Estable
2019-01-01,1297,4442.01,3199.04,0.26,3945.33,Inflación,754.0,0.26,363.8,0.0,4,359.89,55,0,733.97,2697.83,Salario,336.38,Otros,Positivo,82.5,Medio,1242.97,0,52.634987219822975,Estable
2019-01-31,1427,4349.07,2447.82,0.19,3201.64,Normal,665.0,0.35,306.06,450.06,6,2078.38,23,0,345.98,2926.05,Salario,1795.66,Otros,Neutral,82.9,Bajo,1901.25,0,54.928644072336645,Estable
2019-03-02,1979,5034.77,4323.99,0.27,3518.1,Normal,669.0,0.37,596.82,148.88,5,1302.15,82,0,631.48,2350.99,Salario,1375.3,Alimentacion,Positivo,91.2,Alto,710.78,0,49.85841438019655,En observación
2019-04-01,1845,4177.84,1805.84,0.4,3119.13,Normal,736.0,0.45,324.11,434.08,7,192.0,67,0,538.08,2787.68,Mixto,1066.96,Ocio,Positivo,65.3,Bajo,2372.0,0,58.49584939254912,Saludable
2019-05-01,1865,3712.59,2705.48,0.06,2680.55,Recesión,679.0,0.1,605.87,61.53,1,652.5,87,0,614.34,2527.91,Salario,751.76,Salud,Positivo,37.7,Medio,1007.11,0,49.5935223152757,En observación
2019-05-31,1750,3947.15,3338.3,0.18,2609.58,Recesión,710.0,0.14,199.47,670.2,8,518.93,67,0,340.24,1000.0,Salario,562.63,Gastos_hormiga,Positivo,82.3,Bajo,608.85,0,60.7474449162419,Saludable
2019-06-30,1261,5115.83,3869.5,0.13,1981.72,Normal,678.0,0.36,755.37,316.45,9,768.76,48,0,251.33,1498.16,Independiente,1247.1,Educacion,Negativo,98.7,Bajo,1246.33,0,42.522008984974086,En riesgo
2019-07-30,1451,3114.69,2511.13,0.3,2391.5,Normal,591.0,0.11,934.4,683.31,3,1060.49,77,0,433.18,1380.29,Salario,1499.07,Gastos_hormiga,Positivo,65.3,Bajo,603.56,0,65.4506474948089,Excelente
2019-08-29,1212,3982.15,1987.45,0.12,2288.14,Normal,666.0,0.56,514.24,158.99,2,1228.02,48,0,154.93,1286.58,Independiente,781.28,Ocio,Positivo,70.7,Bajo,1994.7,0,44.379305536969305,En riesgo
2019-09-28,1035,4483.58,3970.71,0.12,1672.27,Inflación,661.0,0.18,190.4,209.18,6,747.42,71,0,431.81,2178.74,Salario,960.35,Vivienda,Negativo,0.9,Bajo,512.87,0,48.77174303864557,En observación
2019-10-28,1805,4635.73,2587.17,0.35,2868.4,Normal,697.0,0.17,293.81,328.38,5,618.92,85,0,395.23,2479.05,Salario,1245.56,Ocio,Positivo,78.9,Bajo,2048.56,0,67.07948232633932,Excelente
2019-11-27,1016,4328.95,3001.03,0.13,3695.99,Normal,643.0,0.46,510.03,484.59,7,2485.71,82,0,711.89,2186.7,Salario,591.82,Servicios,Negativo,83.6,Bajo,1327.92,0,46.13936761660232,En riesgo
2019-12-27,1343,4441.11,2796.79,0.18,1800.28,Recesión,755.0,0.36,617.11,474.6,9,0.0,39,0,153.96,2780.44,Salario,958.08,Inversiones,Neutral,86.3,Medio,1644.32,0,45.56655193183654,En riesgo
2020-01-26,1873,5737.31,2864.03,0.18,2888.49,Normal,736.0,0.47,581.67,128.57,6,335.67,72,0,697.76,3254.64,Salario,1500.16,Salud,Positivo,81.7,Alto,2873.28,0,41.29463381592067,En riesgo
2020-02-25,1908,3664.79,2656.52,0.22,2879.68,Normal,708.0,0.39,375.54,606.79,5,969.33,22,0,587.22,2225.48,Independiente,1753.52,Ocio,Positivo,96.0,Medio,1008.27,0,50.711721193346875,En observación
2020-03-26,1371,4529.79,3188.92,0.06,2895.1,Normal,687.0,0.23,858.29,178.38,4,1416.14,76,0,668.38,1000.0,Salario,2172.11,Transporte,Positivo,51.6,Medio,1340.87,0,46.28699940888172,En riesgo
2020-04-25,1701,4457.4,3435.29,0.27,2427.06,Normal,637.0,0.5,40.9,253.5,3,1365.4,94,0,456.27,1660.94,Salario,935.89,Alimentacion,Positivo,55.8,Medio,1022.11,0,52.65646206219391,Estable
2020-05-25,1164,4351.16,2656.02,0.21,3659.21,Normal,728.0,0.6,400.75,559.34,8,22.54,59,1,420.08,2376.71,Independiente,364.3,Otros,Positivo,28.2,Medio,1695.14,0,41.88767185786198,En riesgo
2020-06-24,1482,6901.39,2022.47,0.32,1515.55,Recesión,655.0,0.44,314.53,241.2,6,1146.31,77,0,608.77,2104.47,Salario,1213.82,Inversiones,Positivo,4.4,Bajo,4878.92,1,61.93949680676843,Saludable
2020-07-24,1351,2512.08,2048.98,0.34,2973.19,Normal,775.0,0.54,430.51,428.27,4,1438.22,85,0,206.03,2618.06,Mixto,1973.01,Inversiones,Neutral,69.2,Bajo,463.1,0,50.9948867418562,En observación
2020-08-23,1628,3609.0,3712.21,0.1,3060.24,Inflación,689.0,0.44,407.94,660.45,5,1152.52,25,0,511.41,1787.56,Salario,1298.06,Gastos_hormiga,Positivo,3.9,Bajo,0.0,0,42.88859672261512,En riesgo
2020-09-22,1566,1576.0,3467.34,0.07,2840.64,Normal,637.0,0.6,406.19,395.14,5,1847.37,94,1,516.39,2749.87,Salario,1870.47,Transporte,Positivo,78.4,Bajo,0.0,0,30.85698436827629,Crítico
2020-10-22,1443,4181.71,2914.44,0.26,2863.62,Recesión,779.0,0.42,542.41,573.87,1,1362.8,20,0,482.59,2186.17,Mixto,1190.2,Alimentacion,Positivo,31.5,Bajo,1267.27,0,55.70076312881883,Estable
2020-11-21,1007,4370.16,1178.52,0.14,3106.36,Normal,694.0,0.32,657.92,304.25,3,1689.88,67,0,497.03,2145.91,Salario,810.05,Alimentacion,Negativo,26.3,Bajo,3191.64,1,56.01789715915636,Estable
2020-12-21,1829,1452.07,3122.66,0.27,2931.08,Normal,731.0,0.31,529.84,914.68,5,1128.0,24,0,338.17,2291.49,Salario,1110.77,Transporte,Neutral,93.9,Medio,0.0,0,53.04228415285937,Estable
2021-01-20,1053,4763.56,3377.53,0.14,3845.96,Normal,695.0,0.45,299.34,419.97,4,804.45,21,0,126.05,2030.42,Salario,969.88,Salud,Negativo,33.1,Medio,1386.03,0,45.040227573725055,En riesgo
2021-02-19,1777,3194.54,3007.88,0.18,1507.83,Inflación,687.0,0.49,325.07,215.27,7,1304.1,64,0,646.88,1600.71,Salario,451.76,Transporte,Neutral,42.4,Medio,186.66,0,42.46170340940016,En riesgo
2021-03-21,1271,2609.38,3289.32,0.25,3313.67,Recesión,716.0,0.35,345.44,220.63,7,860.84,37,0,535.4,2815.78,Salario,625.05,Vivienda,Positivo,56.5,Medio,0.0,0,47.61081777157358,En observación
2021-04-20,1937,5015.16,3358.93,0.13,2791.2,Normal,636.0,0.27,266.83,496.37,1,780.44,64,0,254.41,1502.41,Salario,1752.12,Educacion,Negativo,14.5,Bajo,1656.23,0,52.726524117927966,Estable
2021-05-20,1077,3989.19,2281.74,0.18,3204.29,Normal,655.0,0.31,350.61,610.64,6,1244.17,65,0,360.17,1888.61,Salario,1843.39,Ocio,Positivo,82.3,Bajo,1707.45,0,55.670978787777756,Estable
2021-06-19,1588,3782.33,1791.96,0.3,2764.43,Recesión,713.0,0.47,684.5,25.87,2,1467.87,50,0,412.2,1205.72,Salario,1144.9,Salud,Positivo,39.6,Alto,1990.37,0,54.01754315502195,Estable
2021-07-19,1481,3667.83,3321.01,0.27,2899.07,Recesión,647.0,0.34,467.76,400.93,1,721.41,79,0,484.02,2653.83,Salario,1592.85,Otros,Neutral,87.4,Medio,346.82,0,51.31640531990751,En observación
2021-08-18,1720,3781.06,1485.48,0.26,2926.85,Normal,708.0,0.55,434.83,31.68,4,821.38,38,0,874.03,1000.0,Salario,1687.68,Inversiones,Positivo,66.7,Bajo,2295.58,0,47.01528892887138,En observación
2021-09-17,1513,3550.09,2241.68,0.2,2879.42,Normal,587.0,0.34,697.57,865.3,1,305.18,45,0,560.31,2884.83,Salario,943.14,Transporte,Positivo,88.0,Medio,1308.41,0,51.62967991654069,En observación
2021-10-17,1353,5678.87,2578.78,0.24,3564.19,Inflación,666.0,0.33,119.89,388.46,3,688.57,98,0,444.42,2263.45,Salario,735.75,Educacion,Neutral,35.1,Medio,3100.09,0,59.23333599785878,Saludable
2021-11-16,1095,3724.11,2954.33,0.27,2563.88,Normal,624.0,0.43,522.3,175.93,7,1410.51,79,0,474.19,2235.1,Salario,826.75,Gastos_hormiga,Positivo,26.1,Medio,769.78,0,50.79394841003981,En observación
2021-12-16,1280,2710.11,2662.68,0.18,2756.23,Normal,676.0,0.24,686.15,536.27,5,540.74,50,0,527.81,2706.82,Salario,1302.96,Vivienda,Positivo,26.5,Medio,47.43,0,48.8305821385712,En observación
2022-01-15,1560,5157.45,3992.48,0.29,2966.82,Inflación,701.0,0.21,266.53,584.97,6,1156.6,81,0,675.76,1686.46,Salario,1096.86,Salud,Positivo,5.9,Medio,1164.97,0,62.784792946445606,Excelente
2022-02-14,1726,5737.26,2677.31,0.34,2440.27,Inflación,677.0,0.59,404.81,0.0,8,864.43,24,0,638.19,2668.1,Independiente,1000.29,Gastos_hormiga,Positivo,63.5,Medio,3059.95,1,50.39527728024421,En observación
2022-03-16,1555,1858.09,4503.12,0.06,2782.8,Recesión,623.0,0.2,247.12,57.88,1,257.38,94,0,208.69,1739.83,Salario,1239.72,Transporte,Positivo,42.3,Bajo,0.0,0,41.716291710697696,En riesgo
2022-04-15,1271,4997.38,2319.97,0.18,2128.55,Inflación,655.0,0.12,444.34,118.77,6,901.4,47,0,174.98,2897.18,Salario,636.95,Alimentacion,Positivo,44.4,Bajo,2677.41,1,62.455933305028864,Saludable
2022-05-15,1413,2854.16,1645.38,0.08,2502.23,Normal,730.0,0.52,707.1,262.25,3,1589.81,67,0,670.63,2737.48,Salario,1346.13,Salud,Negativo,18.0,Medio,1208.78,0,35.84821592933506,Crítico
2022-06-14,1673,3782.21,2551.49,0.36,2287.92,Normal,750.0,0.14,807.98,250.77,9,1213.58,82,0,600.05,2790.46,Salario,935.81,Alimentacion,Negativo,61.4,Bajo,1230.72,0,61.681103829326666,Saludable
2022-07-14,1730,3818.92,3635.17,0.26,3330.9,Normal,726.0,0.49,640.65,381.22,5,1958.3,55,0,619.18,3534.5,Salario,1542.16,Ocio,Neutral,85.3,Alto,183.75,0,44.36123213115514,En riesgo
2022-08-13,1293,2700.91,4011.93,0.13,2679.08,Recesión,683.0,0.52,668.94,537.73,1,1114.84,72,0,483.02,2990.74,Salario,1219.09,Alimentacion,Positivo,39.4,Medio,0.0,0,36.660387181537075,Crítico
2022-09-12,1798,3786.2,2024.35,0.3,3090.69,Recesión,710.0,0.59,352.4,0.0,5,1536.06,74,0,589.81,1743.09,Salario,1417.56,Ocio,Positivo,56.2,Alto,1761.85,0,48.06532479527172,En observación
2022-10-12,1009,3964.49,2834.72,0.11,2030.89,Normal,692.0,0.54,411.44,415.3,7,709.75,32,0,270.06,2844.87,Salario,1131.61,Gastos_hormiga,Negativo,18.2,Bajo,1129.77,0,36.89915780942155,Crítico
2022-11-11,1602,2405.71,4562.28,0.13,2952.5,Recesión,741.0,0.58,584.54,483.62,2,0.0,65,0,823.89,2617.82,Mixto,1571.02,Ocio,Positivo,45.9,Bajo,0.0,0,28.33571142713825,Crítico
2022-12-11,1638,2893.05,3359.5,0.37,2817.27,Normal,630.0,0.44,419.05,248.32,2,1374.7,98,0,554.53,1978.6,Salario,1698.36,Servicios,Negativo,93.5,Alto,0.0,0,51.125533029814825,En observación
2023-01-10,1459,2375.83,3830.76,0.16,2702.52,Recesión,770.0,0.56,377.91,113.83,9,1837.28,96,0,602.28,2283.85,Independiente,1840.75,Otros,Positivo,47.2,Medio,0.0,0,34.876721047465495,Crítico
2023-02-09,1101,3990.26,3417.6,0.29,2366.65,Normal,729.0,0.48,750.97,32.31,6,884.79,35,0,645.85,1000.0,Salario,1462.86,Otros,Negativo,97.9,Bajo,572.66,0,44.20731382679701,En riesgo
2023-03-11,1539,3284.09,4333.5,0.28,3483.4,Normal,736.0,0.5,1097.54,0.0,5,872.36,71,0,850.61,3370.79,Salario,1373.45,Salud,Negativo,97.3,Medio,0.0,0,33.38734955360763,Crítico
2023-04-10,1140,4354.88,3047.64,0.39,3570.99,Normal,689.0,0.15,798.98,579.1,8,487.17,26,0,336.67,2753.24,Salario,1247.01,Ocio,Neutral,14.2,Medio,1307.24,0,63.992801206393366,Excelente
2023-05-10,1968,3645.58,2968.09,0.33,2949.09,Normal,746.0,0.3,570.83,152.15,1,2008.19,76,0,779.02,1876.21,Salario,1375.32,Gastos_hormiga,Neutral,88.4,Alto,677.49,0,57.95637257226534,Saludable
2023-06-09,1999,4728.44,1798.07,0.27,3081.71,Normal,755.0,0.42,476.9,373.93,4,831.68,87,0,289.86,2583.3,Salario,1572.94,Ocio,Positivo,50.2,Bajo,2930.37,0,56.3409266361653,Estable
2023-07-09,1242,6435.12,5077.7,0.07,2607.25,Normal,802.0,0.34,829.01,0.0,9,1636.82,75,0,691.55,2624.96,Salario,1690.72,Educacion,Positivo,35.4,Bajo,1357.42,0,38.748527599723275,Crítico
2023-08-08,1474,2835.33,3496.97,0.07,2906.09,Recesión,578.0,0.47,1142.46,630.17,5,503.58,49,0,319.4,3108.26,Salario,1646.87,Ocio,Positivo,45.4,Bajo,0.0,0,32.100345524801334,Crítico
2023-09-07,1245,2709.73,1843.03,0.07,2555.46,Inflación,706.0,0.54,1054.09,0.0,8,740.88,88,0,668.16,2216.13,Salario,407.91,Inversiones,Negativo,31.2,Bajo,866.7,0,28.82992385746153,Crítico
2023-10-07,1770,3151.96,2472.65,0.15,2128.48,Normal,656.0,0.12,795.81,194.65,2,1152.45,29,0,131.05,1802.04,Salario,1549.68,Ocio,Positivo,29.2,Alto,679.31,0,55.32127391700267,Estable
2023-11-06,1897,4253.97,2055.75,0.35,3253.34,Normal,646.0,0.56,420.35,477.02,8,682.06,87,0,692.93,2005.84,Salario,1007.35,Gastos_hormiga,Positivo,28.7,Bajo,2198.22,0,52.65599777532519,Estable
2019-01-01,1355,4101.23,3030.0,0.19,3292.83,Normal,680.0,0.24,249.2,595.33,6,1218.43,84,0,951.43,2533.75,Salario,618.07,Inversiones,Positivo,70.0,Bajo,1071.23,0,55.72329082512964,Estable
2019-01-31,1141,4410.45,2844.18,0.26,3512.81,Recesión,689.0,0.4,279.1,91.01,5,1908.12,62,0,544.12,2362.86,Salario,1445.02,Vivienda,Negativo,25.4,Bajo,1566.27,0,52.588590936524895,Estable
2019-03-02,1338,3507.87,3621.6,0.33,2824.73,Normal,664.0,0.45,469.28,93.11,9,1284.78,89,0,461.26,2388.92,Salario,1815.33,Transporte,Positivo,94.1,Alto,0.0,0,47.93007659727958,En observación
2019-04-01,1059,4785.37,3996.0,0.26,2222.7,Normal,678.0,0.18,646.78,470.94,5,705.59,85,1,380.52,2042.11,Salario,675.21,Inversiones,Negativo,70.6,Medio,789.37,0,56.597205064243184,Estable
2019-05-01,1456,4192.29,3483.32,0.21,1815.62,Normal,727.0,0.54,684.8,355.79,5,1170.23,65,0,511.19,1517.52,Salario,1655.62,Alimentacion,Positivo,97.8,Medio,708.97,0,42.26246143798047,En riesgo
2019-05-31,1919,3911.17,2421.84,0.25,3203.99,Normal,721.0,0.47,545.84,426.5,4,984.89,94,0,505.98,2212.8,Mixto,1256.08,Servicios,Positivo,53.6,Bajo,1489.33,0,50.47692304962242,En observación
2019-06-30,1713,3862.71,4210.65,0.38,3700.72,Normal,687.0,0.59,513.71,349.36,5,925.57,33,0,457.18,2246.71,Salario,2098.0,Otros,Positivo,96.6,Bajo,0.0,0,46.36949052778292,En riesgo
2019-07-30,1617,1997.54,3821.97,0.3,2459.79,Normal,630.0,0.15,757.25,403.64,4,302.41,30,0,456.75,3396.58,Independiente,748.41,Otros,Negativo,10.0,Bajo,0.0,0,51.88062813572346,En observación
2019-08-29,1683,4162.16,2769.09,0.29,2095.87,Normal,677.0,0.51,296.51,73.28,4,921.09,54,0,158.12,2358.79,Independiente,1055.29,Gastos_hormiga,Positivo,94.2,Alto,1393.07,0,49.63149558944105,En observación
2019-09-28,1650,4234.68,3186.99,0.4,2816.06,Normal,715.0,0.15,522.77,561.25,9,1507.11,97,0,532.01,2005.38,Mixto,2215.04,Inversiones,Neutral,36.0,Bajo,1047.69,0,68.20306353398132,Excelente
2019-10-28,1104,2087.6,2099.66,0.1,3183.14,Normal,761.0,0.16,793.61,543.97,2,786.51,84,0,628.15,2384.62,Independiente,1223.87,Alimentacion,Positivo,62.8,Alto,0.0,0,47.33055604893343,En observación
2019-11-27,1843,4006.74,2535.16,0.27,3170.18,Normal,678.0,0.37,353.23,25.12,9,793.84,73,0,47.1,2894.44,Salario,1618.72,Transporte,Negativo,67.1,Bajo,1471.58,0,50.238207241513464,En observación
2019-12-27,1621,3680.45,4042.22,0.27,3495.84,Recesión,660.0,0.34,249.96,355.59,7,466.37,46,0,762.98,1995.76,Salario,1419.3,Otros,Negativo,91.1,Bajo,0.0,0,47.17880931686904,En observación
2020-01-26,1531,4300.36,2324.91,0.37,2274.58,Inflación,652.0,0.16,472.14,71.94,1,1484.18,56,0,695.22,1484.24,Salario,1259.46,Transporte,Neutral,69.4,Bajo,1975.45,0,68.07444766030997,Excelente
2020-02-25,1339,4756.98,3296.33,0.21,3536.16,Normal,667.0,0.57,822.74,290.63,5,753.3,91,0,602.1,2163.03,Salario,1326.26,Educacion,Positivo,34.5,Medio,1460.65,0,40.22798909291305,En riesgo
2020-03-26,1238,3122.86,2184.06,0.07,2212.28,Inflación,621.0,0.51,721.92,425.67,7,147.28,35,0,570.52,2395.42,Salario,1212.26,Salud,Negativo,43.7,Bajo,938.8,0,32.135594429855836,Crítico
2020-04-25,1040,3723.09,1632.99,0.33,2708.52,Normal,695.0,0.15,915.97,349.9,9,0.0,52,0,677.64,3467.09,Salario,1127.74,Salud,Positivo,43.0,Bajo,2090.1,0,58.981654038301635,Saludable
2020-05-25,1696,3630.66,4270.29,0.18,2689.16,Normal,663.0,0.25,861.83,811.23,1,1224.27,30,0,686.64,2087.13,Salario,1932.18,Gastos_hormiga,Positivo,48.7,Bajo,0.0,0,51.14556202217964,En observación
2020-06-24,1203,3319.73,3580.7,0.07,3156.8,Normal,699.0,0.16,747.57,436.94,4,1090.46,40,0,840.65,2106.79,Salario,1258.39,Inversiones,Negativo,38.9,Alto,0.0,0,43.18726093010767,En riesgo
2020-07-24,1803,3395.53,4296.04,0.09,3317.84,Normal,734.0,0.36,731.32,663.91,3,1020.78,66,0,350.91,2171.5,Salario,622.98,Transporte,Positivo,63.0,Medio,0.0,0,42.634996603381566,En riesgo
2020-08-23,1050,4968.79,2489.33,0.31,2163.18,Normal,720.0,0.17,544.89,762.92,3,1604.43,69,0,496.38,1287.39,Salario,769.21,Servicios,Neutral,84.6,Medio,2479.46,1,72.25255774682108,Excelente
2020-09-22,1285,3252.32,4162.83,0.13,2439.14,Recesión,804.0,0.42,293.13,423.06,7,1022.41,67,0,625.32,2060.34,Salario,854.35,Alimentacion,Neutral,12.8,Bajo,0.0,0,41.211198215409645,En riesgo
2020-10-22,1103,4627.55,3493.56,0.29,2585.87,Inflación,667.0,0.58,701.2,666.92,6,587.97,45,0,511.37,2305.76,Independiente,1276.51,Ocio,Positivo,84.0,Bajo,1133.99,0,45.95957649840403,En riesgo
2020-11-21,1748,4189.94,3390.29,0.14,2765.45,Normal,694.0,0.46,349.39,538.44,4,131.29,25,0,457.51,2280.0,Salario,1688.33,Salud,Positivo,50.9,Alto,799.65,0,41.27134110759151,En riesgo
2020-12-21,1701,4649.62,3809.51,0.27,2791.13,Normal,655.0,0.25,418.19,283.92,3,1569.4,37,0,222.83,2384.92,Salario,1426.2,Inversiones,Neutral,93.8,Bajo,840.11,0,59.304750868461994,Saludable
2021-01-20,1994,4597.41,3524.85,0.38,2786.29,Recesión,720.0,0.41,137.21,480.19,1,373.12,38,0,661.53,1490.51,Independiente,1428.58,Otros,Negativo,10.1,Bajo,1072.56,0,57.235958314744245,Estable
2021-02-19,1171,5030.81,2784.06,0.33,2355.92,Inflación,664.0,0.37,655.7,599.52,8,383.2,47,1,550.36,2244.91,Salario,1236.95,Vivienda,Negativo,70.8,Bajo,2246.75,0,54.5423974543295,Estable
2021-03-21,1011,3419.44,4156.88,0.06,3276.0,Normal,721.0,0.36,626.2,0.0,7,1212.12,91,0,579.69,1418.2,Salario,1127.28,Vivienda,Negativo,90.7,Medio,0.0,0,34.727408177154,Crítico
2021-04-20,1739,5537.14,4005.47,0.37,2762.2,Recesión,650.0,0.42,397.25,587.07,5,494.49,61,0,506.1,1085.07,Salario,1913.06,Otros,Positivo,55.4,Alto,1531.67,0,57.20610541525276,Estable
2021-05-20,1581,1024.42,2498.8,0.32,2382.24,Recesión,660.0,0.22,521.61,104.59,3,488.82,22,0,263.01,1919.07,Salario,1113.34,Gastos_hormiga,Neutral,6.1,Bajo,0.0,0,54.464343493586526,Estable
2021-06-19,1721,2263.72,2028.81,0.3,2249.37,Normal,652.0,0.54,745.09,472.97,6,1208.49,41,0,351.61,2163.05,Salario,1103.58,Educacion,Negativo,37.0,Bajo,234.91,0,46.35212162123747,En riesgo
2021-07-19,1187,3239.67,4285.87,0.11,3142.04,Normal,678.0,0.57,523.94,330.96,8,1462.98,62,0,722.76,1516.43,Salario,1254.39,Gastos_hormiga,Positivo,52.5,Bajo,0.0,0,33.983081263940115,Crítico
2021-08-18,1651,6415.64,2198.36,0.08,2991.91,Normal,685.0,0.49,275.76,288.9,9,1055.23,63,0,625.52,2639.27,Salario,465.35,Otros,Positivo,50.4,Bajo,4217.28,1,47.659586334954234,En observación
2021-09-17,1311,3157.9,4246.12,0.19,1918.56,Normal,687.0,0.35,637.41,391.21,3,950.65,40,0,706.49,3127.26,Salario,1092.38,Servicios,Positivo,10.0,Alto,0.0,0,43.00798338606765,En riesgo
2021-10-17,1635,3003.31,2934.01,0.29,3305.74,Normal,709.0,0.51,404.79,472.86,4,842.27,67,0,467.02,1701.51,Salario,1887.49,Ocio,Positivo,67.3,Bajo,69.3,0,47.82654467195519,En observación
2021-11-16,1164,4150.9,4123.76,0.31,2104.0,Normal,590.0,0.45,549.6,238.21,1,1217.5,26,0,451.85,1494.24,Independiente,1148.66,Educacion,Neutral,87.4,Medio,27.14,0,50.182500739099865,En observación
2021-12-16,1047,3547.88,2115.9,0.11,2707.6,Normal,587.0,0.26,841.81,246.74,4,1984.13,58,0,613.72,1419.37,Independiente,779.73,Alimentacion,Negativo,50.9,Medio,1431.98,0,49.80120989930939,En observación
2022-01-15,1102,3048.19,1902.72,0.34,3482.33,Recesión,642.0,0.46,461.36,436.21,2,1046.34,98,0,313.26,3397.72,Salario,1379.39,Inversiones,Positivo,60.1,Bajo,1145.47,0,54.43213544939415,Estable
2022-02-14,1995,4650.06,3652.85,0.15,3181.53,Inflación,617.0,0.34,205.57,47.26,1,1317.32,43,0,470.11,2388.92,Salario,1189.51,Inversiones,Positivo,31.3,Bajo,997.21,0,49.99297854237161,En observación
2022-03-16,1572,4858.69,2473.39,0.29,2312.35,Normal,671.0,0.25,376.61,237.36,7,1071.11,91,0,647.69,1330.85,Salario,1071.98,Inversiones,Positivo,9.0,Bajo,2385.3,1,63.69483250610374,Excelente
2022-04-15,1951,4883.15,1964.43,0.33,2724.21,Normal,674.0,0.27,298.29,188.33,1,847.63,51,0,358.38,2353.55,Salario,1836.5,Salud,Positivo,41.0,Alto,2918.72,1,65.56132627201501,Excelente
2022-05-15,1700,5125.82,4054.06,0.32,3208.68,Recesión,707.0,0.37,458.39,115.83,9,1183.86,63,0,419.58,2164.34,Salario,791.77,Gastos_hormiga,Positivo,74.6,Medio,1071.76,0,54.95989930551045,Estable
2022-06-14,1126,5081.45,2971.76,0.31,2869.91,Recesión,729.0,0.34,494.49,295.8,6,1660.96,99,0,428.96,1843.75,Independiente,1526.15,Educacion,Positivo,1.9,Bajo,2109.69,0,60.55284155052456,Saludable
2022-07-14,1557,2919.48,2922.42,0.1,3109.74,Normal,657.0,0.13,556.99,72.58,2,838.24,84,0,277.96,3019.35,Salario,994.71,Alimentacion,Positivo,31.3,Medio,0.0,0,48.81699831549252,En observación
2022-08-13,1666,6090.97,3400.06,0.13,2199.45,Normal,627.0,0.44,522.38,629.31,6,810.0,41,0,388.33,1626.65,Independiente,844.15,Transporte,Negativo,92.1,Bajo,2690.91,1,48.33710688055613,En observación
2022-09-12,1000,2532.54,2400.73,0.14,2374.16,Normal,580.0,0.43,599.3,759.65,6,1115.43,91,0,500.86,1689.52,Independiente,1632.85,Otros,Positivo,84.4,Bajo,131.81,0,45.05456678159295,En riesgo
2022-10-12,1224,3550.25,3313.66,0.12,2045.98,Inflación,673.0,0.59,639.13,0.0,4,688.51,74,0,442.26,2363.54,Salario,1338.92,Vivienda,Neutral,86.8,Alto,236.59,0,30.34686043223439,Crítico
2022-11-11,1551,3188.44,1373.62,0.21,3168.85,Normal,539.0,0.17,464.12,287.32,6,493.11,48,0,499.78,1707.82,Salario,1662.84,Vivienda,Neutral,66.4,Medio,1814.82,0,55.848666714702006,Estable
2022-12-11,1473,4802.07,2515.47,0.39,2934.91,Normal,658.0,0.45,381.82,483.27,9,1364.88,50,0,797.62,2228.62,Salario,2006.15,Salud,Positivo,38.9,Bajo,2286.6,0,58.96727373090084,Saludable
2023-01-10,1358,3267.69,2765.28,0.35,2498.62,Normal,637.0,0.53,237.34,395.18,1,710.11,66,0,628.27,1497.04,Independiente,1177.72,Gastos_hormiga,Positivo,19.6,Alto,502.41,0,52.0068217791279,En observación
2023-02-09,1207,4227.92,3598.62,0.26,3124.86,Inflación,663.0,0.45,508.15,137.85,1,44.07,23,0,342.23,2495.07,Salario,1443.93,Salud,Positivo,51.5,Medio,629.3,0,45.46820664413462,En riesgo
2023-03-11,1333,3838.57,3460.7,0.24,2920.09,Inflación,694.0,0.24,340.26,276.33,1,1625.77,61,0,417.09,2396.69,Salario,896.66,Alimentacion,Positivo,83.3,Bajo,377.87,0,59.14270997563296,Saludable
2023-04-10,1790,3742.51,1792.88,0.29,2287.65,Normal,796.0,0.35,99.87,296.28,7,1396.23,23,0,658.09,1979.17,Salario,1504.94,Educacion,Positivo,47.9,Medio,1949.63,0,58.71689031420941,Saludable
2023-05-10,1673,4611.4,3742.02,0.12,2915.82,Inflación,634.0,0.43,205.84,462.3,3,0.0,59,0,123.18,2582.15,Salario,1399.46,Inversiones,Positivo,46.8,Alto,869.38,0,42.8756670934921,En riesgo
2023-06-09,1692,4930.42,2902.08,0.31,2682.24,Normal,573.0,0.34,738.85,467.89,8,866.16,85,0,160.07,2534.18,Salario,1906.96,Salud,Negativo,68.6,Bajo,2028.34,0,55.169233893087025,Estable
2023-07-09,1371,4209.37,2557.44,0.21,3182.91,Normal,676.0,0.51,717.16,434.54,5,908.53,78,0,731.13,2444.06,Salario,300.0,Transporte,Neutral,94.6,Medio,1651.93,0,44.40940311959207,En riesgo
2023-08-08,1799,5678.31,1290.51,0.38,2190.38,Recesión,771.0,0.11,683.47,514.8,7,1266.86,42,0,434.06,1750.29,Salario,757.71,Servicios,Neutral,93.8,Alto,4387.8,1,76.96687374600542,Excelente
2023-09-07,1600,4659.99,2157.74,0.07,2990.66,Normal,628.0,0.49,310.6,161.55,5,1057.63,82,0,309.33,2229.73,Independiente,789.66,Servicios,Positivo,9.4,Bajo,2502.25,0,43.636506656689576,En riesgo
2023-10-07,1821,3971.76,3619.08,0.16,3010.36,Normal,621.0,0.15,553.5,349.9,2,1257.7,36,0,233.1,1880.56,Mixto,1066.62,Vivienda,Positivo,64.9,Bajo,352.68,0,57.53722746340622,Saludable
2023-11-06,1355,3512.92,2574.23,0.07,3035.28,Recesión,620.0,0.52,937.52,376.35,9,1263.92,76,0,784.23,2539.04,Salario,1150.84,Educacion,Negativo,69.9,Bajo,938.69,0,31.845210022732946,Crítico
2019-01-01,1346,2569.35,2413.51,0.24,3130.67,Normal,610.0,0.44,644.92,852.58,6,634.96,30,0,442.93,1584.51,Salario,1666.78,Salud,Negativo,83.2,Medio,155.84,0,46.085295158450116,En riesgo
2019-01-31,1728,4728.6,3526.07,0.26,3004.27,Inflación,723.0,0.53,683.77,0.0,4,989.76,76,0,462.5,1476.23,Salario,1058.97,Otros,Negativo,49.4,Bajo,1202.53,0,44.11600562603728,En riesgo
2019-03-02,1072,3983.19,3076.82,0.19,2797.53,Normal,710.0,0.54,260.0,638.45,2,1171.68,46,0,504.26,3512.78,Independiente,853.99,Educacion,Positivo,14.4,Bajo,906.37,0,46.26000022265982,En riesgo
2019-04-01,1461,4471.72,2993.6,0.31,3174.48,Normal,669.0,0.4,635.23,548.29,4,513.41,60,0,133.24,2743.68,Salario,1260.0,Ocio,Neutral,58.9,Medio,1478.12,0,54.271603723043114,Estable
2019-05-01,1799,2926.23,3189.69,0.35,3652.69,Inflación,706.0,0.48,476.11,562.63,9,1446.15,66,0,590.05,2614.63,Salario,1421.6,Gastos_hormiga,Neutral,92.8,Alto,0.0,0,48.78638294458348,En observación
2019-05-31,1799,3367.67,3027.11,0.23,2407.37,Normal,644.0,0.16,506.29,175.71,6,1058.45,25,0,114.41,2207.73,Salario,946.44,Inversiones,Negativo,26.9,Bajo,340.56,0,56.722996212454895,Estable
2019-06-30,1074,3162.57,2665.74,0.34,2614.07,Recesión,664.0,0.26,613.3,0.0,7,233.22,66,0,553.23,2635.55,Salario,328.91,Ocio,Positivo,48.3,Medio,496.83,0,54.455000639725746,Estable
2019-07-30,1122,2652.02,3580.11,0.2,2741.46,Recesión,560.0,0.21,242.58,489.43,7,145.61,99,0,533.87,2170.59,Salario,1908.38,Servicios,Positivo,16.9,Medio,0.0,0,49.29936233510192,En observación
2019-08-29,1695,4567.52,3845.59,0.21,1995.9,Recesión,694.0,0.37,313.88,0.0,6,0.0,22,0,311.83,1904.77,Independiente,1376.42,Ocio,Positivo,18.5,Bajo,721.93,0,45.175558201394026,En riesgo
2019-09-28,1549,3972.99,2917.83,0.34,2605.37,Normal,637.0,0.6,638.22,592.83,7,1511.13,24,0,492.63,2386.09,Salario,956.17,Servicios,Positivo,50.5,Bajo,1055.16,0,51.17700344908996,En observación
2019-10-28,1384,3767.92,2947.55,0.14,2901.28,Normal,734.0,0.55,623.48,353.36,9,0.0,27,0,642.29,2473.28,Salario,1313.75,Gastos_hormiga,Negativo,48.6,Medio,820.37,0,31.786139958516248,Crítico
2019-11-27,1904,2962.46,2467.07,0.36,2794.86,Normal,708.0,0.23,606.19,521.2,3,747.81,72,0,433.31,1715.5,Mixto,1643.78,Servicios,Negativo,61.4,Medio,495.39,0,60.35783850124439,Saludable
2019-12-27,1906,2711.24,3801.96,0.11,2930.94,Normal,537.0,0.35,367.32,613.5,2,684.86,47,0,699.68,2596.14,Salario,557.3,Educacion,Negativo,4.1,Medio,0.0,0,40.740640810708285,En riesgo
2020-01-26,1532,3451.22,3040.58,0.05,2756.09,Recesión,682.0,0.29,687.35,289.85,1,368.52,57,0,220.69,1325.09,Salario,1375.44,Inversiones,Positivo,1.3,Bajo,410.64,0,43.70445372684825,En riesgo
2020-02-25,1532,3584.44,2089.59,0.1,3000.28,Normal,683.0,0.38,575.35,114.79,1,847.45,36,0,609.59,1257.64,Salario,1235.56,Otros,Positivo,7.1,Alto,1494.85,0,43.949210884696896,En riesgo
2020-03-26,1378,3311.26,3268.93,0.4,3357.18,Inflación,681.0,0.15,799.71,304.55,3,1281.47,80,0,676.19,3378.95,Salario,492.36,Educacion,Positivo,81.9,Bajo,42.33,0,63.77879390971127,Excelente
2020-04-25,1571,3722.17,2698.77,0.29,3200.6,Normal,673.0,0.32,357.42,981.94,6,549.38,20,0,349.02,1780.53,Salario,1344.85,Gastos_hormiga,Negativo,54.8,Alto,1023.4,0,57.24894885961209,Saludable
2020-05-25,1637,2916.51,4177.55,0.34,2916.39,Recesión,693.0,0.13,710.41,519.06,9,1927.13,47,1,367.37,2327.68,Salario,1142.59,Gastos_hormiga,Negativo,12.5,Bajo,0.0,0,61.50651353669234,Saludable
2020-06-24,1848,3333.37,2180.6,0.39,2037.64,Normal,539.0,0.31,684.04,162.15,6,1181.15,64,0,217.87,2597.31,Salario,1014.64,Transporte,Positivo,79.4,Bajo,1152.77,0,61.52471108532379,Saludable
2020-07-24,1936,4296.91,3992.8,0.28,1763.57,Normal,684.0,0.58,534.15,30.56,8,1217.01,99,0,354.82,2506.34,Salario,1810.51,Inversiones,Positivo,84.1,Medio,304.11,0,40.74714542788222,En riesgo
2020-08-23,1319,4463.12,3352.59,0.27,2790.5,Normal,680.0,0.16,363.01,510.04,2,891.79,82,0,560.57,2589.95,Independiente,1522.59,Ocio,Positivo,50.8,Medio,1110.53,0,61.61598102160031,Saludable
2020-09-22,1661,4415.59,2429.11,0.33,2629.91,Normal,633.0,0.55,712.41,149.11,2,503.84,29,0,463.52,2793.27,Salario,1314.2,Alimentacion,Positivo,55.3,Bajo,1986.48,0,48.537926227966594,En observación
2020-10-22,1596,3861.81,2592.12,0.29,2372.09,Normal,668.0,0.6,233.29,480.43,4,1560.98,57,0,586.51,2156.66,Salario,842.44,Salud,Neutral,21.1,Bajo,1269.69,0,50.27200649212253,En observación
2020-11-21,1400,5003.28,2699.12,0.22,4141.66,Normal,648.0,0.38,564.08,177.31,3,2113.51,28,0,440.51,1000.0,Salario,636.0,Servicios,Negativo,49.9,Bajo,2304.16,0,55.9050058598937,Estable
2020-12-21,1027,2492.28,1923.78,0.06,2018.49,Normal,721.0,0.54,605.59,499.82,4,1046.86,73,0,334.72,2508.13,Mixto,1288.7,Otros,Negativo,12.1,Bajo,568.5,0,35.50122211944455,Crítico
2021-01-20,1074,5245.26,3743.35,0.07,3510.16,Normal,735.0,0.41,688.89,0.0,2,741.2,44,0,452.21,2313.39,Salario,559.78,Vivienda,Neutral,3.8,Bajo,1501.91,0,39.547205291527845,Crítico
2021-02-19,1828,5299.85,4050.42,0.15,3354.62,Recesión,691.0,0.23,760.43,318.75,4,149.72,26,1,497.13,2812.93,Salario,2128.15,Transporte,Neutral,97.1,Bajo,1249.43,0,46.089170413515376,En riesgo
2021-03-21,1109,2880.23,2783.31,0.16,2630.59,Normal,579.0,0.2,340.58,544.57,8,946.64,98,0,372.26,3117.54,Salario,1131.94,Gastos_hormiga,Positivo,86.0,Medio,96.92,0,52.21244845751934,En observación
2021-04-20,1079,3679.64,3078.32,0.37,3644.96,Normal,720.0,0.57,459.0,628.83,1,1512.55,63,0,652.48,1901.71,Salario,1461.53,Educacion,Neutral,94.9,Bajo,601.32,0,52.85960434474504,Estable
2021-05-20,1196,3260.1,3222.86,0.3,2911.17,Normal,755.0,0.18,524.17,399.3,6,488.06,95,0,324.37,2662.79,Salario,1377.67,Educacion,Neutral,2.6,Bajo,37.24,0,56.99096483679861,Estable
2021-06-19,1457,3066.8,3840.06,0.12,2773.09,Inflación,695.0,0.33,556.83,220.8,5,1032.36,38,0,783.12,2294.0,Independiente,2165.92,Gastos_hormiga,Positivo,78.6,Alto,0.0,0,38.89850891981898,Crítico
2021-07-19,1883,3520.1,3278.29,0.3,3362.57,Inflación,612.0,0.33,698.44,643.95,9,717.64,41,0,644.55,1000.0,Independiente,928.72,Vivienda,Positivo,90.6,Bajo,241.81,0,54.33466150400454,Estable
2021-08-18,1516,4518.64,3513.0,0.1,3411.24,Inflación,748.0,0.41,562.12,223.28,7,252.0,30,0,456.72,1632.51,Salario,1193.93,Transporte,Positivo,90.9,Bajo,1005.64,0,40.14312623653834,Crítico
2021-09-17,1647,3663.34,4942.26,0.39,2136.8,Recesión,698.0,0.43,538.51,318.01,5,1486.15,25,0,275.41,3557.41,Salario,2020.6,Otros,Negativo,41.6,Bajo,0.0,0,50.2563626148789,En observación
2021-10-17,1636,2980.47,2028.71,0.26,3034.63,Inflación,636.0,0.48,564.09,278.46,7,898.43,84,0,320.36,3010.9,Salario,1347.15,Salud,Negativo,25.3,Bajo,951.76,0,44.826191405774736,En riesgo
2021-11-16,1949,5058.21,3455.74,0.13,2658.0,Normal,764.0,0.37,643.06,454.75,1,876.02,65,0,317.55,2044.01,Salario,903.52,Ocio,Positivo,92.4,Bajo,1602.47,0,49.12424933619801,En observación
2021-12-16,1357,3490.4,1740.56,0.33,2935.93,Normal,711.0,0.33,499.06,298.12,9,1757.36,84,0,845.24,2526.49,Independiente,1126.48,Otros,Neutral,21.5,Bajo,1749.84,0,57.924151526103735,Saludable
2022-01-15,1503,3854.83,4228.26,0.32,2872.62,Normal,682.0,0.42,36.47,521.62,4,1235.96,23,0,200.59,1570.03,Salario,1397.23,Educacion,Positivo,18.3,Alto,0.0,0,56.690578559933556,Estable
2022-02-14,1934,4435.67,2745.13,0.39,2523.33,Normal,657.0,0.26,474.31,266.21,5,347.33,66,0,474.08,1792.89,Salario,1687.74,Otros,Neutral,26.9,Alto,1690.54,0,60.65790229237809,Saludable
2022-03-16,1422,4918.09,3302.32,0.14,3646.45,Normal,764.0,0.44,468.61,617.36,4,1257.01,70,0,512.05,1832.29,Salario,300.0,Transporte,Neutral,27.4,Alto,1615.77,0,47.863138453250535,En observación
2022-04-15,1902,4045.61,3043.59,0.23,2666.52,Normal,677.0,0.41,528.52,388.06,5,391.04,41,1,695.85,2185.61,Salario,1660.16,Otros,Positivo,86.0,Bajo,1002.02,0,47.02289340800734,En observación
2022-05-15,1197,3964.43,3081.87,0.16,2881.85,Inflación,631.0,0.29,564.16,427.28,7,1152.02,32,0,177.7,1702.61,Salario,1186.26,Servicios,Positivo,8.1,Bajo,882.56,0,52.819175361938385,Estable
2022-06-14,1659,5408.16,3639.44,0.32,2893.05,Normal,621.0,0.51,527.64,337.35,2,1117.8,76,0,444.05,1292.95,Salario,1819.46,Educacion,Positivo,87.1,Medio,1768.72,0,53.27033059718255,Estable
2022-07-14,1279,4214.73,2630.2,0.35,3148.72,Normal,736.0,0.32,289.09,257.43,8,782.28,37,0,728.23,2262.28,Salario,1473.49,Salud,Positivo,26.2,Medio,1584.53,0,57.98390452032913,Saludable
2022-08-13,1969,2854.76,3294.04,0.31,3307.17,Inflación,796.0,0.51,143.92,173.38,5,0.0,52,1,768.8,2605.57,Independiente,1936.37,Educacion,Positivo,50.0,Bajo,0.0,0,41.83228122856703,En riesgo
2022-09-12,1302,3529.0,3043.81,0.37,3252.49,Recesión,647.0,0.3,525.47,162.99,5,1190.84,22,0,676.86,2367.49,Salario,1240.13,Ocio,Neutral,76.7,Bajo,485.19,0,57.034722999229736,Estable
2022-10-12,1328,3584.76,2356.4,0.3,2264.52,Normal,706.0,0.15,111.79,859.12,3,927.99,89,0,440.92,1729.53,Mixto,1368.42,Otros,Positivo,32.1,Medio,1228.36,0,69.4140914866343,Excelente
2022-11-11,1219,5665.27,2858.91,0.1,2586.39,Inflación,565.0,0.21,573.33,302.2,7,751.16,88,0,164.85,1000.0,Salario,794.15,Servicios,Negativo,39.6,Medio,2806.36,1,54.79753648599783,Estable
2022-12-11,1658,3920.2,3895.1,0.32,2050.64,Normal,643.0,0.1,396.79,268.89,9,562.28,44,0,453.98,2066.76,Salario,1147.76,Alimentacion,Positivo,88.6,Alto,25.1,0,60.33500979342191,Saludable
2023-01-10,1361,4079.33,3367.59,0.06,2544.73,Normal,655.0,0.1,614.24,23.08,2,887.29,20,0,527.88,2898.22,Salario,1441.11,Ocio,Positivo,45.8,Bajo,711.74,0,48.33581199864854,En observación
2023-02-09,1599,3499.44,2556.23,0.2,3279.54,Normal,742.0,0.51,556.04,398.46,9,484.9,89,0,387.72,2905.27,Salario,1167.49,Servicios,Positivo,14.2,Alto,943.21,0,40.580243574078466,En riesgo
2023-03-11,1699,3933.54,4137.55,0.34,2897.89,Normal,737.0,0.53,578.16,462.6,8,1247.3,32,0,151.32,2959.4,Salario,1791.16,Gastos_hormiga,Positivo,86.2,Bajo,0.0,0,48.944993893550475,En observación
2023-04-10,1653,3297.83,2947.02,0.12,2899.12,Inflación,700.0,0.39,835.27,404.3,2,877.6,38,0,636.56,3107.6,Salario,793.52,Alimentacion,Positivo,39.0,Bajo,350.81,0,41.444950992723605,En riesgo
2023-05-10,1410,4529.43,4450.72,0.32,2843.32,Normal,706.0,0.3,509.29,314.07,9,1267.85,76,0,68.48,2386.27,Salario,1395.53,Vivienda,Positivo,31.1,Medio,78.71,0,56.90470538668175,Estable
2023-06-09,1221,2276.96,4029.34,0.38,2488.14,Inflación,791.0,0.27,556.08,181.76,3,1792.75,98,0,668.93,1924.56,Salario,1099.42,Educacion,Neutral,1.7,Bajo,0.0,0,57.98174820805912,Saludable
2023-07-09,1876,4342.3,3491.66,0.29,2995.77,Normal,615.0,0.21,640.89,352.05,2,452.29,49,0,280.95,1873.48,Salario,1713.66,Servicios,Negativo,5.0,Bajo,850.64,0,57.158329529817266,Estable
2023-08-08,1195,6240.8,2557.1,0.06,3059.61,Normal,654.0,0.37,619.81,305.23,3,1124.19,65,0,199.16,2364.27,Salario,1127.04,Gastos_hormiga,Neutral,4.3,Alto,3683.7,1,49.259748957023994,En observación
2023-09-07,1413,3929.97,3000.16,0.19,2972.92,Normal,652.0,0.24,334.19,498.13,9,800.62,84,0,141.18,1968.6,Salario,1887.99,Ocio,Negativo,36.6,Alto,929.81,0,52.12645512560033,En observación
2023-10-07,1126,5446.46,2191.78,0.19,3530.29,Normal,615.0,0.11,141.47,522.14,5,1208.54,85,0,614.68,2542.08,Salario,865.5,Inversiones,Positivo,76.3,Bajo,3254.68,0,67.0179432459411,Excelente
2023-11-06,1811,4347.23,3037.27,0.34,3340.02,Normal,692.0,0.11,843.25,201.37,4,1815.56,43,0,657.06,2414.84,Salario,921.1,Alimentacion,Positivo,31.4,Bajo,1309.96,0,66.58563835362699,Excelente
2019-01-01,1863,3832.25,3462.4,0.32,2411.91,Inflación,716.0,0.56,306.51,995.09,3,1317.62,72,0,565.85,1922.92,Salario,1348.0,Servicios,Positivo,74.1,Bajo,369.85,0,54.21826463536071,Estable
2019-01-31,1696,5797.78,2499.48,0.39,2686.42,Normal,667.0,0.5,600.4,303.1,6,1213.06,77,0,713.38,2434.2,Salario,590.36,Transporte,Positivo,21.3,Medio,3298.3,1,60.109767519571996,Saludable
2019-03-02,1858,4073.39,2577.81,0.06,2657.95,Inflación,681.0,0.23,313.4,89.1,8,0.0,72,0,780.11,1195.82,Salario,1151.11,Transporte,Positivo,5.1,Alto,1495.58,0,43.70051516045024,En riesgo
2019-04-01,1950,3912.01,2694.64,0.1,2761.91,Normal,734.0,0.3,278.36,359.04,1,425.24,31,0,526.83,1840.05,Salario,1073.19,Alimentacion,Positivo,24.7,Bajo,1217.37,0,49.02385241766579,En observación
2019-05-01,1916,4248.25,1743.03,0.11,3136.84,Normal,703.0,0.6,904.91,655.24,7,562.98,82,0,12.72,1375.65,Independiente,895.76,Gastos_hormiga,Negativo,26.3,Bajo,2505.22,0,39.87725065023391,Crítico
2019-05-31,1193,3710.13,1511.35,0.11,1994.69,Normal,721.0,0.38,668.29,133.91,4,328.35,72,0,553.63,1222.33,Salario,1453.74,Educacion,Negativo,30.3,Bajo,2198.78,1,44.210290085317965,En riesgo
2019-06-30,1553,2931.65,2637.11,0.32,2703.08,Recesión,675.0,0.34,698.65,538.68,8,762.03,76,0,562.91,2834.94,Salario,1752.25,Educacion,Neutral,97.6,Bajo,294.54,0,51.597818589583326,En observación
2019-07-30,1117,5599.06,3041.25,0.33,2498.56,Normal,618.0,0.12,312.05,652.46,9,927.27,60,0,601.08,1434.92,Salario,990.14,Otros,Negativo,79.7,Alto,2557.81,1,69.61696687196283,Excelente
2019-08-29,1888,3705.7,3096.15,0.34,3409.55,Inflación,789.0,0.28,246.21,383.64,7,520.39,28,0,221.17,1444.1,Mixto,829.53,Educacion,Positivo,91.4,Bajo,609.55,0,61.441862226630576,Saludable
2019-09-28,1100,4101.62,3541.71,0.14,2793.18,Normal,667.0,0.32,279.47,469.83,7,1674.38,39,0,558.04,1333.24,Salario,1373.16,Inversiones,Positivo,39.7,Bajo,559.91,0,51.931843086664,En observación
2019-10-28,1474,3434.13,3409.88,0.09,2704.81,Normal,722.0,0.37,475.77,570.86,4,1285.55,60,0,824.07,3305.12,Salario,1385.04,Gastos_hormiga,Positivo,44.7,Medio,24.25,0,41.36314082132715,En riesgo
2019-11-27,1772,3821.34,2224.71,0.12,3241.04,Inflación,639.0,0.53,311.08,754.93,7,1091.58,94,0,519.83,1278.47,Salario,1012.63,Gastos_hormiga,Negativo,54.6,Medio,1596.63,0,43.35153983959254,En riesgo
2019-12-27,1181,4501.68,4413.32,0.37,3020.86,Normal,611.0,0.49,507.52,133.42,3,605.79,56,0,243.94,2881.34,Salario,1557.25,Gastos_hormiga,Negativo,71.0,Bajo,88.36,0,48.067923544230986,En observación
2020-01-26,1579,5011.45,4327.24,0.35,2938.63,Inflación,692.0,0.26,560.21,191.87,6,1024.93,38,0,323.52,1986.03,Salario,948.65,Educacion,Positivo,92.2,Alto,684.21,0,59.51708651279924,Saludable
2020-02-25,1525,2076.37,2096.55,0.14,1760.02,Normal,669.0,0.4,607.11,735.29,2,1770.02,37,0,593.65,2008.17,Salario,1516.4,Servicios,Negativo,32.9,Medio,0.0,0,46.02377352149333,En riesgo
2020-03-26,1355,5559.53,2918.58,0.32,3153.86,Normal,661.0,0.24,832.8,190.64,9,1211.14,54,0,307.87,2471.55,Mixto,1794.87,Alimentacion,Negativo,48.6,Medio,2640.95,0,58.62899461744706,Saludable
2020-04-25,1204,3709.0,2579.19,0.13,3047.43,Normal,619.0,0.34,571.91,376.32,2,141.29,59,0,478.88,2553.47,Salario,1008.4,Servicios,Positivo,22.3,Alto,1129.81,0,44.51044550118857,En riesgo
2020-05-25,1263,3525.27,2470.67,0.13,3189.28,Normal,651.0,0.45,396.28,691.77,2,1137.2,29,0,405.73,1797.51,Salario,1787.33,Alimentacion,Neutral,35.7,Bajo,1054.6,0,46.37510131991724,En riesgo
2020-06-24,1883,3317.43,3371.49,0.26,3481.84,Normal,702.0,0.35,259.13,793.7,1,1083.26,38,0,327.57,2676.4,Salario,1134.3,Salud,Neutral,9.0,Alto,0.0,0,54.27724891166161,Estable
2020-07-24,1959,5271.82,3449.8,0.09,2450.97,Normal,612.0,0.51,454.57,336.75,9,101.13,23,0,353.62,3226.04,Salario,1106.8,Salud,Positivo,87.7,Bajo,1822.02,0,36.156746127602304,Crítico
2020-08-23,1835,3770.87,3825.93,0.18,2491.64,Recesión,672.0,0.35,495.92,527.84,6,989.76,69,0,243.91,2067.94,Salario,1580.48,Alimentacion,Positivo,45.5,Bajo,0.0,0,49.012362189021964,En observación
2020-09-22,1237,3183.88,3033.59,0.1,2320.71,Recesión,685.0,0.37,578.86,304.83,3,1302.55,66,0,1028.64,2902.08,Salario,1138.15,Gastos_hormiga,Neutral,66.4,Bajo,150.29,0,39.963664153451475,Crítico
2020-10-22,1553,3956.86,5605.38,0.16,2853.64,Normal,689.0,0.28,493.29,0.0,8,1291.51,92,0,251.67,1917.05,Independiente,1434.2,Inversiones,Positivo,87.9,Bajo,0.0,0,45.016345614654746,En riesgo
2020-11-21,1895,3912.13,893.36,0.13,3503.15,Recesión,733.0,0.17,759.22,415.89,2,301.95,73,0,374.5,1599.21,Salario,843.97,Educacion,Positivo,48.5,Medio,3018.77,0,56.83143275308829,Estable
2020-12-21,1270,2979.88,3909.91,0.28,2656.08,Inflación,672.0,0.14,235.1,361.66,9,964.01,61,0,413.18,2763.88,Salario,1962.12,Inversiones,Neutral,97.7,Bajo,0.0,0,56.56780317919757,Estable
2021-01-20,1842,4295.84,3338.27,0.29,2839.65,Normal,623.0,0.39,191.73,112.82,6,474.31,31,0,386.69,3298.43,Salario,960.41,Gastos_hormiga,Positivo,5.2,Alto,957.57,0,50.59686173685825,En observación
2021-02-19,1546,4478.23,2547.81,0.07,2717.57,Inflación,679.0,0.49,25.26,505.76,4,1156.58,91,0,312.8,2121.86,Salario,803.2,Salud,Neutral,71.7,Bajo,1930.42,0,45.602092920226255,En riesgo
2021-03-21,1916,4004.18,3496.17,0.17,2965.28,Recesión,712.0,0.14,663.84,509.9,2,658.34,98,0,544.49,3523.85,Independiente,875.04,Ocio,Positivo,22.3,Medio,508.01,0,53.37937214898613,Estable
2021-04-20,1907,5004.97,1825.76,0.22,2035.99,Inflación,658.0,0.35,628.51,179.45,6,975.0,53,0,324.84,1382.04,Salario,1383.42,Educacion,Positivo,6.1,Bajo,3179.21,1,57.24447826624092,Saludable
2021-05-20,1140,5916.09,2101.5,0.21,2597.57,Inflación,643.0,0.23,520.76,297.99,3,319.74,77,0,564.99,2153.47,Salario,1300.04,Vivienda,Positivo,3.7,Bajo,3814.59,1,60.55172626217507,Saludable
2021-06-19,1159,5002.47,1861.44,0.1,2721.65,Normal,589.0,0.4,47.03,220.68,9,1729.09,36,0,402.82,2595.3,Mixto,1500.73,Transporte,Positivo,61.4,Bajo,3141.03,1,52.84473150360231,Estable
2021-07-19,1031,4409.26,3409.29,0.38,2521.27,Normal,664.0,0.56,283.75,0.0,2,575.08,55,0,281.6,1506.26,Salario,1350.12,Alimentacion,Negativo,29.5,Alto,999.97,0,49.12823507814497,En observación
2021-08-18,1440,3521.95,3313.67,0.25,2629.0,Inflación,563.0,0.45,379.86,371.64,7,1142.53,28,0,168.97,1578.83,Salario,1617.84,Alimentacion,Positivo,50.5,Medio,208.28,0,49.948575720238864,En observación
2021-09-17,1839,3124.4,2548.35,0.29,3001.68,Inflación,656.0,0.35,627.44,641.62,4,245.53,28,0,649.13,1926.62,Salario,1542.79,Educacion,Positivo,65.6,Bajo,576.05,0,52.53632367577165,Estable
2021-10-17,1636,3560.32,3922.94,0.2,2907.41,Normal,700.0,0.42,657.24,402.79,9,587.66,75,0,316.84,2931.72,Independiente,2134.79,Inversiones,Positivo,47.2,Medio,0.0,0,40.461215751646606,En riesgo
2021-11-16,1868,2004.18,4040.18,0.06,3115.84,Normal,717.0,0.3,316.61,196.66,6,1062.39,89,0,392.57,1839.64,Salario,1502.88,Salud,Positivo,89.6,Alto,0.0,0,38.38895827404379,Crítico
2021-12-16,1153,1771.53,3041.88,0.11,2161.4,Normal,668.0,0.31,517.04,0.0,6,1660.27,97,0,201.75,1941.55,Independiente,1430.69,Gastos_hormiga,Positivo,98.9,Bajo,0.0,0,43.99765035506527,En riesgo
2022-01-15,1721,5684.85,3303.58,0.11,3210.78,Normal,728.0,0.32,200.03,215.02,1,830.9,93,0,485.27,2057.88,Independiente,953.17,Otros,Positivo,87.1,Bajo,2381.27,0,51.434443663922245,En observación
2022-02-14,1534,4393.54,3511.84,0.36,2752.58,Normal,688.0,0.26,466.63,396.53,3,1939.31,47,0,197.56,2114.79,Mixto,1498.16,Ocio,Negativo,41.2,Alto,881.7,0,63.962130999080976,Excelente
2022-03-16,1548,3321.07,2931.84,0.07,1921.08,Normal,736.0,0.55,1025.38,735.92,8,1541.02,28,0,343.0,2416.48,Salario,1205.7,Gastos_hormiga,Positivo,49.3,Bajo,389.23,0,36.38355549080824,Crítico
2022-04-15,1214,4547.31,2686.17,0.2,2776.87,Inflación,627.0,0.44,266.35,317.65,5,1171.58,37,0,323.11,2267.66,Salario,1143.93,Salud,Positivo,7.6,Bajo,1861.14,0,51.6670972484642,En observación
2022-05-15,1424,4869.11,2647.38,0.36,3108.02,Normal,693.0,0.3,401.0,386.49,2,1602.48,55,0,204.84,2596.04,Salario,926.08,Inversiones,Negativo,31.2,Alto,2221.73,0,65.07820593563727,Excelente
2022-06-14,1706,3299.52,2882.71,0.08,4087.78,Recesión,664.0,0.56,904.95,561.31,6,1015.65,32,0,535.33,2975.76,Salario,992.51,Alimentacion,Neutral,67.1,Alto,416.81,0,30.698777293137486,Crítico
2022-07-14,1770,4031.76,2825.62,0.1,3122.18,Normal,690.0,0.14,555.72,690.22,9,453.8,45,0,432.86,2346.52,Salario,1112.62,Ocio,Neutral,46.7,Bajo,1206.14,0,51.89671544525723,En observación
2022-08-13,1222,2298.53,2825.75,0.25,2289.99,Recesión,702.0,0.1,702.36,186.38,3,994.07,52,0,383.82,2342.49,Salario,1354.94,Educacion,Positivo,44.1,Medio,0.0,0,57.45215928427041,Saludable
2022-09-12,1871,4004.11,1019.39,0.16,3657.2,Inflación,656.0,0.43,502.85,49.35,9,1517.19,99,0,481.27,2480.79,Salario,1688.1,Gastos_hormiga,Neutral,76.2,Medio,2984.72,0,46.2133620714223,En riesgo
2022-10-12,1567,3289.02,1487.46,0.09,2761.13,Normal,590.0,0.48,850.49,370.35,8,771.09,62,0,622.87,1747.67,Mixto,496.87,Transporte,Positivo,78.7,Medio,1801.56,0,39.920035041888646,Crítico
2022-11-11,1785,3254.07,2865.0,0.24,2681.88,Recesión,690.0,0.3,230.91,0.0,1,1037.01,71,1,617.58,1856.42,Salario,1089.6,Transporte,Positivo,86.4,Bajo,389.07,0,53.70361383032651,Estable
2022-12-11,1207,4641.13,3572.85,0.34,2895.76,Recesión,665.0,0.53,511.99,621.28,5,936.77,68,0,304.53,2488.67,Salario,2040.48,Ocio,Neutral,22.4,Alto,1068.28,0,50.343876197000185,En observación
2023-01-10,1760,2692.53,3729.62,0.13,2423.16,Normal,609.0,0.51,289.65,771.71,4,224.75,38,0,463.1,1417.58,Salario,779.85,Otros,Positivo,59.1,Bajo,0.0,0,40.71091035466502,En riesgo
2023-02-09,1606,4088.02,2301.65,0.25,3198.78,Recesión,714.0,0.11,508.04,438.73,2,1835.38,98,0,502.41,2165.85,Salario,1806.6,Educacion,Positivo,82.8,Medio,1786.37,0,66.23502697126459,Excelente
2023-03-11,1810,3786.88,3061.41,0.2,3048.01,Normal,690.0,0.2,119.56,0.0,2,1318.28,22,0,630.46,1810.46,Mixto,805.53,Transporte,Positivo,48.1,Bajo,725.47,0,57.551254374445584,Saludable
2023-04-10,1925,4556.3,3346.03,0.15,2289.31,Normal,631.0,0.59,803.48,502.73,9,271.8,68,0,402.64,2861.36,Salario,300.0,Ocio,Neutral,68.7,Bajo,1210.27,0,35.33766041724976,Crítico
2023-05-10,1655,3875.66,2913.65,0.05,2568.94,Inflación,683.0,0.42,878.33,318.66,2,837.78,39,0,839.7,1498.21,Salario,1519.9,Salud,Positivo,22.7,Bajo,962.01,0,37.669049276554155,Crítico
2023-06-09,1602,4318.05,4362.03,0.13,3770.67,Normal,653.0,0.53,8.49,392.54,1,1122.06,75,0,439.68,2286.55,Independiente,1587.7,Otros,Negativo,57.6,Alto,0.0,0,38.16051294933053,Crítico
2023-07-09,1663,4622.04,3672.59,0.38,2211.71,Normal,721.0,0.5,479.66,126.85,8,181.29,46,0,511.89,1957.16,Salario,1190.49,Servicios,Positivo,94.1,Bajo,949.45,0,49.45296976070361,En observación
2023-08-08,1302,2918.32,4694.23,0.25,2721.8,Normal,763.0,0.31,288.01,736.59,6,726.7,27,0,392.29,1181.08,Salario,1269.83,Alimentacion,Positivo,47.2,Medio,0.0,0,52.85193782888896,Estable
2023-09-07,1058,4145.35,2415.64,0.34,2055.99,Recesión,607.0,0.29,433.94,872.65,8,728.68,79,0,635.18,1767.29,Salario,948.5,Educacion,Positivo,1.9,Alto,1729.71,0,62.55452699849974,Excelente
2023-10-07,1244,4046.42,3766.9,0.33,2778.19,Normal,657.0,0.13,214.19,0.0,9,1627.97,31,0,723.02,1608.52,Salario,1015.79,Alimentacion,Positivo,7.5,Medio,279.52,0,63.59887922071477,Excelente
2023-11-06,1343,5797.88,4329.41,0.06,2497.18,Inflación,600.0,0.23,423.71,97.52,5,1641.01,80,0,0.0,2625.18,Independiente,1061.48,Salud,Positivo,25.6,Bajo,1468.47,0,50.091785166703275,En observación
2019-01-01,1598,3885.22,3587.26,0.39,3361.55,Normal,672.0,0.49,142.01,226.14,2,1318.69,84,0,636.85,1400.07,Independiente,1030.49,Servicios,Negativo,14.2,Alto,297.96,0,53.6702082140644,Estable
2019-01-31,1777,4127.99,3678.6,0.05,3373.64,Recesión,598.0,0.21,205.13,285.97,1,1019.86,56,0,631.61,3282.96,Salario,1518.06,Inversiones,Positivo,89.5,Bajo,449.39,0,46.29839304369153,En riesgo
2019-03-02,1175,4349.43,1616.64,0.16,2988.51,Normal,666.0,0.26,647.78,428.98,7,1234.36,32,0,454.94,2144.88,Salario,573.25,Educacion,Positivo,36.2,Alto,2732.79,0,56.13262946504957,Estable
2019-04-01,1732,1815.35,3471.34,0.37,2975.6,Inflación,646.0,0.23,533.23,1196.54,6,1316.8,27,0,390.39,2495.72,Independiente,1164.68,Inversiones,Positivo,65.9,Bajo,0.0,0,63.928582599878524,Excelente
2019-05-01,1192,4126.46,3783.5,0.29,3327.16,Normal,706.0,0.36,598.56,388.81,8,1631.07,75,0,645.25,2227.36,Independiente,1242.9,Otros,Positivo,2.1,Bajo,342.96,0,53.203639008627945,Estable
2019-05-31,1992,3889.21,1489.52,0.06,3107.3,Normal,724.0,0.59,748.09,599.48,5,649.59,47,0,529.17,1529.19,Salario,1360.74,Inversiones,Positivo,75.4,Alto,2399.69,0,36.78223897294612,Crítico
2019-06-30,1480,7037.92,3079.11,0.06,2648.33,Inflación,619.0,0.5,230.8,750.3,9,645.16,32,0,786.05,3387.77,Salario,1249.84,Otros,Positivo,1.0,Alto,3958.81,1,43.079005449350056,En riesgo
2019-07-30,1982,3833.63,3068.96,0.12,2000.9,Normal,732.0,0.38,403.66,667.91,7,926.53,27,0,233.27,2619.04,Salario,945.82,Vivienda,Neutral,46.2,Alto,764.67,0,45.32825596670251,En riesgo
2019-08-29,1940,4963.11,2114.38,0.18,3074.25,Inflación,650.0,0.53,385.78,169.69,9,1457.37,82,0,512.96,2440.51,Mixto,1105.38,Alimentacion,Positivo,13.0,Bajo,2848.73,0,47.290254855850606,En observación
2019-09-28,1938,3381.06,2417.67,0.33,2632.84,Normal,697.0,0.14,155.8,392.1,8,766.2,58,0,196.61,2723.06,Salario,1095.73,Gastos_hormiga,Positivo,83.2,Bajo,963.39,0,66.48062900440438,Excelente
2019-10-28,1331,4376.38,3408.8,0.14,2300.52,Recesión,664.0,0.51,424.38,505.17,1,252.84,26,0,550.11,2680.72,Salario,1630.88,Educacion,Positivo,9.7,Medio,967.58,0,39.51942813825519,Crítico
2019-11-27,1621,3231.49,1759.04,0.36,2426.75,Normal,694.0,0.46,451.57,278.39,2,1215.11,59,0,518.78,3029.03,Salario,1144.06,Gastos_hormiga,Positivo,72.6,Alto,1472.45,0,55.71991053394195,Estable
2019-12-27,1535,3785.95,2378.21,0.32,3084.82,Recesión,765.0,0.23,386.79,159.14,9,737.64,29,0,259.85,1000.0,Salario,781.03,Transporte,Positivo,97.4,Medio,1407.74,0,62.2262558011489,Saludable
2020-01-26,1568,3740.82,3064.66,0.36,2125.49,Inflación,696.0,0.37,488.94,65.32,7,816.9,57,0,308.74,2579.29,Salario,2377.12,Ocio,Positivo,15.3,Alto,676.16,0,52.36856235500673,Estable
2020-02-25,1474,4789.44,3046.26,0.12,3592.84,Inflación,755.0,0.39,856.62,116.54,2,1156.88,70,0,666.98,1352.01,Mixto,1609.14,Transporte,Positivo,46.8,Bajo,1743.18,0,44.50113098816261,En riesgo
2020-03-26,1664,4786.41,3225.68,0.19,2791.91,Inflación,679.0,0.47,552.61,873.88,8,617.55,46,0,295.01,2033.26,Salario,581.95,Salud,Positivo,34.9,Medio,1560.73,0,49.36403389651251,En observación
2020-04-25,1043,3519.82,2372.88,0.21,2780.81,Normal,634.0,0.57,363.81,233.72,1,1195.27,93,0,527.76,2354.07,Mixto,1122.74,Inversiones,Neutral,10.3,Bajo,1146.94,0,44.37689832042982,En riesgo
2020-05-25,1901,4156.47,1722.33,0.39,3209.03,Normal,778.0,0.12,457.74,669.61,5,424.24,46,0,124.61,2925.91,Salario,1003.64,Alimentacion,Negativo,99.8,Alto,2434.14,0,70.41189641585053,Excelente
2020-06-24,1507,5573.58,2067.32,0.11,2005.75,Inflación,614.0,0.2,625.4,232.62,5,0.0,36,0,326.48,1630.53,Independiente,968.16,Vivienda,Neutral,96.8,Bajo,3506.26,1,53.92837854092048,Estable
2020-07-24,1286,5032.97,764.47,0.1,2845.81,Recesión,747.0,0.52,610.65,286.54,3,1361.3,91,0,347.4,1560.92,Salario,1350.73,Alimentacion,Neutral,29.3,Medio,4268.5,1,49.18784297041076,En observación
2020-08-23,1710,5668.35,1713.75,0.27,2643.96,Normal,659.0,0.29,602.39,529.73,5,394.05,49,0,372.73,3735.23,Independiente,1543.15,Educacion,Positivo,12.0,Bajo,3954.6,1,61.14242418754897,Saludable
2020-09-22,1693,3652.81,2241.96,0.28,2866.02,Normal,716.0,0.54,389.56,372.83,3,1754.21,40,0,673.19,2075.77,Independiente,1011.85,Gastos_hormiga,Negativo,15.6,Bajo,1410.85,0,50.04316270953701,En observación
2020-10-22,1402,2814.68,3476.73,0.27,3102.03,Recesión,712.0,0.3,619.59,812.31,9,1060.82,50,0,521.62,1473.46,Salario,1138.18,Servicios,Positivo,85.0,Bajo,0.0,0,54.63748361449625,Estable
2020-11-21,1047,4718.93,2709.36,0.08,2714.7,Normal,678.0,0.28,493.59,229.17,8,947.1,20,0,259.8,2049.9,Salario,958.68,Otros,Negativo,46.7,Medio,2009.57,0,46.55641773383497,En riesgo
2020-12-21,1408,3950.15,1997.49,0.24,2281.96,Inflación,744.0,0.42,651.98,166.56,4,1080.81,77,0,597.76,1393.77,Salario,721.81,Otros,Positivo,72.8,Alto,1952.66,0,51.13176359578149,En observación
2021-01-20,1414,4461.22,3997.32,0.33,3025.72,Recesión,684.0,0.51,638.83,570.15,7,1147.99,57,0,531.06,2396.55,Salario,1222.68,Inversiones,Negativo,89.6,Medio,463.9,0,48.170567129116584,En observación
2021-02-19,1308,4131.52,2820.09,0.17,2691.94,Recesión,743.0,0.57,589.25,674.28,1,1052.45,28,0,364.41,1593.82,Salario,1819.51,Ocio,Positivo,19.9,Bajo,1311.43,0,45.33249930974392,En riesgo
2021-03-21,1522,5339.73,3734.16,0.09,2643.01,Inflación,727.0,0.17,420.25,631.3,6,869.7,97,0,459.09,2084.72,Salario,1397.72,Inversiones,Negativo,54.2,Alto,1605.57,0,50.71700507096879,En observación
2021-04-20,1290,2688.93,2756.73,0.2,3028.94,Normal,727.0,0.38,278.12,511.15,4,667.01,32,0,659.31,2452.23,Salario,1039.85,Ocio,Positivo,40.3,Bajo,0.0,0,47.48221295256236,En observación
2021-05-20,1623,7382.84,2688.05,0.15,3337.38,Recesión,691.0,0.51,710.41,414.45,1,218.98,26,0,174.72,3173.19,Salario,1382.94,Ocio,Negativo,39.6,Alto,4694.79,1,46.37089035627749,En riesgo
2021-06-19,1827,4086.68,3346.06,0.34,2759.81,Normal,640.0,0.31,720.68,41.62,1,1230.76,30,0,423.84,1397.65,Salario,896.93,Otros,Positivo,11.6,Bajo,740.62,0,59.32813158990844,Saludable
2021-07-19,1783,3008.4,3022.7,0.18,2508.48,Inflación,641.0,0.19,454.27,669.96,7,1047.15,69,0,575.15,1766.05,Independiente,932.26,Educacion,Positivo,12.0,Bajo,0.0,0,55.59012835965635,Estable
2021-08-18,1004,3563.08,3533.87,0.08,2338.37,Inflación,600.0,0.13,577.78,641.99,9,0.0,50,0,211.91,1787.47,Salario,1302.28,Inversiones,Neutral,51.8,Bajo,29.21,0,48.2815330823224,En observación
2021-09-17,1376,3227.8,3693.57,0.15,2950.17,Normal,718.0,0.11,423.38,298.2,3,381.42,70,0,531.44,2402.28,Salario,1653.5,Transporte,Positivo,64.8,Medio,0.0,0,50.726518381502245,En observación
2021-10-17,1171,4467.41,3659.99,0.2,2175.13,Normal,668.0,0.38,718.97,665.35,9,1671.3,60,0,554.37,1736.9,Salario,686.79,Vivienda,Positivo,47.2,Alto,807.42,0,50.47167695913209,En observación
2021-11-16,1989,3789.01,2175.04,0.07,2931.26,Recesión,655.0,0.38,78.16,290.48,3,839.21,70,0,428.48,1790.14,Mixto,1081.37,Vivienda,Positivo,8.0,Bajo,1613.97,0,47.41069612571782,En observación
2021-12-16,1964,3769.57,2147.3,0.22,2945.18,Inflación,749.0,0.59,496.21,382.31,9,817.22,30,0,549.86,2624.53,Salario,1323.22,Transporte,Positivo,88.5,Bajo,1622.27,0,42.37179580949302,En riesgo
2022-01-15,1003,4873.11,2797.07,0.21,1782.37,Normal,557.0,0.37,975.59,459.27,2,469.76,89,0,477.07,2042.52,Independiente,777.64,Transporte,Positivo,90.2,Alto,2076.04,1,50.77414896622147,En observación
2022-02-14,1510,3713.15,1267.44,0.15,2591.93,Normal,709.0,0.38,584.87,466.19,1,696.89,87,0,791.73,1649.15,Salario,805.59,Inversiones,Neutral,72.0,Bajo,2445.71,0,50.06618913103727,En observación
2022-03-16,1090,4952.95,2009.89,0.34,2031.86,Recesión,748.0,0.5,719.05,57.91,3,1463.54,25,0,378.73,2149.26,Salario,1214.33,Gastos_hormiga,Positivo,10.0,Alto,2943.06,1,56.58004253742447,Estable
2022-04-15,1064,3680.05,4142.07,0.22,2513.04,Recesión,718.0,0.28,671.9,536.57,8,1391.83,61,0,552.86,2082.58,Salario,832.71,Transporte,Neutral,18.2,Bajo,0.0,0,51.47873805341303,En observación
2022-05-15,1297,4676.76,4266.38,0.38,3712.77,Inflación,739.0,0.23,531.08,747.54,6,1610.98,85,0,577.82,1499.3,Independiente,1284.21,Servicios,Positivo,20.6,Bajo,410.38,0,66.54616315305836,Excelente
2022-06-14,1938,4482.67,1895.59,0.32,1964.54,Normal,615.0,0.59,208.76,490.81,9,1252.3,81,0,514.88,1870.53,Independiente,1238.61,Educacion,Neutral,8.0,Bajo,2587.08,1,54.39586773964741,Estable
2022-07-14,1173,3508.02,3608.42,0.24,2936.41,Normal,687.0,0.18,237.86,265.16,5,206.29,32,0,502.46,3094.33,Salario,1143.7,Servicios,Positivo,77.7,Alto,0.0,0,52.67171899498155,Estable
2022-08-13,1703,3705.5,2522.48,0.16,2522.69,Normal,696.0,0.3,52.17,906.99,4,166.82,91,0,458.16,1923.77,Salario,1372.15,Transporte,Positivo,35.7,Alto,1183.02,0,53.83820521778424,Estable
2022-09-12,1751,4442.6,2505.46,0.39,2313.12,Normal,652.0,0.26,213.09,584.42,7,1005.76,99,0,952.07,3124.05,Salario,646.58,Ocio,Positivo,25.7,Bajo,1937.14,0,65.52487068455217,Excelente
2022-10-12,1458,2642.24,2988.1,0.22,2160.65,Inflación,653.0,0.4,646.15,278.95,6,118.51,45,0,332.49,2270.21,Independiente,1172.69,Vivienda,Positivo,9.5,Bajo,0.0,0,43.85679229277914,En riesgo
2022-11-11,1907,5292.79,3055.96,0.19,3496.25,Normal,648.0,0.58,989.67,427.84,3,1315.72,62,0,496.26,2529.05,Salario,863.2,Gastos_hormiga,Positivo,31.5,Bajo,2236.83,0,44.15063006536406,En riesgo
2022-12-11,1375,4606.56,2948.86,0.23,2139.64,Normal,674.0,0.16,632.13,298.59,1,1814.02,21,0,626.58,1831.89,Salario,1274.18,Otros,Positivo,86.8,Medio,1657.7,0,61.73526330539049,Saludable
2023-01-10,1379,4695.16,2560.41,0.22,2371.98,Normal,653.0,0.11,389.78,374.1,4,958.05,34,0,0.0,2604.25,Mixto,1876.51,Ocio,Negativo,51.1,Medio,2134.75,0,61.77765785731989,Saludable
2023-02-09,1652,3652.14,3576.35,0.37,2269.9,Normal,684.0,0.52,534.07,607.92,1,554.87,45,0,792.86,3244.5,Salario,952.61,Ocio,Positivo,63.1,Medio,75.79,0,49.5180030950996,En observación
2023-03-11,1184,5359.27,3210.15,0.16,2102.22,Normal,716.0,0.49,429.9,979.22,8,866.25,56,0,297.27,2032.03,Independiente,731.04,Ocio,Positivo,100.0,Medio,2149.12,1,51.083523150932876,En observación
2023-04-10,1888,3152.73,3443.3,0.09,3589.46,Normal,726.0,0.31,565.58,455.96,7,1045.89,98,0,265.32,2329.92,Salario,782.48,Inversiones,Positivo,27.3,Bajo,0.0,0,44.312048517267314,En riesgo
2023-05-10,1825,3305.34,1863.51,0.14,3610.13,Normal,671.0,0.23,645.11,689.18,4,1923.36,67,0,237.07,2410.84,Mixto,1456.45,Alimentacion,Positivo,97.5,Bajo,1441.83,0,57.54109735039475,Saludable
2023-06-09,1436,5027.11,3672.37,0.05,2886.51,Normal,688.0,0.6,251.19,165.75,9,1151.16,86,0,330.35,2616.53,Salario,1318.21,Servicios,Negativo,28.6,Medio,1354.74,0,31.642166820355563,Crítico
2023-07-09,1239,3322.21,1825.45,0.18,3622.46,Recesión,637.0,0.51,435.77,718.74,5,512.92,55,0,728.83,2678.66,Salario,1611.63,Transporte,Positivo,4.3,Alto,1496.76,0,42.42226089552543,En riesgo
2023-08-08,1794,2223.1,2972.23,0.14,2995.5,Inflación,693.0,0.47,428.64,388.98,1,777.08,96,0,171.35,1420.16,Salario,1685.53,Ocio,Neutral,78.5,Medio,0.0,0,40.51592057905076,En riesgo
2023-09-07,1020,4412.3,3701.57,0.1,2433.98,Normal,682.0,0.18,510.98,436.64,2,692.67,46,0,534.73,1741.92,Independiente,574.99,Salud,Positivo,76.0,Alto,710.73,0,50.97135905025438,En observación
2023-10-07,1978,3766.28,3669.91,0.28,2631.72,Normal,721.0,0.14,830.47,501.98,1,1167.39,27,0,497.03,2884.35,Mixto,1161.89,Salud,Positivo,70.0,Medio,96.37,0,60.252010457780244,Saludable
2023-11-06,1780,5169.94,2739.42,0.34,2583.07,Inflación,742.0,0.15,626.79,0.0,4,882.85,21,0,661.37,2025.34,Salario,616.8,Alimentacion,Negativo,1.6,Bajo,2430.52,0,63.101225446759805,Excelente
2019-01-01,1153,4286.53,3065.76,0.07,2376.08,Inflación,766.0,0.42,410.79,544.59,3,1378.15,45,0,0.0,1408.31,Mixto,1681.75,Inversiones,Positivo,47.2,Alto,1220.77,0,46.763861254502224,En observación
2019-01-31,1553,3633.32,4313.0,0.31,2619.63,Normal,626.0,0.19,489.8,268.66,7,672.46,29,0,266.13,2140.62,Salario,1718.6,Alimentacion,Positivo,41.7,Medio,0.0,0,56.84220857350568,Estable
2019-03-02,1453,4867.21,3799.02,0.07,2751.63,Normal,641.0,0.6,226.61,720.47,6,417.11,75,0,269.4,1912.13,Independiente,1366.28,Educacion,Positivo,80.7,Bajo,1068.19,0,37.38851220249553,Crítico
2019-04-01,1206,4654.78,2294.7,0.26,3270.76,Normal,656.0,0.42,418.7,351.82,9,0.0,38,0,454.74,1000.0,Salario,1033.92,Servicios,Positivo,36.6,Bajo,2360.08,0,52.61052849298825,Estable
2019-05-01,1113,4963.54,3842.59,0.24,2483.35,Normal,652.0,0.44,231.12,421.61,8,1310.51,70,0,679.86,1305.15,Salario,795.05,Otros,Neutral,38.7,Bajo,1120.95,0,51.00514759918386,En observación
2019-05-31,1269,4175.64,2722.13,0.27,3603.5,Recesión,682.0,0.23,775.25,294.82,6,683.49,69,0,492.24,2185.63,Salario,1305.12,Salud,Negativo,17.3,Medio,1453.51,0,53.64634885565387,Estable
2019-06-30,1101,6036.64,3101.61,0.06,2908.07,Normal,766.0,0.15,687.32,618.31,9,721.26,92,0,212.44,1000.0,Salario,907.18,Vivienda,Neutral,86.2,Medio,2935.03,1,56.670861817122486,Estable
2019-07-30,1640,2021.44,3141.11,0.14,3395.31,Inflación,706.0,0.54,926.88,609.51,1,1435.09,45,0,529.77,2056.03,Independiente,1726.27,Ocio,Positivo,4.1,Alto,0.0,0,35.71398932679222,Crítico
2019-08-29,1064,3248.45,3543.08,0.18,3388.0,Normal,645.0,0.32,370.96,506.02,6,864.63,31,0,572.56,2542.38,Mixto,1326.8,Inversiones,Neutral,41.2,Bajo,0.0,0,46.676872254528774,En observación
2019-09-28,1082,3947.11,2107.58,0.23,2304.5,Normal,606.0,0.14,383.28,504.7,8,573.9,23,0,451.65,1933.5,Salario,1326.35,Otros,Neutral,34.9,Alto,1839.53,0,59.52975182721323,Saludable
2019-10-28,1483,2604.03,2592.6,0.38,2828.63,Normal,713.0,0.19,476.6,274.01,4,919.62,62,0,218.14,1898.95,Independiente,918.69,Gastos_hormiga,Neutral,99.2,Bajo,11.43,0,63.74178864690283,Excelente
2019-11-27,1661,3056.74,2519.55,0.17,2937.24,Normal,733.0,0.56,386.17,684.17,8,1255.9,96,0,778.0,2123.93,Independiente,1325.17,Servicios,Neutral,22.3,Alto,537.19,0,39.66397660575696,Crítico
2019-12-27,1018,3520.91,3596.26,0.35,3052.57,Normal,699.0,0.15,964.18,193.58,2,1026.24,95,0,566.36,1704.73,Salario,684.71,Vivienda,Negativo,10.6,Alto,0.0,0,58.519371563157925,Saludable
2020-01-26,1689,4239.94,1037.77,0.08,2679.78,Normal,661.0,0.17,128.07,469.52,9,1465.3,57,0,273.14,2573.4,Salario,1812.84,Gastos_hormiga,Positivo,24.3,Bajo,3202.17,1,61.03978774446513,Saludable
2020-02-25,1370,5403.29,2570.28,0.22,3311.33,Inflación,774.0,0.22,501.77,887.27,6,1409.17,83,0,705.39,2026.05,Salario,1039.54,Servicios,Positivo,79.9,Bajo,2833.01,0,64.39447285668385,Excelente
2020-03-26,1998,4476.68,3057.81,0.28,2721.64,Inflación,702.0,0.42,459.85,758.52,3,1358.44,90,0,388.93,2022.37,Salario,1346.97,Alimentacion,Positivo,22.5,Alto,1418.87,0,57.03109981660239,Estable
2020-04-25,1298,3633.98,3113.24,0.23,2273.34,Normal,668.0,0.53,265.03,274.19,1,1384.06,58,0,0.0,2414.06,Independiente,1492.58,Educacion,Neutral,92.9,Medio,520.74,0,47.441924180861925,En observación
2020-05-25,1607,5324.06,4003.59,0.36,2537.78,Recesión,721.0,0.59,716.59,0.0,2,1589.36,42,0,385.69,1301.48,Salario,1424.81,Servicios,Positivo,86.2,Medio,1320.47,0,50.27665890903739,En observación
2020-06-24,1170,5477.33,3063.83,0.15,3248.17,Normal,712.0,0.48,375.21,582.84,8,620.45,72,0,897.68,2998.03,Independiente,1018.0,Inversiones,Neutral,13.5,Bajo,2413.5,0,42.95158491938625,En riesgo
2020-07-24,1949,6014.58,2156.62,0.19,1926.4,Normal,730.0,0.13,226.59,318.33,4,845.92,43,0,353.94,3317.12,Salario,1046.03,Alimentacion,Positivo,64.0,Bajo,3857.96,1,65.33791217240748,Excelente
2020-08-23,1976,5965.66,2403.93,0.13,2411.57,Normal,687.0,0.5,510.88,448.86,9,1312.68,55,0,316.28,3327.72,Salario,1309.0,Inversiones,Positivo,61.5,Bajo,3561.73,1,48.082002043240976,En observación
2020-09-22,1742,4344.08,2928.69,0.33,3398.67,Recesión,693.0,0.2,669.47,102.47,1,164.9,94,0,388.6,1522.24,Salario,1074.34,Otros,Positivo,45.3,Medio,1415.39,0,60.500937318757195,Saludable
2020-10-22,1293,4088.17,3308.43,0.15,3603.25,Recesión,609.0,0.46,431.09,232.17,6,408.58,66,0,284.23,1503.7,Salario,1686.29,Alimentacion,Positivo,84.3,Medio,779.74,0,41.34733304992723,En riesgo
2020-11-21,1929,4565.25,3785.45,0.32,2447.14,Normal,715.0,0.58,389.41,0.0,3,843.78,98,0,629.89,2152.34,Independiente,768.22,Salud,Neutral,72.4,Alto,779.8,0,43.91932968885867,En riesgo
2020-12-21,1370,5054.55,2205.43,0.08,3332.75,Recesión,634.0,0.12,341.63,164.23,4,1155.65,68,0,473.92,2618.71,Mixto,1801.56,Educacion,Neutral,72.4,Bajo,2849.12,0,55.50729987878515,Estable
2021-01-20,1587,2960.12,3608.82,0.26,2104.1,Normal,716.0,0.19,691.54,81.7,1,840.9,90,0,738.79,2768.86,Salario,1099.73,Inversiones,Neutral,83.1,Alto,0.0,0,50.71581175597589,En observación
2021-02-19,1305,5119.62,2825.89,0.21,2178.57,Recesión,701.0,0.21,609.7,711.62,2,1477.3,97,0,788.11,2791.94,Mixto,1838.38,Alimentacion,Neutral,27.5,Alto,2293.73,1,59.54726074109999,Saludable
2021-03-21,1817,4624.19,3486.68,0.09,3333.08,Normal,662.0,0.5,742.75,23.81,3,1188.34,25,0,493.62,2056.17,Salario,825.84,Gastos_hormiga,Negativo,86.2,Bajo,1137.51,0,36.32966523393575,Crítico
2021-04-20,1176,3027.25,1786.86,0.35,2487.53,Normal,789.0,0.4,524.13,0.0,8,1565.65,99,0,450.17,1929.83,Salario,634.21,Transporte,Neutral,20.8,Alto,1240.39,0,55.52699909023479,Estable
2021-05-20,1612,3046.87,1118.74,0.06,3262.97,Normal,677.0,0.13,726.88,667.63,4,1747.81,79,0,812.07,2362.46,Salario,1359.5,Ocio,Positivo,74.7,Bajo,1928.13,0,54.86516490036063,Estable
2021-06-19,1025,2778.19,3279.76,0.32,2622.53,Recesión,720.0,0.2,609.61,181.64,9,732.56,30,0,640.1,1852.62,Salario,1359.99,Inversiones,Positivo,14.4,Medio,0.0,0,54.89725290310916,Estable
2021-07-19,1703,5313.46,1716.99,0.32,3035.09,Normal,761.0,0.29,198.7,170.1,4,2487.98,91,0,385.14,3071.28,Independiente,1682.46,Otros,Positivo,21.9,Bajo,3596.47,1,70.63192359353131,Excelente
2021-08-18,1855,2899.28,2985.7,0.27,2815.68,Normal,686.0,0.26,863.58,736.9,4,1562.99,22,0,482.54,1332.57,Salario,1186.89,Ocio,Positivo,67.3,Bajo,0.0,0,58.743249709592575,Saludable
2021-09-17,1474,1698.62,4505.31,0.07,2409.78,Recesión,674.0,0.17,188.68,19.9,2,1061.41,53,0,524.4,1250.95,Mixto,1208.95,Gastos_hormiga,Positivo,26.2,Medio,0.0,0,44.62768387887481,En riesgo
2021-10-17,1205,4100.48,2745.66,0.11,2851.2,Recesión,745.0,0.52,535.24,305.6,7,1054.61,41,0,417.58,2604.21,Mixto,300.0,Transporte,Positivo,19.4,Bajo,1354.82,0,41.43189852228363,En riesgo
2021-11-16,1276,4580.83,3049.53,0.18,2418.95,Inflación,773.0,0.15,1023.57,297.51,3,866.77,84,0,545.69,1911.25,Salario,1162.53,Inversiones,Positivo,50.9,Medio,1531.3,0,54.46697948850132,Estable
2021-12-16,1934,3372.74,2818.82,0.12,3076.84,Inflación,747.0,0.58,636.99,329.37,6,1190.17,91,0,753.01,2052.95,Salario,1528.9,Otros,Positivo,63.4,Bajo,553.92,0,35.2904764781678,Crítico
2022-01-15,1455,5700.56,2784.28,0.13,3037.45,Normal,666.0,0.22,540.75,75.91,6,1272.79,25,0,398.34,2699.42,Mixto,1687.84,Educacion,Neutral,97.9,Bajo,2916.28,0,52.70564025941318,Estable
2022-02-14,1997,3484.62,1878.67,0.35,3007.27,Inflación,727.0,0.19,603.83,475.26,2,1658.73,32,0,468.64,2826.34,Salario,1659.52,Transporte,Positivo,72.9,Bajo,1605.95,0,67.35689700952332,Excelente
2022-03-16,1373,5903.16,3950.83,0.07,3177.92,Recesión,729.0,0.28,473.94,154.62,2,861.84,58,0,415.01,2607.33,Salario,961.07,Educacion,Neutral,12.5,Bajo,1952.33,0,46.50803087473847,En riesgo
2022-04-15,1833,5181.98,2570.98,0.15,3424.28,Normal,673.0,0.11,617.75,328.09,4,958.09,68,0,523.82,2794.96,Salario,1239.92,Salud,Positivo,89.7,Bajo,2611.0,0,58.932432898820615,Saludable
2022-05-15,1718,6712.01,3051.14,0.33,3049.8,Inflación,738.0,0.48,663.06,177.35,3,478.09,84,0,400.17,2530.5,Salario,1607.09,Otros,Neutral,83.2,Alto,3660.87,1,54.07962811152065,Estable
2022-06-14,1784,2743.5,3528.19,0.38,3256.78,Recesión,718.0,0.24,815.83,383.06,4,1081.61,70,0,312.33,1722.86,Mixto,1018.42,Servicios,Positivo,5.8,Bajo,0.0,0,60.68957265812853,Saludable
2022-07-14,1764,4796.91,2050.75,0.17,2328.15,Recesión,674.0,0.45,399.45,538.89,2,610.58,36,0,627.72,2213.04,Salario,1986.16,Transporte,Positivo,58.1,Medio,2746.16,1,50.12443269256189,En observación
2022-08-13,1479,4268.52,1838.84,0.31,3406.41,Normal,580.0,0.46,248.24,357.15,4,910.69,63,0,422.13,1928.92,Salario,1229.73,Transporte,Positivo,0.7,Alto,2429.68,0,56.42335244222416,Estable
2022-09-12,1868,5117.31,4416.02,0.36,3283.95,Normal,672.0,0.17,508.74,540.66,1,0.0,81,0,666.53,2387.15,Salario,1944.15,Alimentacion,Positivo,9.1,Medio,701.29,0,61.29410452841506,Saludable
2022-10-12,1888,4105.57,2607.75,0.33,2529.47,Normal,698.0,0.4,61.39,459.11,4,1228.18,87,0,490.37,2615.95,Salario,702.63,Ocio,Neutral,48.8,Bajo,1497.82,0,59.78570148795138,Saludable
2022-11-11,1072,4602.11,4009.33,0.06,3575.51,Recesión,720.0,0.15,70.27,580.62,3,899.79,52,0,701.75,1253.46,Salario,1642.09,Ocio,Positivo,27.5,Medio,592.78,0,52.38473397852235,Estable
2022-12-11,1578,3902.73,2532.39,0.08,3769.06,Normal,655.0,0.3,673.03,124.09,7,902.4,78,0,369.75,1698.15,Salario,1003.65,Transporte,Positivo,28.3,Alto,1370.34,0,43.866874783111726,En riesgo
2023-01-10,1728,4895.09,1339.63,0.19,2589.16,Normal,714.0,0.57,891.08,447.1,6,552.08,94,0,450.26,1693.9,Salario,459.63,Vivienda,Positivo,14.0,Bajo,3555.46,1,48.54760498522146,En observación
2023-02-09,1459,4061.25,4247.81,0.38,3379.84,Inflación,673.0,0.46,554.55,345.47,3,177.22,94,0,375.48,2866.68,Salario,490.45,Educacion,Positivo,68.7,Bajo,0.0,0,51.29210560818472,En observación
2023-03-11,1950,3617.52,2908.4,0.17,2551.03,Inflación,820.0,0.18,252.3,914.62,5,1280.25,62,0,383.37,2203.31,Salario,1308.24,Alimentacion,Positivo,72.9,Alto,709.12,0,59.92526541921957,Saludable
2023-04-10,1344,4172.12,2373.49,0.34,1864.69,Normal,632.0,0.58,665.55,222.95,5,1170.57,77,0,513.69,2193.91,Independiente,1042.82,Salud,Negativo,24.4,Bajo,1798.63,0,47.67036341236033,En observación
2023-05-10,1930,4209.95,3947.05,0.3,3521.72,Recesión,636.0,0.28,145.2,107.43,7,799.43,70,0,746.55,2882.91,Independiente,1550.14,Salud,Neutral,19.0,Bajo,262.9,0,51.844648556008465,En observación
2023-06-09,1993,4454.33,2760.33,0.21,3128.55,Recesión,630.0,0.47,172.88,271.03,6,1020.89,57,0,647.48,1360.5,Salario,1416.99,Gastos_hormiga,Positivo,69.8,Bajo,1694.0,0,49.65194021532052,En observación
2023-07-09,1975,3561.18,4136.58,0.29,2836.7,Recesión,605.0,0.25,677.76,397.47,6,20.88,77,0,441.87,2538.2,Independiente,802.56,Gastos_hormiga,Negativo,59.8,Bajo,0.0,0,49.93310070505606,En observación
2023-08-08,1426,3750.76,3956.7,0.39,1764.11,Normal,665.0,0.59,112.4,487.28,5,1886.76,35,0,415.56,2190.62,Salario,1325.88,Vivienda,Positivo,17.7,Bajo,0.0,0,54.40996765638439,Estable
2023-09-07,1317,3769.06,2503.37,0.3,2732.73,Normal,614.0,0.13,647.69,533.04,4,1710.69,91,0,492.02,2838.84,Salario,1455.23,Educacion,Neutral,28.8,Bajo,1265.69,0,65.39170286697455,Excelente
2023-10-07,1502,3108.18,3185.75,0.4,2978.05,Inflación,755.0,0.28,368.21,344.38,5,719.58,43,0,227.6,1570.88,Salario,1127.31,Servicios,Positivo,82.8,Bajo,0.0,0,62.729313404912745,Excelente
2023-11-06,1707,3192.26,2997.43,0.33,3083.63,Normal,685.0,0.26,641.14,220.62,1,1617.45,67,0,513.13,1076.34,Salario,1246.56,Ocio,Positivo,86.4,Alto,194.83,0,60.20578397535478,Saludable
2019-01-01,1359,6802.41,2881.49,0.12,2901.81,Recesión,657.0,0.38,468.66,189.62,7,1145.32,79,0,606.92,2246.1,Salario,1281.81,Gastos_hormiga,Positivo,11.5,Bajo,3920.92,1,51.30292028644478,En observación
2019-01-31,1802,5017.84,1696.8,0.13,3292.51,Normal,682.0,0.43,662.23,615.56,7,1248.41,51,0,482.81,2076.11,Independiente,1252.92,Inversiones,Positivo,16.0,Bajo,3321.04,1,52.70297308739846,Estable
2019-03-02,1643,3117.18,3741.47,0.15,3422.66,Normal,674.0,0.48,316.54,275.23,6,576.59,81,0,624.03,2316.03,Independiente,1476.23,Salud,Positivo,26.5,Bajo,0.0,0,37.15997308660633,Crítico
2019-04-01,1852,3232.93,2727.35,0.24,2978.26,Normal,663.0,0.14,476.43,0.62,6,1340.01,98,0,313.98,2076.37,Independiente,881.98,Inversiones,Positivo,90.4,Bajo,505.58,0,59.00609374041616,Saludable
2019-05-01,1193,4316.14,2878.56,0.17,2822.4,Normal,639.0,0.55,407.55,313.41,8,449.99,91,0,495.1,2791.19,Salario,1332.18,Salud,Positivo,97.2,Bajo,1437.58,0,40.0108237620524,Crítico
2019-05-31,1009,3198.29,3076.64,0.38,2749.89,Normal,734.0,0.25,577.04,786.77,8,659.27,38,0,648.9,2602.84,Salario,369.75,Vivienda,Negativo,27.2,Alto,121.65,0,59.063217958894754,Saludable
2019-06-30,1112,4830.77,2529.59,0.36,3016.71,Normal,675.0,0.37,509.29,634.93,2,1463.39,82,0,282.24,2194.55,Independiente,1498.59,Vivienda,Negativo,76.7,Medio,2301.18,0,62.962305160404604,Excelente
2019-07-30,1997,4387.06,4041.03,0.07,2331.12,Normal,742.0,0.58,731.5,302.76,2,1293.74,64,0,267.76,2642.72,Salario,1651.83,Inversiones,Positivo,69.3,Bajo,346.03,0,33.84164496908192,Crítico
2019-08-29,1361,2299.83,3381.44,0.17,2504.76,Normal,740.0,0.47,508.06,742.51,7,729.88,66,0,699.82,1815.15,Salario,1349.08,Salud,Negativo,83.4,Bajo,0.0,0,39.25352088261767,Crítico
2019-09-28,1946,4335.41,3622.24,0.05,2914.92,Inflación,671.0,0.49,292.96,258.66,1,943.66,97,0,592.32,2888.68,Mixto,1696.48,Servicios,Negativo,31.1,Bajo,713.17,0,35.07114029958354,Crítico
2019-10-28,1362,4116.08,3280.24,0.08,2847.94,Recesión,657.0,0.14,325.4,612.46,3,1063.38,71,0,822.21,2047.76,Independiente,1043.64,Educacion,Positivo,53.4,Alto,835.84,0,52.92084409548902,Estable
2019-11-27,1719,3380.05,2043.2,0.21,2381.25,Normal,655.0,0.39,474.04,225.3,9,899.27,39,0,396.28,2706.53,Salario,1059.82,Vivienda,Neutral,11.2,Medio,1336.85,0,47.48658401580117,En observación
2019-12-27,1242,3475.1,3307.57,0.27,2600.36,Inflación,704.0,0.51,618.3,665.62,5,702.17,97,0,144.86,1000.0,Salario,1014.69,Ocio,Positivo,56.7,Bajo,167.53,0,50.58001570421937,En observación
2020-01-26,1958,3874.11,2638.1,0.36,2786.25,Inflación,576.0,0.57,542.03,593.88,4,392.49,37,0,779.48,2333.41,Salario,784.48,Salud,Negativo,84.1,Alto,1236.01,0,47.62408143740966,En observación
2020-02-25,1479,4511.12,4149.19,0.39,2661.05,Normal,684.0,0.14,581.61,321.99,7,789.42,53,0,586.1,2044.63,Salario,1335.47,Educacion,Positivo,95.4,Alto,361.93,0,63.242025306332074,Excelente
2020-03-26,1226,4760.28,3543.35,0.07,2947.74,Normal,632.0,0.22,111.38,686.84,2,949.81,69,0,682.25,2850.31,Salario,1535.29,Vivienda,Positivo,69.8,Bajo,1216.93,0,51.750684518613994,En observación
2020-04-25,1570,6003.35,3555.37,0.36,4262.52,Inflación,712.0,0.19,397.27,107.59,4,1168.22,91,0,342.13,2276.75,Independiente,1818.81,Transporte,Positivo,31.1,Bajo,2447.98,0,66.7113710170484,Excelente
2020-05-25,1240,6748.16,2264.1,0.13,2867.57,Normal,622.0,0.31,599.46,349.02,2,826.83,78,0,416.16,2437.41,Salario,1195.3,Educacion,Neutral,49.1,Bajo,4484.06,1,55.95875070218273,Estable
2020-06-24,1709,3590.36,3109.52,0.27,3234.53,Recesión,785.0,0.3,496.52,218.33,7,1331.47,97,0,0.0,2192.51,Salario,1275.59,Educacion,Positivo,1.9,Bajo,480.84,0,56.424937623951045,Estable
2020-07-24,1685,4044.55,2092.14,0.3,3915.19,Normal,733.0,0.28,635.06,887.61,5,1001.45,80,0,851.84,2380.43,Independiente,1406.48,Salud,Positivo,48.3,Bajo,1952.41,0,60.248902402973705,Saludable
2020-08-23,1399,3317.78,2602.6,0.2,3113.63,Normal,664.0,0.22,771.67,0.0,9,1376.96,59,1,397.4,2164.82,Salario,1824.75,Servicios,Positivo,66.1,Bajo,715.18,0,50.81727922958624,En observación
2020-09-22,1655,3829.03,3488.95,0.21,3042.72,Inflación,747.0,0.53,258.94,335.92,5,128.65,51,0,83.77,1744.86,Mixto,959.2,Inversiones,Positivo,55.9,Bajo,340.08,0,44.46564339378783,En riesgo
2020-10-22,1503,4266.37,2658.72,0.17,2807.27,Normal,656.0,0.36,550.61,514.27,6,818.65,80,0,485.97,2290.01,Salario,1194.59,Alimentacion,Positivo,77.0,Bajo,1607.65,0,50.26437024534648,En observación
2020-11-21,1111,5725.3,3630.85,0.32,1808.28,Normal,702.0,0.2,466.54,225.96,7,737.75,93,0,0.0,2267.57,Salario,762.23,Educacion,Negativo,81.1,Bajo,2094.45,1,63.741113645842105,Excelente
2020-12-21,1556,4065.92,3003.18,0.35,3100.27,Normal,683.0,0.44,338.35,372.94,5,256.55,59,0,512.45,2665.7,Salario,300.0,Otros,Positivo,80.0,Alto,1062.74,0,53.49169630664997,Estable
2021-01-20,1280,4168.25,2175.41,0.2,2758.64,Recesión,654.0,0.54,396.52,606.66,9,353.3,74,0,416.75,2300.51,Salario,1417.37,Educacion,Positivo,99.7,Bajo,1992.84,0,45.426818942638214,En riesgo
2021-02-19,1171,3353.2,2892.26,0.33,2418.31,Normal,730.0,0.43,900.04,518.33,5,105.41,81,0,305.76,1759.46,Salario,1470.17,Servicios,Positivo,16.6,Bajo,460.94,0,50.91336076466219,En observación
2021-03-21,1400,4950.54,2776.35,0.29,3313.1,Inflación,767.0,0.59,196.78,366.2,9,1376.91,91,0,558.82,2649.05,Salario,1159.22,Ocio,Positivo,45.1,Bajo,2174.19,0,50.44440612833057,En observación
2021-04-20,1725,4947.25,3407.54,0.09,2457.66,Inflación,771.0,0.45,491.53,172.2,2,1527.53,41,0,569.48,3025.66,Mixto,1167.4,Transporte,Positivo,78.9,Alto,1539.71,0,41.28153259681283,En riesgo
2021-05-20,1480,4827.87,3453.24,0.16,1983.43,Normal,636.0,0.6,771.44,435.15,8,278.03,55,0,317.74,1803.97,Salario,1576.44,Ocio,Positivo,87.6,Bajo,1374.63,0,36.42967314860285,Crítico
2021-06-19,1809,3486.31,1466.9,0.35,2722.77,Normal,694.0,0.52,410.72,631.06,5,1079.41,55,0,777.42,1644.0,Salario,1021.38,Ocio,Neutral,26.2,Bajo,2019.41,0,56.07822965028423,Estable
2021-07-19,1247,4364.97,3887.58,0.18,2965.72,Normal,705.0,0.26,360.61,214.93,7,981.77,49,0,0.0,1688.98,Salario,1332.81,Transporte,Positivo,77.0,Bajo,477.39,0,53.75298156797649,Estable
2021-08-18,1163,4006.41,2542.71,0.09,3331.33,Normal,617.0,0.27,565.96,554.22,2,939.87,62,0,373.62,3211.01,Independiente,1089.74,Vivienda,Positivo,38.3,Bajo,1463.7,0,49.49109667227169,En observación
2021-09-17,1821,3180.89,3172.94,0.15,3242.5,Normal,645.0,0.47,585.24,340.72,4,1422.93,22,0,692.93,1550.71,Salario,1377.93,Transporte,Neutral,4.6,Bajo,7.95,0,40.94241413671552,En riesgo
2021-10-17,1302,4171.22,2548.5,0.38,2874.13,Inflación,599.0,0.21,0.0,869.82,5,226.45,24,0,595.74,1633.11,Salario,646.15,Inversiones,Negativo,9.4,Medio,1622.72,0,68.54012842130085,Excelente
2021-11-16,1791,5134.13,2294.03,0.2,3252.83,Normal,680.0,0.48,1105.97,505.76,6,1068.61,45,0,607.18,2860.96,Mixto,946.33,Inversiones,Positivo,68.3,Bajo,2840.1,0,47.3802534247616,En observación
2021-12-16,1670,4570.17,3163.22,0.39,2395.65,Normal,620.0,0.47,107.82,242.79,4,43.48,50,0,532.75,1037.99,Salario,1510.66,Servicios,Positivo,65.1,Bajo,1406.95,0,56.15213373426788,Estable
2022-01-15,1415,3898.71,3861.04,0.05,3391.25,Inflación,624.0,0.2,226.0,184.07,8,1573.83,22,0,492.68,2012.61,Salario,2006.58,Salud,Positivo,11.4,Bajo,37.67,0,46.386997653111116,En riesgo
2022-02-14,1924,3878.41,2047.95,0.38,2301.7,Recesión,768.0,0.46,465.39,737.6,7,465.75,98,0,400.4,1603.36,Salario,842.51,Vivienda,Neutral,84.3,Bajo,1830.46,0,58.942701926504256,Saludable
2022-03-16,1353,4224.28,3702.41,0.33,2943.29,Normal,666.0,0.33,383.94,435.17,2,1702.58,72,0,408.52,2123.31,Independiente,1386.74,Gastos_hormiga,Positivo,47.0,Bajo,521.87,0,61.20534756203384,Saludable
2022-04-15,1117,4464.05,2124.06,0.29,2588.56,Inflación,602.0,0.6,628.37,221.61,5,187.97,93,0,313.98,2489.17,Salario,426.65,Alimentacion,Positivo,40.6,Medio,2339.99,0,46.263170864476514,En riesgo
2022-05-15,1502,4499.07,2834.68,0.07,2230.56,Recesión,691.0,0.23,179.29,188.26,9,123.89,56,0,392.34,2332.14,Salario,1581.66,Vivienda,Positivo,22.7,Bajo,1664.39,0,46.05589155101896,En riesgo
2022-06-14,1251,4082.03,2842.12,0.36,2462.47,Normal,665.0,0.42,458.68,0.0,5,1273.22,41,0,508.05,1432.87,Salario,1135.22,Ocio,Negativo,95.8,Bajo,1239.91,0,54.79601793201102,Estable
2022-07-14,1975,3506.1,1785.56,0.31,3100.33,Inflación,643.0,0.34,481.0,292.54,8,1186.76,28,0,876.53,3021.2,Salario,1451.27,Gastos_hormiga,Positivo,73.5,Bajo,1720.54,0,54.89179676847762,Estable
2022-08-13,1602,5791.8,2095.54,0.1,2531.15,Inflación,634.0,0.53,578.9,400.11,2,1295.62,46,0,500.96,1446.29,Salario,1471.42,Otros,Neutral,0.1,Bajo,3696.26,1,47.372863019661786,En observación
2022-09-12,1336,4594.62,3771.01,0.34,2378.05,Recesión,689.0,0.1,357.54,218.58,2,2152.83,29,0,689.36,2960.52,Salario,751.3,Educacion,Positivo,83.2,Bajo,823.61,0,69.03151760103019,Excelente
2022-10-12,1641,4460.61,2793.19,0.24,2424.43,Recesión,678.0,0.53,637.2,978.79,2,21.26,34,0,640.12,1509.18,Salario,685.73,Servicios,Positivo,90.0,Bajo,1667.42,0,49.31242458281419,En observación
2022-11-11,1550,2687.96,3789.69,0.2,3631.85,Normal,625.0,0.36,476.73,554.51,2,1289.46,92,0,559.46,1003.98,Salario,1134.09,Inversiones,Neutral,37.6,Alto,0.0,0,47.59827151235848,En observación
2022-12-11,1467,3904.36,3337.18,0.14,2056.6,Normal,719.0,0.39,624.27,84.94,9,1070.12,86,0,330.17,3057.79,Salario,1191.83,Otros,Positivo,14.5,Medio,567.18,0,40.96462930084178,En riesgo
2023-01-10,1834,4357.92,3324.14,0.32,2326.49,Inflación,692.0,0.22,772.48,88.59,3,1359.23,23,0,518.99,1840.62,Salario,1483.76,Inversiones,Negativo,26.0,Medio,1033.78,0,57.34074115509992,Saludable
2023-02-09,1296,3498.12,2721.36,0.16,3446.86,Recesión,745.0,0.44,793.11,424.08,5,975.63,86,0,641.96,2528.08,Salario,1303.82,Gastos_hormiga,Positivo,63.1,Bajo,776.76,0,42.15269626017995,En riesgo
2023-03-11,1677,4557.22,3593.32,0.26,2136.21,Normal,670.0,0.4,505.12,594.26,2,241.06,45,0,734.9,2254.72,Independiente,300.0,Alimentacion,Neutral,74.2,Medio,963.9,0,49.465337648272794,En observación
2023-04-10,1496,5531.43,2702.48,0.11,3592.07,Normal,687.0,0.3,662.43,437.28,4,1162.21,84,0,387.42,3190.88,Salario,1712.22,Vivienda,Positivo,89.6,Medio,2828.95,0,50.52391494015563,En observación
2023-05-10,1058,4337.74,3579.39,0.12,2480.08,Normal,629.0,0.13,455.88,558.82,5,1419.74,96,0,662.51,1886.22,Independiente,1750.57,Salud,Negativo,98.1,Bajo,758.35,0,53.29304590743181,Estable
2023-06-09,1140,5821.89,1317.78,0.4,2351.54,Inflación,667.0,0.55,283.45,368.32,3,640.04,96,0,486.38,2117.72,Salario,1848.54,Inversiones,Positivo,56.1,Alto,4504.11,1,61.578848309550544,Saludable
2023-07-09,1353,4405.97,3392.62,0.15,2937.88,Normal,677.0,0.55,608.56,277.5,5,512.58,33,0,682.62,2173.57,Mixto,1028.87,Vivienda,Positivo,47.0,Medio,1013.35,0,37.7650135055151,Crítico
2023-08-08,1798,3650.9,3311.91,0.07,2036.34,Normal,727.0,0.59,691.54,809.59,2,548.06,87,0,635.1,2353.47,Mixto,2056.85,Otros,Neutral,54.7,Bajo,338.99,0,32.196220413132274,Crítico
2023-09-07,1224,3373.4,3374.24,0.37,2677.72,Normal,756.0,0.38,475.08,230.82,3,2019.37,94,0,1030.86,1905.18,Salario,876.46,Alimentacion,Neutral,90.2,Alto,0.0,0,55.770124724479444,Estable
2023-10-07,1583,3661.73,2472.35,0.31,3060.18,Normal,664.0,0.54,635.0,294.96,1,1219.51,86,0,278.5,2474.15,Salario,636.09,Salud,Neutral,19.9,Bajo,1189.38,0,50.89409087746313,En observación
2023-11-06,1834,3284.41,2811.95,0.17,2479.68,Normal,609.0,0.27,347.2,207.8,2,1442.11,89,0,606.5,1970.58,Salario,1292.2,Alimentacion,Neutral,12.0,Bajo,472.46,0,51.91656090644014,En observación
2019-01-01,1235,2400.4,1700.57,0.27,3172.36,Normal,599.0,0.42,479.42,248.1,4,309.59,48,0,76.45,2245.34,Salario,787.57,Servicios,Neutral,2.6,Medio,699.83,0,49.066268698293754,En observación
2019-01-31,1923,5153.27,3231.29,0.38,2391.14,Normal,663.0,0.36,689.43,791.17,6,1456.19,39,0,298.44,1342.62,Salario,640.91,Educacion,Positivo,82.7,Bajo,1921.98,0,66.45780388359955,Excelente
2019-03-02,1371,3598.81,2170.71,0.32,3540.89,Normal,634.0,0.17,193.44,243.45,3,1459.11,45,0,661.59,2832.13,Salario,673.24,Transporte,Positivo,36.7,Bajo,1428.1,0,65.86359172975116,Excelente
2019-04-01,1733,6108.45,2366.21,0.16,2579.08,Recesión,707.0,0.11,475.88,325.84,8,521.19,58,0,662.9,2904.61,Salario,1369.92,Ocio,Neutral,79.0,Medio,3742.24,1,58.81037274391362,Saludable
2019-05-01,1220,5941.69,2357.02,0.13,3184.69,Normal,736.0,0.43,339.69,124.97,4,915.45,32,0,765.73,2208.88,Salario,1749.7,Gastos_hormiga,Neutral,81.8,Bajo,3584.67,1,48.15242549743616,En observación
2019-05-31,1512,6568.53,3630.21,0.22,2822.82,Normal,724.0,0.45,634.16,439.86,1,1098.11,38,0,727.24,3002.07,Salario,1249.93,Gastos_hormiga,Positivo,48.7,Medio,2938.32,1,51.84687685199355,En observación
2019-06-30,1070,5075.63,1684.02,0.31,3846.76,Normal,700.0,0.41,382.81,194.9,2,723.72,25,0,744.47,1694.69,Salario,1255.78,Servicios,Positivo,41.8,Medio,3391.61,0,57.823435911294844,Saludable
2019-07-30,1627,3542.86,2872.43,0.08,1539.01,Normal,689.0,0.49,206.75,355.32,2,686.12,35,0,321.89,3259.13,Salario,482.93,Educacion,Negativo,64.3,Medio,670.43,0,37.36839523049113,Crítico
2019-08-29,1856,3839.81,3850.24,0.39,3066.87,Recesión,738.0,0.37,36.38,269.63,2,1677.24,89,0,434.05,1000.0,Salario,1415.55,Gastos_hormiga,Neutral,24.5,Alto,0.0,0,61.52125127022726,Saludable
2019-09-28,1048,3642.81,2100.88,0.2,2936.39,Normal,650.0,0.55,527.31,376.91,1,498.42,38,0,843.03,2424.02,Salario,1045.58,Alimentacion,Neutral,47.5,Bajo,1541.93,0,41.74251678500251,En riesgo
2019-10-28,1939,3051.32,1429.9,0.16,3323.75,Normal,652.0,0.21,844.54,674.72,3,1551.25,38,0,601.41,2366.74,Salario,1042.6,Vivienda,Positivo,89.9,Alto,1621.42,0,55.74746847325688,Estable
2019-11-27,1349,4959.68,3802.55,0.07,2342.41,Normal,696.0,0.33,1020.47,492.43,1,1189.52,65,0,449.1,1872.0,Independiente,1513.29,Alimentacion,Positivo,96.1,Medio,1157.13,0,43.634890347351835,En riesgo
2019-12-27,1144,5209.06,2367.65,0.16,3119.57,Recesión,672.0,0.57,757.5,403.08,1,0.0,48,0,459.2,2119.27,Salario,1511.43,Educacion,Positivo,63.0,Bajo,2841.41,0,41.61252331941671,En riesgo
2020-01-26,1182,3503.81,2708.25,0.24,2741.25,Normal,782.0,0.5,508.9,78.58,4,590.89,87,0,386.19,2282.18,Salario,1514.94,Salud,Positivo,74.9,Bajo,795.56,0,44.31435391671455,En riesgo
2020-02-25,1790,3236.55,1999.26,0.06,2890.69,Normal,738.0,0.51,408.68,269.96,3,709.63,48,0,906.36,1825.72,Independiente,1257.6,Educacion,Positivo,90.0,Bajo,1237.29,0,36.318666346932,Crítico
2020-03-26,1714,4685.03,2951.98,0.09,1814.53,Inflación,729.0,0.6,582.24,541.42,6,690.53,41,0,743.8,2361.16,Salario,1086.03,Servicios,Positivo,83.3,Medio,1733.05,0,34.63042440711888,Crítico
2020-04-25,1176,5323.58,4325.15,0.31,2673.2,Normal,679.0,0.5,678.56,524.21,8,80.93,99,1,639.84,2987.39,Salario,678.98,Educacion,Positivo,98.2,Bajo,998.43,0,45.87487047849179,En riesgo
2020-05-25,1858,3967.93,3930.95,0.33,3717.77,Normal,703.0,0.22,433.48,533.5,8,1197.12,38,0,933.12,2354.67,Independiente,1624.31,Servicios,Negativo,19.8,Medio,36.98,0,55.185706551354,Estable
2020-06-24,1154,4587.59,3315.82,0.27,2841.99,Normal,615.0,0.19,786.35,703.23,1,630.76,70,0,11.55,2305.5,Mixto,794.47,Gastos_hormiga,Neutral,79.7,Medio,1271.77,0,62.41938618066935,Saludable
2020-07-24,1977,3416.77,1657.71,0.39,2732.74,Recesión,646.0,0.44,683.93,355.08,2,981.95,59,0,514.99,1696.89,Salario,776.69,Inversiones,Positivo,55.2,Medio,1759.06,0,59.60988274890597,Saludable
2020-08-23,1334,1244.83,2212.0,0.35,2508.27,Inflación,682.0,0.36,426.04,399.7,5,876.12,61,0,648.84,2020.35,Salario,1114.76,Educacion,Negativo,69.9,Alto,0.0,0,51.00039958460583,En observación
2020-09-22,1115,4251.65,2278.15,0.34,2934.39,Inflación,652.0,0.41,225.67,159.53,2,999.14,69,0,300.99,2528.86,Salario,1278.13,Servicios,Positivo,89.6,Bajo,1973.5,0,59.51222379341944,Saludable
2020-10-22,1045,3951.81,3257.29,0.36,1788.06,Normal,708.0,0.41,393.0,67.54,7,1100.02,71,0,293.5,2767.74,Salario,867.53,Transporte,Positivo,13.0,Alto,694.52,0,53.67489460510998,Estable
2020-11-21,1085,2735.13,3130.58,0.13,3899.79,Recesión,740.0,0.15,364.5,407.41,5,621.56,54,0,528.33,1035.48,Salario,1278.11,Otros,Positivo,88.0,Medio,0.0,0,50.81038046160122,En observación
2020-12-21,1802,5106.27,1807.26,0.17,3833.62,Normal,679.0,0.14,831.4,726.62,7,1277.37,88,0,284.45,2085.65,Salario,951.69,Vivienda,Negativo,90.7,Alto,3299.01,0,61.00745198484762,Saludable
2021-01-20,1215,2131.01,2020.26,0.38,2514.53,Normal,647.0,0.53,256.46,41.67,2,1685.92,39,0,718.85,2449.94,Salario,1547.39,Gastos_hormiga,Positivo,90.4,Medio,110.75,0,51.54677808991002,En observación
2021-02-19,1173,4643.6,2515.23,0.34,3965.35,Recesión,649.0,0.29,549.16,44.41,8,1070.01,22,0,505.47,1705.18,Salario,1359.35,Ocio,Positivo,9.5,Alto,2128.37,0,58.68941671678437,Saludable
2021-03-21,1334,1967.29,4420.19,0.3,2976.92,Inflación,614.0,0.52,213.07,540.19,5,1104.52,36,0,376.7,2463.5,Salario,853.17,Servicios,Positivo,21.1,Bajo,0.0,0,46.37952444260619,En riesgo
2021-04-20,1198,3363.76,3213.84,0.26,2592.7,Normal,649.0,0.49,543.25,220.61,2,1741.18,89,0,414.45,3281.33,Salario,882.74,Gastos_hormiga,Negativo,85.2,Bajo,149.92,0,46.52073833545508,En riesgo
2021-05-20,1914,5544.6,3234.95,0.28,2594.4,Normal,694.0,0.22,177.33,246.07,8,1259.34,40,0,170.47,1000.0,Independiente,1228.11,Transporte,Negativo,7.7,Alto,2309.65,0,62.32178963783409,Saludable
2021-06-19,1158,3367.43,2730.8,0.2,3056.91,Normal,684.0,0.23,271.27,303.36,5,1314.25,35,0,574.79,2215.08,Mixto,1051.34,Otros,Negativo,42.8,Alto,636.63,0,52.94355727436438,Estable
2021-07-19,1743,4724.07,2816.32,0.36,2871.98,Normal,707.0,0.43,338.6,295.61,8,1255.05,99,0,479.04,2639.03,Salario,1284.38,Vivienda,Positivo,62.8,Medio,1907.75,0,57.51927124432527,Saludable
2021-08-18,1205,1748.43,3125.37,0.27,2301.86,Normal,607.0,0.26,483.25,872.87,6,712.72,21,0,609.9,2562.16,Salario,1358.62,Servicios,Negativo,22.6,Alto,0.0,0,51.11486251610151,En observación
2021-09-17,1970,4403.25,3628.64,0.07,3384.63,Normal,571.0,0.31,371.07,761.04,4,1357.22,78,0,97.24,2064.08,Salario,1415.28,Salud,Positivo,45.6,Bajo,774.61,0,50.864065466316035,En observación
2021-10-17,1353,2997.58,3846.24,0.2,2829.67,Inflación,700.0,0.33,555.05,681.13,6,1042.85,35,0,591.4,2536.34,Salario,939.69,Inversiones,Positivo,23.1,Bajo,0.0,0,48.774400927338256,En observación
2021-11-16,1501,3893.02,3806.73,0.1,1665.95,Inflación,718.0,0.14,763.87,756.29,7,1362.25,36,0,489.95,2046.04,Salario,630.11,Servicios,Positivo,12.2,Alto,86.29,0,52.047782029334556,En observación
2021-12-16,1701,4641.31,3614.52,0.3,1501.54,Inflación,668.0,0.18,959.17,673.59,8,1289.37,43,0,686.51,2691.27,Salario,1663.28,Otros,Positivo,88.9,Bajo,1026.79,0,58.46195688672466,Saludable
2022-01-15,1844,5336.88,2202.31,0.18,2721.06,Inflación,616.0,0.18,544.68,55.79,9,1314.49,75,0,604.45,2840.97,Salario,1199.81,Salud,Positivo,50.6,Bajo,3134.57,1,58.80054023561104,Saludable
2022-02-14,1964,4736.52,2417.53,0.07,2122.13,Normal,608.0,0.55,931.82,657.29,7,1704.18,41,0,481.38,2958.11,Salario,1406.13,Educacion,Neutral,2.3,Medio,2318.99,1,39.840626004263676,Crítico
2022-03-16,1692,5223.8,3800.74,0.26,3225.8,Normal,705.0,0.38,550.16,421.83,6,874.04,47,0,533.73,1000.0,Mixto,1831.74,Inversiones,Positivo,42.0,Bajo,1423.06,0,53.802446657793595,Estable
2022-04-15,1977,5355.45,3311.72,0.16,1852.48,Normal,673.0,0.51,551.56,330.08,6,740.2,87,0,262.87,1913.16,Salario,1551.97,Gastos_hormiga,Positivo,60.5,Bajo,2043.73,1,45.2859636996824,En riesgo
2022-05-15,1179,3052.14,2586.62,0.2,2530.32,Inflación,709.0,0.36,405.98,85.53,6,837.85,41,0,598.99,2131.42,Independiente,1220.86,Gastos_hormiga,Positivo,31.9,Bajo,465.52,0,46.91475668893073,En observación
2022-06-14,1019,4741.53,1856.36,0.2,3381.87,Recesión,702.0,0.4,329.26,593.16,1,839.81,81,0,472.39,1894.11,Salario,733.9,Inversiones,Negativo,53.0,Bajo,2885.17,0,55.156853885864216,Estable
2022-07-14,1202,5149.06,2468.15,0.29,3702.48,Normal,642.0,0.22,194.01,572.51,3,1474.59,66,0,599.06,2590.47,Mixto,770.55,Ocio,Neutral,62.8,Medio,2680.91,0,66.82920605027496,Excelente
2022-08-13,1474,4056.19,3141.52,0.35,2682.86,Normal,711.0,0.34,492.86,463.65,4,1560.78,28,0,645.66,2701.24,Independiente,1033.96,Alimentacion,Positivo,36.9,Bajo,914.67,0,60.22769067900807,Saludable
2022-09-12,1965,4811.4,3982.71,0.19,2707.33,Normal,605.0,0.39,537.06,337.75,8,1764.95,94,0,253.62,2071.88,Mixto,1122.9,Salud,Positivo,77.3,Bajo,828.69,0,50.85783719964933,En observación
2022-10-12,1314,4734.04,3175.1,0.2,3004.97,Normal,582.0,0.47,522.23,156.51,5,673.57,56,0,513.04,1000.0,Salario,980.23,Servicios,Positivo,47.7,Medio,1558.94,0,46.56422817629883,En riesgo
2022-11-11,1723,3402.86,4083.54,0.11,2831.13,Inflación,700.0,0.27,793.68,885.55,3,1054.61,70,0,512.2,1548.21,Salario,1440.2,Alimentacion,Positivo,11.5,Bajo,0.0,0,48.41741948893243,En observación
2022-12-11,1919,3638.69,2319.25,0.29,2692.62,Inflación,683.0,0.21,537.68,418.74,9,1232.7,28,0,331.36,2878.0,Salario,1168.37,Alimentacion,Positivo,23.2,Alto,1319.44,0,60.27978406207642,Saludable
2023-01-10,1228,5214.48,2769.89,0.15,2702.97,Normal,689.0,0.24,651.11,173.09,8,1542.01,53,0,361.45,2010.9,Salario,890.51,Servicios,Positivo,89.2,Bajo,2444.59,0,55.14762372481744,Estable
2023-02-09,1488,4522.94,3201.18,0.34,2109.84,Normal,716.0,0.57,726.36,393.16,7,1469.32,33,0,612.7,1953.95,Salario,1226.24,Alimentacion,Positivo,58.6,Bajo,1321.76,0,49.88046106349062,En observación
2023-03-11,1274,4340.96,1998.13,0.08,2824.47,Normal,681.0,0.53,826.33,261.96,3,899.64,27,0,644.42,3165.29,Independiente,1892.79,Gastos_hormiga,Negativo,66.8,Alto,2342.83,0,33.38166334263849,Crítico
2023-04-10,1399,5291.55,2355.52,0.33,3047.1,Normal,706.0,0.28,629.08,209.67,6,1666.57,30,0,756.81,2911.65,Salario,1581.18,Salud,Positivo,86.6,Bajo,2936.03,0,61.90558607318796,Saludable
2023-05-10,1448,4736.65,2455.46,0.2,3009.34,Normal,712.0,0.18,380.85,454.5,4,1390.19,95,0,529.9,2950.98,Salario,1650.98,Salud,Positivo,8.5,Medio,2281.19,0,60.39991484301823,Saludable
2023-06-09,1756,6148.28,3945.64,0.26,3289.0,Normal,761.0,0.36,695.02,373.6,7,1334.54,53,0,459.14,2733.34,Independiente,971.39,Inversiones,Neutral,35.5,Bajo,2202.64,0,53.80162781419596,Estable
2023-07-09,1659,4462.55,4639.18,0.1,2682.7,Normal,680.0,0.22,689.91,0.0,2,913.65,32,0,301.58,3260.77,Salario,1265.32,Otros,Neutral,15.6,Bajo,0.0,0,43.24610513325371,En riesgo
2023-08-08,1683,2970.75,2041.94,0.33,1940.09,Recesión,619.0,0.44,577.04,363.51,7,731.09,50,0,338.43,1324.33,Salario,1263.22,Transporte,Positivo,84.7,Bajo,928.81,0,54.2735556891738,Estable
2023-09-07,1025,4736.89,4031.38,0.17,2267.59,Normal,732.0,0.57,546.05,487.96,6,438.51,36,0,421.71,3366.02,Salario,1483.22,Gastos_hormiga,Positivo,31.0,Bajo,705.51,0,36.99303264132233,Crítico
2023-10-07,1514,4197.9,2379.33,0.19,2995.86,Inflación,657.0,0.31,735.43,222.66,1,1026.72,54,0,552.89,2730.31,Mixto,1060.23,Alimentacion,Positivo,92.3,Medio,1818.57,0,51.73931775196742,En observación
2023-11-06,1259,4053.15,2630.87,0.37,3306.3,Normal,686.0,0.32,376.17,50.44,9,1663.81,85,0,612.62,2412.82,Salario,1050.02,Transporte,Negativo,47.1,Bajo,1422.28,0,58.56776828591777,Saludable
2019-01-01,1065,4716.88,1939.61,0.32,2532.38,Recesión,614.0,0.23,739.9,406.37,6,1147.64,83,0,603.27,2407.03,Independiente,1415.09,Otros,Positivo,73.8,Bajo,2777.27,1,65.09267814542235,Excelente
2019-01-31,1802,1913.61,2501.29,0.31,2154.94,Normal,763.0,0.55,538.39,276.41,1,230.62,50,0,409.38,2721.97,Salario,1835.18,Vivienda,Positivo,28.6,Bajo,0.0,0,43.12006973467023,En riesgo
2019-03-02,1098,4662.97,3417.66,0.08,3560.39,Normal,732.0,0.25,744.83,576.0,4,438.31,69,0,338.79,2004.38,Mixto,982.79,Transporte,Positivo,31.4,Medio,1245.31,0,47.93002071943322,En observación
2019-04-01,1535,2366.06,3126.68,0.14,2052.41,Normal,655.0,0.18,550.22,427.83,7,1673.15,78,0,980.53,2688.2,Salario,669.75,Vivienda,Positivo,76.9,Medio,0.0,0,49.9979555929548,En observación
2019-05-01,1714,3493.46,1900.88,0.25,3496.57,Recesión,673.0,0.57,874.23,822.52,8,824.87,44,0,145.02,2374.61,Salario,799.9,Vivienda,Negativo,71.2,Bajo,1592.58,0,45.80503019909316,En riesgo
2019-05-31,1398,3385.86,3183.63,0.19,3148.88,Normal,681.0,0.39,365.82,184.79,5,649.75,29,0,383.86,2559.81,Salario,1401.25,Servicios,Positivo,25.4,Medio,202.23,0,44.53330817274238,En riesgo
2019-06-30,1970,3126.67,3495.54,0.24,2871.7,Inflación,696.0,0.46,756.21,284.29,8,1478.9,31,0,627.1,2897.38,Salario,690.46,Salud,Positivo,56.1,Medio,0.0,0,43.56896819474213,En riesgo
2019-07-30,1198,3713.23,2825.5,0.23,3133.33,Recesión,699.0,0.56,337.9,113.5,8,1626.79,63,0,460.15,2712.54,Salario,517.21,Ocio,Positivo,14.0,Bajo,887.73,0,45.26582875587161,En riesgo
2019-08-29,1529,5363.63,3374.67,0.07,2877.08,Normal,689.0,0.37,730.61,48.38,8,604.51,21,0,557.0,2468.79,Independiente,1399.46,Transporte,Positivo,43.4,Bajo,1988.96,0,38.98659771702418,Crítico
2019-09-28,1122,5339.91,4261.75,0.25,2114.91,Normal,635.0,0.32,639.38,327.54,7,1435.96,90,0,424.66,3797.5,Independiente,1461.61,Alimentacion,Positivo,90.3,Bajo,1078.16,0,51.06529677651099,En observación
2019-10-28,1204,3751.46,3980.38,0.28,3905.73,Normal,686.0,0.33,958.87,318.98,7,2199.26,36,0,571.15,2152.58,Salario,731.48,Otros,Negativo,90.0,Bajo,0.0,0,50.96338680131017,En observación
2019-11-27,1991,3777.55,2864.03,0.06,3206.0,Inflación,672.0,0.55,417.88,771.31,9,813.97,88,0,375.95,3620.2,Salario,1441.06,Salud,Neutral,12.0,Bajo,913.52,0,34.83410441538103,Crítico
2019-12-27,1568,3377.81,2269.94,0.39,2407.85,Normal,691.0,0.13,290.4,446.36,7,842.38,49,0,164.67,3227.58,Salario,1354.04,Servicios,Positivo,35.3,Bajo,1107.87,0,69.69368081073192,Excelente
2020-01-26,1288,4198.06,3631.02,0.09,2389.09,Inflación,662.0,0.16,165.72,722.5,1,585.57,31,0,778.69,2816.41,Salario,984.92,Gastos_hormiga,Negativo,22.3,Medio,567.04,0,50.18903508288006,En observación
2020-02-25,1554,4263.07,2589.71,0.11,2880.11,Normal,699.0,0.34,528.94,463.76,8,530.99,89,0,223.14,1821.92,Mixto,1130.86,Transporte,Positivo,74.1,Bajo,1673.36,0,48.52559487906993,En observación
2020-03-26,1510,4561.17,3149.25,0.38,3389.86,Normal,672.0,0.46,286.31,220.48,2,1523.43,62,0,586.84,3344.51,Salario,660.57,Educacion,Negativo,84.7,Medio,1411.92,0,55.82392835627152,Estable
2020-04-25,1966,3475.29,3536.74,0.05,2613.46,Inflación,786.0,0.57,734.61,0.0,2,783.53,95,0,821.66,2274.12,Salario,789.9,Alimentacion,Positivo,38.7,Medio,0.0,0,28.17875075570231,Crítico
2020-05-25,1973,5243.49,3053.65,0.39,2875.91,Normal,687.0,0.45,682.81,435.91,4,288.9,96,0,483.98,1467.65,Salario,1602.31,Educacion,Neutral,84.1,Medio,2189.84,0,55.775269612007165,Estable
2020-06-24,1580,4659.76,3162.29,0.12,1787.0,Normal,614.0,0.51,419.61,249.97,2,2585.36,20,0,350.43,2249.99,Mixto,1093.07,Educacion,Positivo,89.1,Alto,1497.47,0,46.26233055768974,En riesgo
2020-07-24,1894,4149.28,3650.56,0.22,2296.33,Normal,707.0,0.16,799.45,585.32,9,1436.62,89,0,499.07,1960.73,Salario,1245.96,Salud,Neutral,9.9,Bajo,498.72,0,56.637540815754754,Estable
2020-08-23,1023,4894.23,2102.93,0.19,4137.33,Normal,668.0,0.11,772.32,252.11,7,1814.43,60,0,652.42,1384.22,Salario,1204.4,Vivienda,Positivo,47.4,Bajo,2791.3,0,62.56941728573129,Excelente
2020-09-22,1563,4467.85,3495.78,0.24,2684.26,Normal,602.0,0.27,607.77,707.03,1,846.05,99,0,490.12,1907.68,Mixto,1571.64,Ocio,Positivo,7.9,Bajo,972.07,0,57.74455498421748,Saludable
2020-10-22,1649,5628.2,3138.22,0.12,2629.63,Normal,652.0,0.37,494.45,104.85,3,961.68,30,0,195.16,2614.26,Mixto,1279.94,Otros,Neutral,80.5,Bajo,2489.98,0,47.16748264199687,En observación
2020-11-21,1827,4809.73,2759.85,0.2,1845.43,Recesión,729.0,0.28,80.54,478.65,6,1156.02,56,0,630.28,3421.58,Salario,1235.91,Gastos_hormiga,Positivo,74.3,Medio,2049.88,1,57.09441680162023,Estable
2020-12-21,1635,2330.7,3520.19,0.31,2233.94,Recesión,679.0,0.3,462.89,107.15,8,1328.5,79,0,418.68,3027.58,Independiente,1330.0,Servicios,Positivo,26.3,Alto,0.0,0,51.08573919386509,En observación
2021-01-20,1578,3615.39,2572.65,0.09,2324.56,Recesión,689.0,0.17,522.41,737.38,5,1089.88,54,0,146.75,1704.72,Salario,2340.69,Salud,Positivo,57.8,Bajo,1042.74,0,54.98325724181336,Estable
2021-02-19,1216,3270.71,1664.66,0.21,2844.21,Recesión,636.0,0.29,538.49,445.29,8,793.09,50,0,570.46,2114.13,Salario,1961.73,Servicios,Neutral,54.5,Bajo,1606.05,0,51.6871261664175,En observación
2021-03-21,1505,3194.13,2422.39,0.36,2661.82,Normal,631.0,0.47,711.23,245.59,4,931.34,70,0,445.98,3092.43,Salario,982.03,Salud,Positivo,1.1,Bajo,771.74,0,52.0187746355892,En observación
2021-04-20,1243,3381.03,1078.69,0.33,3309.37,Normal,622.0,0.39,589.76,697.88,5,1150.27,45,0,510.56,1817.64,Salario,763.13,Inversiones,Positivo,95.8,Medio,2302.34,0,61.32391544818864,Saludable
2021-05-20,1082,2672.62,2790.32,0.37,2300.87,Inflación,649.0,0.28,694.19,0.0,4,59.57,71,0,579.22,1276.35,Salario,813.88,Otros,Positivo,28.0,Bajo,0.0,0,55.3371888163188,Estable
2021-06-19,1738,3378.97,2155.12,0.11,1781.78,Inflación,618.0,0.37,74.03,736.44,4,1320.48,77,0,375.98,2196.67,Independiente,713.05,Ocio,Positivo,98.3,Bajo,1223.85,0,52.45965123583694,Estable
2021-07-19,1458,1824.81,3444.88,0.19,2481.8,Normal,659.0,0.49,575.36,591.95,9,988.74,86,0,93.3,2337.57,Salario,1193.08,Salud,Neutral,59.0,Medio,0.0,0,40.25495825216491,En riesgo
2021-08-18,1013,4507.73,1978.96,0.17,2710.3,Normal,701.0,0.4,428.49,403.48,3,910.89,37,0,302.85,2078.15,Independiente,623.09,Transporte,Positivo,7.3,Medio,2528.77,0,52.802184213083116,Estable
2021-09-17,1573,4829.08,3534.87,0.2,2578.3,Normal,704.0,0.37,516.67,308.19,8,625.5,76,0,500.92,2987.57,Salario,1747.6,Gastos_hormiga,Positivo,92.0,Bajo,1294.21,0,46.24896261496208,En riesgo
2021-10-17,1417,4034.1,2383.82,0.36,2916.37,Recesión,774.0,0.14,400.84,231.11,7,1005.34,88,0,396.71,1948.51,Salario,763.91,Vivienda,Positivo,45.9,Bajo,1650.28,0,68.76303757597572,Excelente
2021-11-16,1106,4463.04,4826.88,0.1,3272.08,Normal,693.0,0.27,927.7,513.25,3,1409.3,37,0,219.93,1539.67,Salario,732.21,Alimentacion,Neutral,26.6,Alto,0.0,0,46.53465277595496,En riesgo
2021-12-16,1823,3834.31,2677.87,0.39,2859.29,Normal,689.0,0.17,528.67,496.63,2,1267.03,24,0,470.94,1928.98,Salario,1252.35,Otros,Positivo,96.0,Medio,1156.44,0,69.69914051092877,Excelente
2022-01-15,1780,4351.44,3157.5,0.37,1632.69,Normal,627.0,0.46,846.5,0.0,8,640.74,33,0,666.32,3328.91,Salario,311.86,Otros,Negativo,86.4,Medio,1193.94,0,45.657153400721874,En riesgo
2022-02-14,1047,4356.51,3613.41,0.38,2880.88,Inflación,704.0,0.36,668.37,688.19,3,519.78,55,0,593.81,1245.93,Salario,1270.69,Otros,Negativo,12.7,Bajo,743.1,0,58.04970626981291,Saludable
2022-03-16,1426,2608.4,3356.88,0.33,1956.45,Recesión,680.0,0.48,573.49,297.97,3,1138.62,37,0,251.74,2403.73,Salario,760.39,Transporte,Neutral,93.9,Bajo,0.0,0,50.16743058082225,En observación
2022-04-15,1959,5249.07,3704.76,0.22,2202.8,Normal,718.0,0.23,122.03,260.63,4,1304.61,68,0,515.11,2478.86,Salario,727.35,Alimentacion,Neutral,91.7,Bajo,1544.31,0,57.96442919041604,Saludable
2022-05-15,1017,2867.05,1458.15,0.15,2886.58,Normal,746.0,0.36,881.78,249.87,4,1684.49,60,0,411.2,2178.48,Mixto,659.55,Servicios,Positivo,27.2,Alto,1408.9,0,48.79831247374807,En observación
2022-06-14,1089,3070.6,1927.12,0.34,2938.17,Normal,713.0,0.38,734.5,0.0,4,1193.8,55,0,675.76,1645.61,Salario,1399.4,Servicios,Neutral,42.4,Medio,1143.48,0,52.75225629530403,Estable
2022-07-14,1566,3684.26,4741.72,0.2,1949.74,Normal,673.0,0.3,146.32,94.38,9,843.4,60,0,498.44,2632.08,Salario,933.22,Inversiones,Positivo,56.5,Bajo,0.0,0,46.57762643337385,En riesgo
2022-08-13,1655,4411.69,2921.08,0.39,2702.22,Inflación,629.0,0.42,800.1,391.09,3,1538.68,24,0,346.55,2361.76,Salario,1306.63,Alimentacion,Positivo,98.9,Alto,1490.61,0,59.25149585522452,Saludable
2022-09-12,1472,4295.61,3373.02,0.16,3986.5,Recesión,716.0,0.39,773.56,0.0,7,1332.02,59,0,358.32,2212.73,Salario,1051.85,Educacion,Negativo,71.1,Medio,922.59,0,41.45101077753437,En riesgo
2022-10-12,1312,4059.88,4273.15,0.06,2692.4,Normal,638.0,0.35,656.68,297.14,1,613.68,81,0,606.31,1428.63,Salario,1022.24,Ocio,Neutral,71.0,Alto,0.0,0,38.330159110171074,Crítico
2022-11-11,1034,3911.2,3136.87,0.36,3648.78,Inflación,624.0,0.16,347.2,275.6,6,1160.4,29,0,562.36,1748.16,Salario,2108.19,Salud,Neutral,6.0,Bajo,774.33,0,63.33530667480872,Excelente
2022-12-11,1437,4735.2,4510.77,0.2,2734.84,Recesión,746.0,0.35,675.37,846.17,4,796.87,74,0,302.43,3122.57,Salario,1542.74,Ocio,Positivo,8.9,Bajo,224.43,0,49.661394892032725,En observación
2023-01-10,1127,5027.58,3752.07,0.33,3211.06,Normal,680.0,0.45,332.74,438.56,4,959.24,84,0,647.67,1632.29,Independiente,1374.14,Inversiones,Negativo,27.5,Bajo,1275.51,0,53.55819212747456,Estable
2023-02-09,1465,4164.6,3162.5,0.27,1969.59,Normal,771.0,0.56,407.26,578.75,2,349.99,68,0,377.36,3212.89,Salario,367.31,Servicios,Negativo,50.6,Bajo,1002.1,0,45.14968600665131,En riesgo
2023-03-11,1665,5103.05,2589.94,0.29,2987.13,Normal,718.0,0.19,384.96,117.39,2,1936.57,75,0,683.37,2902.72,Independiente,1190.71,Ocio,Neutral,80.2,Medio,2513.11,0,63.810505895076275,Excelente
2023-04-10,1009,4699.14,3197.81,0.28,3340.53,Inflación,652.0,0.18,593.01,390.47,3,1200.31,77,0,6.65,2402.66,Mixto,1345.41,Alimentacion,Positivo,89.3,Bajo,1501.33,0,64.75838068487916,Excelente
2023-05-10,1507,4737.21,4143.0,0.06,3069.22,Inflación,758.0,0.59,39.08,837.0,5,530.18,71,1,587.47,2665.13,Mixto,1051.04,Gastos_hormiga,Positivo,81.6,Bajo,594.21,0,37.28926044564879,Crítico
2023-06-09,1639,2916.65,2782.99,0.09,3034.0,Normal,633.0,0.56,292.5,479.27,2,1296.35,23,0,242.31,2895.38,Salario,1054.44,Vivienda,Neutral,92.2,Bajo,133.66,0,38.22679611047474,Crítico
2023-07-09,1793,6342.43,1223.08,0.37,3950.61,Normal,610.0,0.48,1.42,112.71,4,1107.9,53,0,616.54,2704.38,Salario,1355.08,Gastos_hormiga,Positivo,99.5,Alto,5119.35,1,65.40353923252127,Excelente
2023-08-08,1819,4214.54,4802.08,0.08,2808.24,Inflación,747.0,0.45,491.23,293.27,7,394.34,61,0,586.9,1809.31,Salario,1376.76,Ocio,Positivo,67.8,Bajo,0.0,0,34.89504178857442,Crítico
2023-09-07,1639,5908.32,2688.55,0.32,3037.53,Recesión,645.0,0.12,492.64,357.58,2,976.7,30,0,259.21,1954.44,Salario,1322.88,Vivienda,Neutral,96.5,Bajo,3219.77,1,72.51000852988204,Excelente
2023-10-07,1728,3257.15,3760.08,0.31,3867.5,Normal,727.0,0.4,0.0,83.95,4,1661.76,70,0,246.4,1222.91,Independiente,747.08,Servicios,Positivo,96.3,Bajo,0.0,0,56.30009564530934,Estable
2023-11-06,1777,2370.23,2163.91,0.09,3943.01,Normal,668.0,0.3,0.0,594.87,2,1146.28,56,0,683.55,1742.87,Mixto,968.74,Gastos_hormiga,Neutral,2.7,Bajo,206.32,0,48.382076198399446,En observación
2019-01-01,1997,4077.03,2092.29,0.32,3866.26,Normal,598.0,0.52,851.89,34.88,1,1514.95,28,0,610.22,2537.79,Independiente,1219.77,Salud,Neutral,46.6,Medio,1984.74,0,48.56069782481393,En observación
2019-01-31,1689,3097.89,3115.16,0.24,2274.36,Normal,754.0,0.34,799.66,644.77,4,1540.51,98,0,831.96,1000.0,Mixto,1360.87,Transporte,Negativo,16.0,Bajo,0.0,0,51.44537245755649,En observación
2019-03-02,1795,3643.19,2620.77,0.36,3156.53,Normal,662.0,0.45,355.39,302.54,2,1024.65,31,0,369.29,2810.98,Salario,1314.64,Otros,Positivo,88.1,Bajo,1022.42,0,56.15079388717827,Estable
2019-04-01,1696,3795.48,3221.45,0.39,3042.96,Normal,698.0,0.18,331.65,592.86,2,0.0,56,0,302.12,2396.24,Salario,1583.57,Transporte,Positivo,59.2,Alto,574.03,0,64.68714915957815,Excelente
2019-05-01,1880,3468.99,4647.99,0.17,2857.45,Inflación,695.0,0.23,752.29,241.65,6,1732.52,29,0,590.77,3001.66,Salario,708.91,Salud,Positivo,34.1,Alto,0.0,0,47.44542502415762,En observación
2019-05-31,1906,3215.39,3117.77,0.2,3782.17,Inflación,685.0,0.26,333.57,76.26,8,1070.4,51,0,530.47,2178.84,Salario,1087.8,Ocio,Positivo,97.0,Bajo,97.62,0,49.645739346314485,En observación
2019-06-30,1753,2803.73,3559.36,0.21,2237.13,Recesión,693.0,0.18,471.72,383.84,8,1284.75,40,0,608.8,3164.79,Salario,435.27,Alimentacion,Negativo,74.3,Medio,0.0,0,51.50850021428273,En observación
2019-07-30,1571,4782.44,1302.77,0.18,2990.7,Normal,686.0,0.52,469.98,384.66,5,776.04,79,0,770.32,2489.88,Salario,465.54,Ocio,Neutral,9.9,Medio,3479.67,1,48.94361669076886,En observación
2019-08-29,1094,4157.98,3327.52,0.14,3434.96,Normal,767.0,0.46,629.48,448.39,7,826.59,28,0,562.43,2066.85,Salario,1403.3,Educacion,Neutral,50.8,Bajo,830.46,0,40.465443290936534,En riesgo
2019-09-28,1585,2420.64,3221.73,0.35,2484.69,Inflación,713.0,0.15,648.54,615.17,6,1191.82,61,0,724.04,3108.26,Salario,1084.42,Otros,Neutral,12.9,Medio,0.0,0,59.883413036820954,Saludable
2019-10-28,1948,4490.71,1950.14,0.35,2392.69,Recesión,723.0,0.53,331.27,86.95,7,846.84,63,0,712.28,2943.2,Mixto,1151.45,Otros,Negativo,39.1,Bajo,2540.57,1,51.843072711402165,En observación
2019-11-27,1422,5059.65,4360.86,0.13,2259.07,Normal,572.0,0.39,432.38,148.48,7,1352.42,61,0,514.5,2146.4,Salario,1357.95,Ocio,Positivo,11.8,Medio,698.79,0,42.982133345166424,En riesgo
2019-12-27,1211,2921.37,4232.77,0.18,3422.24,Recesión,760.0,0.56,1054.19,316.36,5,1348.9,38,0,488.34,2750.29,Independiente,1367.9,Servicios,Positivo,1.5,Bajo,0.0,0,33.90620340594034,Crítico
2020-01-26,1378,3484.28,4214.47,0.37,2420.75,Normal,650.0,0.44,285.67,0.0,6,1335.17,85,0,377.32,2106.27,Salario,1203.17,Salud,Positivo,53.4,Alto,0.0,0,52.2360272723689,En observación
2020-02-25,1896,6002.52,985.01,0.13,3742.75,Normal,736.0,0.4,486.01,741.82,2,700.45,34,0,411.36,1860.28,Salario,1061.63,Gastos_hormiga,Positivo,39.6,Bajo,5017.51,1,59.80295203887056,Saludable
2020-03-26,1620,3718.28,2430.39,0.36,2898.54,Inflación,632.0,0.11,463.01,158.28,2,986.41,85,0,673.05,2778.06,Salario,944.76,Ocio,Positivo,25.0,Bajo,1287.89,0,66.92173458745675,Excelente
2020-04-25,1280,4932.71,2546.71,0.38,2468.31,Normal,652.0,0.21,568.75,519.62,1,779.76,63,0,384.75,2779.89,Salario,826.62,Transporte,Positivo,94.3,Bajo,2386.0,0,68.89099439498048,Excelente
2020-05-25,1416,4194.8,3032.93,0.08,1981.65,Inflación,670.0,0.36,332.28,358.07,4,1586.8,53,0,641.93,2897.79,Salario,1111.7,Educacion,Positivo,4.5,Bajo,1161.87,0,45.57063708886893,En riesgo
2020-06-24,1389,3491.32,3861.52,0.31,2837.67,Recesión,657.0,0.23,675.53,644.93,9,674.16,91,0,556.85,2129.27,Salario,300.0,Ocio,Positivo,43.2,Medio,0.0,0,57.20265681902932,Estable
2020-07-24,1170,3521.84,3783.64,0.3,2766.43,Normal,670.0,0.42,724.14,128.71,9,1660.34,34,0,494.68,2287.14,Salario,1297.15,Inversiones,Negativo,63.3,Medio,0.0,0,46.50012011253024,En riesgo
2020-08-23,1075,4761.61,3243.26,0.13,3195.2,Normal,708.0,0.16,558.53,216.96,8,1419.61,68,0,298.76,3444.71,Salario,745.5,Alimentacion,Negativo,76.8,Bajo,1518.35,0,52.514393177454004,Estable
2020-09-22,1021,2953.33,1946.2,0.06,3272.99,Inflación,650.0,0.36,209.71,386.85,7,945.26,59,0,206.05,2477.93,Salario,1430.46,Transporte,Positivo,37.9,Medio,1007.13,0,43.92848180347892,En riesgo
2020-10-22,1915,4538.15,3883.63,0.19,3095.08,Recesión,633.0,0.46,144.17,197.87,1,759.11,61,0,549.9,2476.36,Mixto,1442.51,Ocio,Positivo,87.0,Medio,654.52,0,45.419286766360834,En riesgo
2020-11-21,1371,3996.1,3169.23,0.06,2855.71,Normal,661.0,0.17,387.51,331.47,5,783.5,28,0,505.84,2576.18,Salario,1086.03,Otros,Positivo,0.8,Bajo,826.87,0,49.199367005318756,En observación
2020-12-21,1438,4411.62,3391.53,0.27,2610.46,Normal,750.0,0.22,735.89,240.63,6,814.07,64,0,366.84,2363.35,Salario,1093.08,Otros,Positivo,75.5,Bajo,1020.09,0,56.673439777454746,Estable
2021-01-20,1970,2377.35,3709.72,0.38,3182.65,Recesión,720.0,0.38,677.47,25.62,7,1614.01,80,0,982.18,2967.04,Independiente,571.49,Ocio,Negativo,91.9,Bajo,0.0,0,47.837674453398236,En observación
2021-02-19,1205,4841.4,3051.78,0.11,2390.0,Normal,623.0,0.54,765.42,175.4,9,1346.77,54,0,749.29,2426.49,Salario,1410.63,Alimentacion,Positivo,47.6,Bajo,1789.62,0,36.43452477536317,Crítico
2021-03-21,1164,4033.04,3821.44,0.33,2051.4,Inflación,712.0,0.28,791.34,604.2,7,895.79,51,0,593.81,1302.5,Salario,1613.08,Transporte,Positivo,7.2,Alto,211.6,0,56.06164379635756,Estable
2021-04-20,1355,2966.28,2983.76,0.4,2893.95,Normal,688.0,0.36,853.81,154.93,1,0.0,65,0,448.78,1501.02,Salario,300.0,Inversiones,Positivo,58.6,Alto,0.0,0,54.337085220897514,Estable
2021-05-20,1626,1399.55,3514.61,0.26,3216.5,Normal,707.0,0.42,430.8,295.8,4,1039.41,45,0,225.26,2899.09,Salario,617.94,Inversiones,Positivo,27.0,Bajo,0.0,0,46.03823678945981,En riesgo
2021-06-19,1203,4606.57,2854.43,0.37,2574.56,Inflación,682.0,0.41,736.5,541.14,1,1681.64,65,0,107.81,2513.05,Salario,1715.64,Salud,Neutral,48.7,Bajo,1752.14,0,61.45148752341004,Saludable
2021-07-19,1627,3623.08,3018.66,0.19,2862.7,Inflación,681.0,0.27,483.56,477.69,2,614.9,54,0,315.48,2145.12,Salario,1437.99,Transporte,Neutral,58.8,Bajo,604.42,0,52.2268487287986,En observación
2021-08-18,1039,4758.33,3731.48,0.24,2468.49,Normal,606.0,0.33,462.31,45.94,3,771.66,93,0,279.81,2984.23,Salario,760.04,Vivienda,Negativo,75.1,Bajo,1026.85,0,49.65640110618305,En observación
2021-09-17,1838,3322.2,2672.82,0.18,3327.51,Normal,685.0,0.27,293.65,254.59,6,750.49,35,0,335.25,3385.68,Salario,1261.58,Gastos_hormiga,Positivo,33.2,Medio,649.38,0,49.45235604806818,En observación
2021-10-17,1494,4624.72,2742.81,0.29,2507.11,Normal,671.0,0.2,106.11,640.12,3,838.77,46,0,734.99,2431.17,Salario,1500.3,Gastos_hormiga,Positivo,19.9,Bajo,1881.91,0,64.52006534601544,Excelente
2021-11-16,1123,4034.14,2674.18,0.18,3259.26,Inflación,765.0,0.43,535.65,307.25,9,1949.54,94,0,484.32,2712.45,Mixto,1841.13,Transporte,Positivo,56.0,Bajo,1359.96,0,47.74951803055495,En observación
2021-12-16,1699,3939.2,4184.22,0.29,2081.92,Inflación,577.0,0.38,680.05,344.16,5,1769.05,79,0,416.59,2163.71,Salario,1352.37,Otros,Positivo,11.4,Bajo,0.0,0,52.77083174063475,Estable
2022-01-15,1037,3343.7,3396.81,0.32,2910.13,Normal,587.0,0.29,439.42,113.67,1,1126.45,75,0,695.22,1440.32,Salario,1424.58,Servicios,Neutral,38.5,Medio,0.0,0,55.128794732157914,Estable
2022-02-14,1387,5179.98,3081.0,0.22,2750.05,Normal,699.0,0.29,723.93,89.44,7,767.81,77,0,546.82,1876.39,Salario,1014.02,Transporte,Positivo,76.9,Bajo,2098.98,0,52.37058292471845,Estable
2022-03-16,1237,4806.25,2769.27,0.19,3270.08,Recesión,649.0,0.44,475.72,542.84,2,430.11,69,0,661.63,1839.33,Salario,1267.28,Transporte,Positivo,21.6,Bajo,2036.98,0,49.29768408236336,En observación
2022-04-15,1926,3654.72,4292.35,0.19,3112.6,Normal,704.0,0.22,335.96,596.06,9,629.96,69,0,919.34,1956.68,Salario,1507.88,Ocio,Positivo,98.0,Medio,0.0,0,49.06858565538815,En observación
2022-05-15,1469,2487.34,4185.8,0.11,2764.81,Recesión,720.0,0.56,442.28,476.08,4,1130.23,28,0,759.8,3540.13,Salario,1568.04,Gastos_hormiga,Positivo,70.4,Medio,0.0,0,31.141290187399086,Crítico
2022-06-14,1484,3969.53,4137.86,0.2,2581.55,Recesión,637.0,0.52,421.39,729.71,7,979.68,85,0,618.81,3444.24,Salario,1333.51,Gastos_hormiga,Positivo,48.2,Medio,0.0,0,41.51877562895489,En riesgo
2022-07-14,1088,5067.08,3680.16,0.09,2633.27,Recesión,737.0,0.51,450.41,165.89,2,389.59,83,0,451.16,2501.6,Salario,808.6,Servicios,Positivo,4.1,Medio,1386.92,0,37.40965550732721,Crítico
2022-08-13,1279,4398.39,2229.6,0.32,2899.53,Normal,727.0,0.25,334.13,464.69,5,1389.12,82,0,459.42,1350.72,Salario,1154.53,Vivienda,Positivo,49.5,Medio,2168.79,0,66.89254282647752,Excelente
2022-09-12,1916,4384.75,2273.57,0.27,3330.21,Recesión,754.0,0.15,531.35,495.52,3,1276.66,61,0,765.61,2376.96,Salario,888.85,Transporte,Positivo,77.4,Medio,2111.18,0,64.56856299113122,Excelente
2022-10-12,1460,4214.59,2935.05,0.34,3561.01,Normal,716.0,0.21,145.65,749.6,8,1480.97,25,0,512.89,1520.38,Mixto,1507.2,Servicios,Positivo,56.7,Bajo,1279.54,0,68.76345193916478,Excelente
2022-11-11,1753,3356.03,3909.6,0.1,2722.37,Inflación,710.0,0.57,188.45,21.28,7,1544.29,38,0,492.75,3499.0,Independiente,1305.98,Alimentacion,Positivo,13.3,Bajo,0.0,0,33.32412152111575,Crítico
2022-12-11,1371,4383.74,3357.35,0.25,2613.38,Normal,634.0,0.49,547.52,842.03,8,587.6,97,0,611.47,1000.0,Independiente,1165.56,Vivienda,Neutral,70.5,Bajo,1026.39,0,48.77552989175444,En observación
2023-01-10,1581,4778.43,1018.42,0.35,2133.72,Normal,696.0,0.32,206.7,311.57,3,759.6,26,0,561.15,2206.78,Independiente,725.97,Salud,Neutral,58.9,Medio,3760.01,1,66.80399595642565,Excelente
2023-02-09,1875,3083.29,1030.32,0.3,2081.86,Inflación,703.0,0.48,29.32,206.94,2,1646.81,28,0,380.16,1930.69,Salario,876.66,Otros,Positivo,94.4,Medio,2052.97,0,58.97979409727463,Saludable
2023-03-11,1799,5198.85,3231.39,0.34,3158.46,Recesión,676.0,0.13,468.64,395.51,1,124.2,82,0,339.77,1614.93,Salario,676.88,Gastos_hormiga,Negativo,12.8,Medio,1967.46,0,66.21659116611572,Excelente
2023-04-10,1854,3734.67,2114.44,0.2,2996.83,Normal,747.0,0.56,738.32,220.09,7,724.11,72,0,325.4,1803.56,Salario,1689.43,Servicios,Neutral,47.7,Bajo,1620.23,0,40.84288459888437,En riesgo
2023-05-10,1280,3970.14,2028.28,0.1,1858.01,Normal,759.0,0.47,177.92,0.0,1,1337.76,32,0,654.66,1278.11,Mixto,1004.55,Gastos_hormiga,Negativo,22.1,Bajo,1941.86,1,45.357256622677404,En riesgo
2023-06-09,1035,4539.13,2054.24,0.28,2903.91,Recesión,722.0,0.37,234.02,200.67,3,961.32,91,0,271.68,2101.08,Salario,1373.14,Educacion,Negativo,41.5,Bajo,2484.89,0,57.320166401642005,Saludable
2023-07-09,1309,3224.41,2870.57,0.29,3700.82,Recesión,629.0,0.26,534.85,420.45,2,36.93,53,0,434.01,2192.07,Salario,1573.99,Transporte,Positivo,43.1,Medio,353.84,0,53.63382619901833,Estable
2023-08-08,1152,4001.96,1599.82,0.36,3159.82,Normal,758.0,0.51,512.79,390.54,5,267.73,27,0,236.77,2706.4,Salario,1337.23,Vivienda,Neutral,93.0,Alto,2402.14,0,52.63358832736233,Estable
2023-09-07,1903,4628.71,3113.18,0.24,2391.52,Normal,619.0,0.2,621.29,0.0,3,481.99,41,0,266.14,2322.96,Salario,1301.13,Transporte,Positivo,94.9,Bajo,1515.53,0,55.69336227862381,Estable
2023-10-07,1811,4854.04,3668.64,0.15,2842.35,Normal,643.0,0.43,377.64,851.14,5,1611.73,73,0,387.9,1973.57,Salario,1389.02,Gastos_hormiga,Neutral,11.2,Bajo,1185.4,0,50.56295007848432,En observación
2023-11-06,1871,5061.65,2452.19,0.13,1593.19,Recesión,661.0,0.15,444.09,365.03,8,713.16,76,0,356.85,2260.37,Salario,687.92,Vivienda,Negativo,45.2,Bajo,2609.46,1,56.474967559094516,Estable
2019-01-01,1571,3743.0,2666.98,0.38,2531.55,Normal,605.0,0.22,521.94,63.79,1,400.83,74,0,645.28,1994.8,Salario,722.44,Gastos_hormiga,Positivo,63.4,Bajo,1076.02,0,62.56749758765301,Excelente
2019-01-31,1255,2206.66,2136.8,0.33,3112.42,Recesión,688.0,0.53,130.3,253.69,2,1088.53,55,0,667.28,2447.72,Salario,1229.2,Inversiones,Negativo,99.6,Bajo,69.86,0,47.57837574223555,En observación
2019-03-02,1317,3936.26,3042.8,0.11,3555.77,Inflación,689.0,0.12,229.36,332.26,7,640.44,60,0,622.49,2325.45,Salario,530.13,Servicios,Positivo,46.3,Bajo,893.46,0,53.45810615089154,Estable
2019-04-01,1889,2734.52,3524.01,0.35,3048.16,Inflación,689.0,0.52,741.06,349.17,5,1510.03,43,1,98.41,2283.62,Salario,1305.13,Educacion,Neutral,90.1,Bajo,0.0,0,49.15911102377503,En observación
2019-05-01,1743,2783.07,2220.01,0.18,4014.67,Normal,708.0,0.41,789.61,563.93,8,1195.76,99,0,694.82,2106.4,Salario,996.25,Vivienda,Negativo,42.4,Bajo,563.06,0,42.603738893086245,En riesgo
2019-05-31,1500,6058.97,2063.44,0.07,2635.5,Inflación,737.0,0.54,546.9,579.38,5,315.95,32,0,300.7,2140.7,Independiente,1165.11,Gastos_hormiga,Positivo,19.4,Alto,3995.53,1,43.78060792889998,En riesgo
2019-06-30,1330,4484.84,3329.86,0.08,2740.46,Normal,700.0,0.56,493.39,295.12,3,844.22,89,0,948.92,1762.46,Salario,1053.74,Vivienda,Negativo,67.4,Alto,1154.98,0,32.74662061505155,Crítico
2019-07-30,1747,3546.98,3456.1,0.07,3220.98,Recesión,661.0,0.11,546.36,362.76,5,761.59,61,0,513.28,3206.74,Salario,1758.08,Educacion,Positivo,59.6,Alto,90.88,0,46.34916460384564,En riesgo
2019-08-29,1705,3207.33,3144.3,0.07,2011.84,Normal,655.0,0.51,60.63,956.98,5,656.3,86,0,184.1,1307.69,Mixto,859.69,Salud,Positivo,19.2,Bajo,63.03,0,44.21865506985353,En riesgo
2019-09-28,1881,5100.75,2667.75,0.29,2814.12,Normal,810.0,0.18,661.33,631.11,6,1151.68,62,0,590.17,2289.87,Salario,1090.94,Servicios,Positivo,23.7,Alto,2433.0,0,64.15036110624295,Excelente
2019-10-28,1224,3875.08,4045.05,0.17,2859.62,Normal,743.0,0.51,806.09,329.4,5,1496.24,27,0,401.19,2628.33,Salario,1810.13,Inversiones,Neutral,11.2,Alto,0.0,0,37.84619018619089,Crítico
2019-11-27,1418,3489.19,2068.6,0.33,2375.64,Normal,728.0,0.55,546.22,369.52,6,1613.28,29,0,706.54,2679.0,Salario,1072.74,Alimentacion,Positivo,91.6,Bajo,1420.59,0,51.67523499774271,En observación
2019-12-27,1509,5090.21,4712.13,0.31,3024.71,Recesión,653.0,0.44,364.46,469.84,1,842.3,77,0,484.99,2145.13,Salario,1550.02,Salud,Positivo,4.5,Bajo,378.08,0,53.01197741764947,Estable
2020-01-26,1713,3127.19,3533.41,0.25,2085.02,Normal,678.0,0.27,607.26,331.38,8,1449.52,62,0,365.33,2050.11,Salario,1397.11,Educacion,Positivo,70.8,Bajo,0.0,0,53.830494364445144,Estable
2020-02-25,1592,2399.9,1800.87,0.06,2876.9,Inflación,585.0,0.12,545.84,628.23,3,1575.54,75,0,745.29,2133.95,Independiente,1653.27,Servicios,Positivo,81.4,Bajo,599.03,0,52.715039972707466,Estable
2020-03-26,1546,3573.59,1348.89,0.26,2959.77,Recesión,695.0,0.17,480.7,592.71,6,1662.35,59,0,604.5,1348.61,Independiente,1017.07,Educacion,Negativo,50.8,Medio,2224.7,0,64.70426858625294,Excelente
2020-04-25,1632,4830.58,3774.05,0.18,2819.09,Normal,688.0,0.15,385.07,90.72,4,856.02,33,0,665.36,2102.46,Salario,1074.78,Ocio,Positivo,77.0,Bajo,1056.53,0,55.0938046942223,Estable
2020-05-25,1477,1932.33,3059.31,0.3,2764.94,Recesión,716.0,0.55,638.65,632.51,6,826.66,89,0,598.05,2039.09,Independiente,1190.09,Otros,Negativo,69.5,Bajo,0.0,0,42.043207067128535,En riesgo
2020-06-24,1927,2406.12,4245.84,0.18,2080.12,Inflación,661.0,0.14,704.22,592.87,8,770.35,59,0,620.58,2234.27,Salario,1018.76,Transporte,Positivo,65.2,Bajo,0.0,0,50.93437292031404,En observación
2020-07-24,1404,2532.15,3592.7,0.22,2413.89,Normal,696.0,0.49,849.92,521.18,5,2187.52,26,0,319.52,1519.82,Mixto,995.72,Transporte,Negativo,84.2,Bajo,0.0,0,45.82843766355992,En riesgo
2020-08-23,1660,5423.3,1573.17,0.25,2987.38,Recesión,616.0,0.32,812.67,378.59,7,1348.09,77,1,466.81,2284.49,Independiente,1245.95,Vivienda,Negativo,9.6,Medio,3850.13,1,58.99449937564545,Saludable
2020-09-22,1181,3009.56,2847.89,0.29,3127.71,Normal,633.0,0.45,275.56,613.74,8,523.56,39,0,585.08,1944.23,Independiente,1400.37,Salud,Neutral,4.9,Medio,161.67,0,48.0398648365871,En observación
2020-10-22,1361,4021.8,3627.67,0.18,2354.42,Inflación,680.0,0.27,626.55,477.73,6,2253.72,97,0,664.45,2471.39,Independiente,1139.3,Ocio,Positivo,92.1,Bajo,394.13,0,53.60780687363604,Estable
2020-11-21,1113,4117.26,2728.61,0.33,2853.85,Normal,639.0,0.15,533.05,629.07,3,1240.49,94,0,746.39,1949.89,Salario,931.95,Ocio,Positivo,2.2,Bajo,1388.65,0,68.10385574768458,Excelente
2020-12-21,1461,2220.05,2819.01,0.37,3538.14,Inflación,620.0,0.18,226.85,229.59,3,1642.28,62,0,149.71,1624.4,Salario,1559.45,Vivienda,Positivo,78.1,Bajo,0.0,0,66.26508620217338,Excelente
2021-01-20,1462,3844.67,2516.9,0.39,3275.03,Inflación,673.0,0.29,509.86,380.98,8,670.32,25,0,622.93,2642.72,Salario,916.63,Transporte,Negativo,10.4,Medio,1327.77,0,58.3307120485999,Saludable
2021-02-19,1701,2769.28,4288.41,0.22,3359.43,Normal,763.0,0.47,487.91,402.89,8,1014.57,23,0,835.9,2541.33,Salario,1811.58,Vivienda,Neutral,4.6,Bajo,0.0,0,37.89107956823345,Crítico
2021-03-21,1722,4773.45,2418.8,0.28,2730.76,Normal,689.0,0.24,270.37,535.3,2,796.25,38,0,564.98,2156.35,Salario,1884.13,Salud,Neutral,52.9,Bajo,2354.65,0,61.99248529777698,Saludable
2021-04-20,1369,5728.95,3384.51,0.23,3399.42,Normal,669.0,0.15,504.6,396.79,2,1484.63,97,0,408.29,1952.16,Independiente,975.52,Otros,Positivo,75.8,Alto,2344.44,0,64.56238553733813,Excelente
2021-05-20,1549,4668.2,2212.88,0.1,2906.03,Recesión,769.0,0.13,797.65,162.04,9,153.74,78,0,686.09,3188.51,Independiente,1279.32,Alimentacion,Positivo,3.1,Alto,2455.32,0,47.2245978047728,En observación
2021-06-19,1422,2952.33,2515.94,0.06,2913.37,Recesión,660.0,0.38,682.79,809.82,1,1469.5,20,0,932.38,1415.17,Salario,924.39,Educacion,Positivo,33.3,Alto,436.39,0,43.855661735174216,En riesgo
2021-07-19,1642,3609.85,2078.61,0.05,2425.41,Normal,818.0,0.23,479.3,425.36,4,748.6,31,0,604.87,2467.21,Salario,1502.81,Inversiones,Positivo,16.5,Bajo,1531.24,0,47.67047660714725,En observación
2021-08-18,1666,4936.35,3975.13,0.08,2817.55,Normal,686.0,0.41,861.0,1074.46,2,1912.78,58,0,629.2,2205.07,Salario,1018.82,Vivienda,Neutral,38.2,Bajo,961.22,0,46.82419514154858,En observación
2021-09-17,1352,2516.74,1724.5,0.23,2638.64,Inflación,753.0,0.39,518.13,777.85,5,666.38,30,0,478.8,2346.23,Salario,1115.65,Transporte,Negativo,88.2,Medio,792.24,0,49.47721993953854,En observación
2021-10-17,1891,3456.96,3226.27,0.33,2735.93,Normal,662.0,0.25,509.75,588.2,3,1685.99,70,0,498.34,2333.71,Independiente,989.38,Otros,Positivo,13.1,Bajo,230.69,0,63.327495763546395,Excelente
2021-11-16,1707,3626.94,1452.29,0.1,2077.59,Normal,799.0,0.36,462.26,354.03,1,1071.84,71,0,302.03,2100.75,Salario,1131.13,Vivienda,Neutral,94.4,Alto,2174.65,1,50.3808736267422,En observación
2021-12-16,1505,3257.18,4136.18,0.16,2506.21,Normal,747.0,0.31,586.96,106.42,8,1637.71,20,0,261.82,1829.9,Mixto,300.0,Gastos_hormiga,Neutral,27.4,Alto,0.0,0,46.674357664733904,En observación
2022-01-15,1421,3416.92,2254.36,0.16,3047.88,Recesión,629.0,0.38,737.98,523.75,4,842.98,32,0,419.83,1872.43,Independiente,1968.57,Educacion,Positivo,46.7,Bajo,1162.56,0,47.02528486390966,En observación
2022-02-14,1895,5189.22,1731.26,0.34,2264.17,Inflación,688.0,0.14,380.23,963.23,1,768.31,96,0,535.57,1579.9,Salario,1034.42,Gastos_hormiga,Negativo,10.6,Bajo,3457.96,1,75.74354261744566,Excelente
2022-03-16,1038,3019.22,3564.12,0.2,3178.94,Normal,676.0,0.51,945.73,283.07,8,775.77,97,0,289.51,1000.0,Salario,617.71,Otros,Negativo,87.6,Medio,0.0,0,37.83623724164469,Crítico
2022-04-15,1394,3686.26,2667.71,0.25,2523.25,Recesión,744.0,0.12,813.39,341.52,1,1317.39,62,0,114.65,2570.64,Mixto,1068.07,Salud,Positivo,89.1,Bajo,1018.55,0,63.78043816476987,Excelente
2022-05-15,1884,3467.2,3449.19,0.26,2899.26,Inflación,638.0,0.22,671.16,512.16,2,943.31,69,0,532.67,1877.8,Salario,2348.4,Servicios,Positivo,42.9,Bajo,18.01,0,55.66461203154659,Estable
2022-06-14,1685,3782.02,3344.12,0.15,2385.55,Normal,594.0,0.5,218.3,135.52,7,210.88,29,0,546.67,2079.81,Salario,724.76,Vivienda,Negativo,88.8,Bajo,437.9,0,37.208619899405,Crítico
2022-07-14,1427,3410.52,2290.39,0.09,2518.6,Recesión,753.0,0.52,730.3,591.32,8,621.06,53,0,548.67,1116.46,Salario,944.59,Transporte,Positivo,80.9,Medio,1120.13,0,38.95197787400974,Crítico
2022-08-13,1949,3414.17,2806.78,0.29,1734.43,Inflación,749.0,0.53,917.82,438.75,5,1061.82,69,0,153.8,2223.35,Salario,1484.99,Transporte,Positivo,74.1,Bajo,607.39,0,47.360785939189086,En observación
2022-09-12,1178,4339.83,2955.24,0.08,2582.82,Normal,617.0,0.24,239.71,396.24,5,599.38,96,0,397.03,2384.13,Salario,1260.07,Vivienda,Positivo,95.0,Bajo,1384.59,0,49.77522231576489,En observación
2022-10-12,1131,5362.52,2620.39,0.3,2221.57,Recesión,668.0,0.16,371.56,349.05,6,601.49,47,0,203.03,2676.7,Salario,1828.14,Educacion,Neutral,69.9,Medio,2742.13,1,65.14148046577571,Excelente
2022-11-11,1874,3030.58,2997.62,0.35,2788.29,Recesión,648.0,0.21,452.72,692.94,5,0.0,60,0,433.04,1634.03,Independiente,916.83,Ocio,Positivo,99.0,Bajo,32.96,0,61.664315576487056,Saludable
2022-12-11,1083,3959.45,3862.75,0.24,3308.23,Inflación,640.0,0.54,513.93,537.76,2,1470.98,68,0,584.46,3169.27,Salario,633.3,Gastos_hormiga,Neutral,39.4,Alto,96.7,0,44.00812193973509,En riesgo
2023-01-10,1044,4077.02,3147.04,0.12,2490.08,Normal,696.0,0.3,415.54,337.85,4,1728.57,49,0,463.44,3050.77,Salario,1045.68,Gastos_hormiga,Negativo,86.1,Alto,929.98,0,47.35528070403331,En observación
2023-02-09,1075,4692.43,3028.96,0.32,3522.17,Recesión,744.0,0.47,897.37,52.22,9,1449.24,59,0,389.68,2521.52,Salario,1811.31,Ocio,Neutral,72.9,Medio,1663.47,0,48.10932255923691,En observación
2023-03-11,1529,5458.64,1993.64,0.16,2894.65,Inflación,720.0,0.31,425.21,392.84,1,483.62,74,0,318.23,1644.99,Mixto,910.63,Inversiones,Positivo,76.1,Alto,3465.0,1,58.3562771730778,Saludable
2023-04-10,1540,2611.3,3249.69,0.13,1960.78,Inflación,714.0,0.11,327.48,550.11,9,1414.14,78,0,636.52,2522.21,Salario,1048.27,Otros,Positivo,8.9,Alto,0.0,0,53.38520991935479,Estable
2023-05-10,1595,2529.91,3380.55,0.27,2887.55,Recesión,740.0,0.25,456.37,212.81,5,1502.16,91,0,614.82,1520.28,Mixto,1522.67,Educacion,Positivo,72.9,Medio,0.0,0,54.4844921711196,Estable
2023-06-09,1984,4376.63,2224.34,0.13,3019.67,Inflación,660.0,0.14,779.2,777.94,5,1066.5,70,0,424.02,2735.93,Salario,1043.83,Salud,Positivo,8.4,Bajo,2152.29,0,58.77956992684503,Saludable
2023-07-09,1551,2644.66,2935.91,0.07,2925.37,Normal,652.0,0.46,478.86,59.36,6,1470.41,58,0,429.12,1658.34,Salario,1568.88,Inversiones,Positivo,12.5,Alto,0.0,0,36.06466939097255,Crítico
2023-08-08,1797,4602.82,2194.77,0.16,1583.86,Normal,635.0,0.54,680.48,655.68,5,1689.36,35,0,857.37,1000.0,Salario,1131.17,Vivienda,Negativo,34.6,Medio,2408.05,1,46.50490942663032,En riesgo
2023-09-07,1864,6243.76,2682.7,0.09,3283.75,Inflación,655.0,0.51,486.07,564.23,9,1276.92,40,0,496.04,2494.95,Independiente,1253.07,Servicios,Positivo,74.7,Alto,3561.06,1,46.132420613596565,En riesgo
2023-10-07,1223,4291.0,3549.45,0.09,1847.11,Normal,736.0,0.4,485.58,932.51,9,1565.97,66,0,592.51,2230.04,Salario,1323.82,Ocio,Negativo,57.2,Bajo,741.55,0,43.678386090805496,En riesgo
2023-11-06,1506,4418.16,2315.04,0.12,3166.28,Recesión,696.0,0.21,652.11,0.0,5,438.74,37,0,722.9,3358.05,Salario,1663.98,Educacion,Neutral,56.3,Bajo,2103.12,0,45.52894335594396,En riesgo
2019-01-01,1653,5651.4,3416.37,0.11,2165.29,Normal,704.0,0.41,521.18,268.36,3,679.87,22,1,660.94,1000.0,Salario,984.35,Otros,Positivo,84.5,Medio,2235.03,1,46.82673182379171,En observación
2019-01-31,1627,6483.49,2616.04,0.32,2914.5,Inflación,587.0,0.23,418.56,499.94,4,462.01,71,0,515.09,1555.36,Salario,427.74,Gastos_hormiga,Negativo,62.0,Medio,3867.45,1,67.76864621719986,Excelente
2019-03-02,1473,4151.46,3541.05,0.23,3630.87,Normal,732.0,0.5,315.71,285.31,8,1815.24,68,0,1001.6,2338.68,Salario,948.78,Educacion,Positivo,96.3,Medio,610.41,0,45.208223460449105,En riesgo
2019-04-01,1671,4009.15,1662.58,0.2,2948.71,Normal,754.0,0.11,562.58,169.76,2,1000.97,81,0,689.78,2253.94,Independiente,1277.47,Ocio,Positivo,57.3,Medio,2346.57,0,60.250806172512725,Saludable
2019-05-01,1990,3468.96,3629.29,0.23,2927.97,Inflación,614.0,0.33,614.43,333.98,3,721.71,64,0,622.27,2088.99,Salario,896.98,Inversiones,Positivo,50.6,Medio,0.0,0,48.79591044545673,En observación
2019-05-31,1769,4500.52,3317.74,0.06,2879.86,Normal,628.0,0.35,471.32,492.98,6,1553.79,92,0,263.34,2975.82,Salario,1636.5,Servicios,Positivo,24.4,Bajo,1182.78,0,45.95353404353661,En riesgo
2019-06-30,1370,4415.73,3042.43,0.14,2352.14,Recesión,602.0,0.33,544.96,947.07,9,1603.17,24,0,927.38,1000.0,Salario,916.7,Transporte,Neutral,36.9,Medio,1373.3,0,51.646487269873255,En observación
2019-07-30,1532,3091.74,2857.83,0.38,3234.68,Normal,651.0,0.15,415.92,102.65,3,795.84,97,0,540.81,2250.6,Salario,1405.57,Servicios,Positivo,19.2,Bajo,233.91,0,63.27357508325858,Excelente
2019-08-29,1565,4791.07,2547.23,0.2,3765.74,Normal,641.0,0.1,957.01,256.62,9,1194.3,30,0,479.48,3235.56,Mixto,1733.3,Otros,Neutral,13.1,Bajo,2243.84,0,56.12549507503555,Estable
2019-09-28,1825,4575.27,3696.96,0.34,2896.57,Normal,698.0,0.14,476.15,0.0,3,1173.53,60,0,331.97,2235.36,Independiente,1211.81,Gastos_hormiga,Positivo,70.9,Alto,878.31,0,63.619873484443254,Excelente
2019-10-28,1245,3679.31,3920.06,0.39,1791.06,Inflación,764.0,0.29,640.01,31.11,6,1649.6,60,0,480.3,2672.64,Salario,1785.77,Ocio,Negativo,28.8,Medio,0.0,0,54.758014178910734,Estable
2019-11-27,1270,4848.8,3679.83,0.32,2734.17,Normal,700.0,0.33,371.01,743.26,1,212.7,31,0,331.58,1000.0,Salario,1602.78,Otros,Neutral,87.3,Bajo,1168.97,0,59.972256804756306,Saludable
2019-12-27,1190,4254.03,2610.84,0.33,2544.98,Normal,559.0,0.46,588.76,411.87,5,1725.53,28,0,692.08,2794.27,Salario,843.64,Vivienda,Positivo,26.0,Medio,1643.19,0,55.41257646653524,Estable
2020-01-26,1931,4071.27,1710.97,0.37,1997.19,Normal,653.0,0.29,455.06,343.64,5,950.38,29,0,477.6,2523.62,Mixto,1777.84,Transporte,Positivo,4.1,Bajo,2360.3,1,65.51215705242038,Excelente
2020-02-25,1466,5357.48,3249.94,0.22,2967.63,Inflación,670.0,0.52,826.78,0.0,6,809.59,36,0,280.07,1782.45,Independiente,1890.56,Gastos_hormiga,Negativo,37.9,Bajo,2107.54,0,41.41914730125003,En riesgo
2020-03-26,1544,4521.67,3115.2,0.38,3880.88,Normal,721.0,0.1,384.85,147.02,3,572.84,67,0,548.89,1578.26,Salario,1121.71,Ocio,Neutral,13.4,Bajo,1406.47,0,67.39934280260613,Excelente
2020-04-25,1190,2783.2,2110.1,0.3,3384.5,Recesión,721.0,0.52,95.28,669.29,2,1392.78,90,0,395.3,3054.2,Mixto,716.94,Ocio,Positivo,74.7,Alto,673.1,0,53.65220561645942,Estable
2020-05-25,1423,1434.02,2808.08,0.16,2953.07,Normal,609.0,0.14,475.21,259.06,4,1339.73,90,0,716.03,1857.39,Salario,1869.73,Inversiones,Positivo,95.6,Bajo,0.0,0,50.54800560317832,En observación
2020-06-24,1497,4568.68,2370.76,0.28,2226.14,Inflación,688.0,0.21,780.27,526.41,9,1037.98,68,0,494.93,3062.57,Salario,1690.15,Otros,Negativo,67.2,Alto,2197.92,0,56.15733756605238,Estable
2020-07-24,1146,4345.89,1641.88,0.11,2895.24,Normal,700.0,0.31,377.95,452.38,9,1010.3,96,0,598.01,1171.16,Salario,2002.68,Servicios,Positivo,7.8,Medio,2704.01,0,51.28308058598384,En observación
2020-08-23,1773,4223.06,1983.91,0.12,2605.99,Recesión,701.0,0.2,255.99,441.63,6,1255.52,91,0,676.71,2196.88,Mixto,2409.17,Servicios,Negativo,89.2,Bajo,2239.15,0,53.109918483821446,Estable
2020-09-22,1494,4296.24,3242.82,0.06,2822.19,Inflación,624.0,0.33,806.83,265.82,2,1208.44,86,0,586.42,1587.63,Independiente,421.82,Vivienda,Positivo,39.6,Bajo,1053.42,0,44.965580945497074,En riesgo
2020-10-22,1341,3490.11,3264.64,0.11,2749.1,Normal,756.0,0.29,465.16,148.78,5,364.78,50,0,595.51,2263.58,Independiente,1105.95,Salud,Neutral,27.0,Bajo,225.47,0,41.98931058345951,En riesgo
2020-11-21,1491,1798.64,3894.69,0.17,3000.14,Inflación,755.0,0.23,368.18,1292.3,5,1613.78,78,0,808.24,1903.94,Salario,1839.67,Otros,Positivo,77.4,Alto,0.0,0,52.69871668513059,Estable
2020-12-21,1294,3248.23,2204.01,0.16,2452.6,Normal,773.0,0.38,350.46,257.38,9,971.13,41,0,198.69,1887.39,Salario,1240.88,Transporte,Positivo,95.4,Medio,1044.22,0,48.32404152190348,En observación
2021-01-20,1667,3897.86,4084.01,0.28,3073.01,Normal,811.0,0.11,658.08,252.46,3,1270.27,83,0,251.43,1776.82,Salario,2033.67,Servicios,Neutral,74.4,Medio,0.0,0,59.664472745969185,Saludable
2021-02-19,1043,3755.29,2668.89,0.08,2390.84,Normal,628.0,0.27,608.93,391.27,3,808.28,80,0,1028.47,1034.02,Salario,951.03,Inversiones,Neutral,4.4,Alto,1086.4,0,44.80200652444694,En riesgo
2021-03-21,1843,3735.57,3111.95,0.19,2803.2,Normal,670.0,0.31,621.03,341.57,7,1541.24,70,0,437.4,1657.14,Salario,1286.53,Inversiones,Positivo,32.6,Alto,623.62,0,51.252264495237036,En observación
2021-04-20,1189,4472.3,1589.72,0.32,2483.32,Recesión,567.0,0.15,929.23,98.37,9,1452.67,43,0,498.59,3726.45,Salario,979.45,Servicios,Positivo,44.6,Bajo,2882.58,1,65.26291053236176,Excelente
2021-05-20,1164,2888.28,2936.03,0.39,2773.58,Normal,632.0,0.19,686.65,791.5,2,854.66,92,0,356.08,1933.95,Salario,1064.8,Ocio,Neutral,27.6,Bajo,0.0,0,66.05101218817391,Excelente
2021-06-19,1607,4780.73,2471.27,0.31,3268.53,Normal,708.0,0.55,773.02,554.79,7,1056.31,62,0,303.86,2900.41,Salario,1163.46,Alimentacion,Positivo,99.5,Bajo,2309.46,0,51.76667942330707,En observación
2021-07-19,1962,5559.19,3200.27,0.35,2564.72,Recesión,683.0,0.54,580.96,0.0,5,962.83,83,0,757.95,1693.81,Salario,1133.31,Gastos_hormiga,Positivo,60.9,Alto,2358.92,0,49.66434151233429,En observación
2021-08-18,1209,4766.46,2159.97,0.34,3431.69,Inflación,597.0,0.55,475.76,162.42,9,1077.63,74,0,409.07,2551.6,Salario,347.97,Vivienda,Negativo,55.0,Bajo,2606.49,0,51.54184232566761,En observación
2021-09-17,1518,3072.79,3061.53,0.36,2147.31,Inflación,630.0,0.51,433.6,250.3,1,1069.37,93,0,163.86,2568.99,Salario,928.37,Salud,Positivo,10.6,Alto,11.26,0,52.47933413514723,Estable
2021-10-17,1288,3815.91,2120.03,0.31,3238.16,Recesión,740.0,0.15,466.0,67.97,1,1045.23,31,0,748.46,1773.15,Independiente,397.07,Otros,Positivo,45.0,Alto,1695.88,0,63.8550540404314,Excelente
2021-11-16,1689,6976.51,3296.28,0.4,3042.72,Normal,712.0,0.57,484.4,54.57,5,866.95,99,0,419.32,1611.65,Salario,1218.28,Vivienda,Positivo,43.2,Medio,3680.23,1,58.197326201445655,Saludable
2021-12-16,1817,4674.79,4273.94,0.16,2409.76,Inflación,691.0,0.28,436.77,417.71,9,314.81,57,0,850.33,1914.88,Salario,565.38,Gastos_hormiga,Positivo,21.3,Alto,400.85,0,45.49385667161987,En riesgo
2022-01-15,1268,4559.96,3047.25,0.35,2380.08,Inflación,662.0,0.54,176.77,352.88,7,828.16,20,0,375.28,2766.02,Mixto,977.29,Otros,Negativo,99.0,Medio,1512.71,0,50.76704491251007,En observación
2022-02-14,1607,3471.52,581.14,0.22,2915.97,Normal,706.0,0.39,565.95,307.02,4,1370.02,53,0,380.02,3168.79,Independiente,1577.7,Servicios,Positivo,24.3,Alto,2890.38,0,53.214284429470695,Estable
2022-03-16,1424,2653.08,3376.93,0.12,2898.49,Normal,687.0,0.27,163.16,0.0,5,0.0,42,0,676.93,1413.37,Salario,1124.0,Inversiones,Negativo,96.7,Bajo,0.0,0,40.49422862017933,En riesgo
2022-04-15,1807,3857.46,2393.07,0.15,3866.06,Inflación,645.0,0.6,154.16,528.52,5,197.4,21,0,354.15,3080.48,Independiente,1304.86,Ocio,Positivo,46.2,Alto,1464.39,0,38.031340563445525,Crítico
2022-05-15,1453,3443.27,2705.76,0.19,3225.82,Inflación,719.0,0.32,629.74,241.87,9,688.1,88,0,578.68,3056.18,Salario,1189.81,Servicios,Positivo,41.5,Bajo,737.51,0,45.704819135308284,En riesgo
2022-06-14,1303,3434.44,2700.14,0.16,3125.6,Normal,706.0,0.23,584.24,130.48,9,430.07,98,0,277.06,1804.5,Salario,300.0,Servicios,Positivo,90.0,Medio,734.3,0,49.72768449314345,En observación
2022-07-14,1177,4176.62,3215.97,0.21,2350.36,Inflación,792.0,0.56,473.08,0.0,9,1132.63,29,1,412.53,2369.3,Salario,1213.03,Servicios,Positivo,98.1,Alto,960.65,0,39.858283522271584,Crítico
2022-08-13,1560,4082.93,3438.61,0.16,2727.08,Inflación,676.0,0.54,620.24,687.19,8,1156.6,49,0,415.21,2571.39,Salario,1240.75,Transporte,Positivo,88.6,Alto,644.32,0,41.20969034307387,En riesgo
2022-09-12,1150,4149.05,879.94,0.16,2799.44,Normal,656.0,0.2,973.69,409.42,5,1510.46,23,0,686.7,1860.2,Independiente,657.92,Otros,Positivo,82.4,Bajo,3269.11,1,61.256853824060954,Saludable
2022-10-12,1649,3474.62,3989.72,0.15,2315.22,Inflación,812.0,0.19,736.69,727.95,3,88.84,65,0,671.23,2511.43,Independiente,2126.91,Otros,Positivo,19.3,Bajo,0.0,0,47.143417844046496,En observación
2022-11-11,1595,5707.28,2239.11,0.39,2923.4,Recesión,664.0,0.3,263.12,0.0,7,1205.13,61,0,314.47,2034.51,Salario,1574.51,Educacion,Neutral,59.6,Alto,3468.17,1,67.0042692044029,Excelente
2022-12-11,1267,4901.55,3268.16,0.14,2718.06,Normal,678.0,0.41,391.75,822.76,7,1212.51,88,0,382.55,2243.09,Salario,685.52,Gastos_hormiga,Positivo,2.4,Alto,1633.39,0,50.2970967803137,En observación
2023-01-10,1751,4544.82,2127.35,0.3,2503.12,Normal,709.0,0.29,427.59,161.0,6,863.8,82,0,521.71,2642.95,Salario,1527.09,Otros,Negativo,69.5,Bajo,2417.47,0,56.46049306353957,Estable
2023-02-09,1637,3612.34,3638.4,0.18,2382.27,Inflación,770.0,0.32,430.79,610.12,5,705.17,69,0,508.0,1471.98,Independiente,593.5,Salud,Negativo,72.4,Bajo,0.0,0,49.03932948164014,En observación
2023-03-11,1208,4442.69,2431.42,0.26,1738.87,Normal,642.0,0.22,727.5,864.53,2,779.22,53,0,231.65,2839.27,Salario,1549.64,Vivienda,Positivo,13.0,Bajo,2011.27,1,63.86731806300315,Excelente
2023-04-10,1793,2943.37,2528.99,0.07,2459.96,Normal,679.0,0.47,553.71,730.82,5,455.0,63,0,480.6,2645.2,Salario,621.11,Gastos_hormiga,Negativo,11.6,Bajo,414.38,0,37.35651421975825,Crítico
2023-05-10,1161,4547.95,2299.35,0.3,2629.86,Recesión,695.0,0.44,420.01,0.0,7,542.98,81,1,847.38,2394.54,Salario,1025.88,Vivienda,Negativo,22.3,Bajo,2248.6,0,48.127299193688906,En observación
2023-06-09,1304,2774.17,2898.15,0.34,2875.4,Normal,638.0,0.43,645.61,809.62,5,1270.61,84,0,554.37,2406.78,Salario,661.78,Salud,Positivo,0.5,Bajo,0.0,0,55.53286471042849,Estable
2023-07-09,1591,3730.02,4492.34,0.31,2924.68,Recesión,726.0,0.45,428.84,347.77,5,1355.17,52,0,469.43,2242.68,Mixto,816.87,Servicios,Neutral,6.3,Medio,0.0,0,49.84801266405822,En observación
2023-08-08,1120,3620.67,3033.36,0.16,2898.03,Recesión,639.0,0.29,611.0,322.29,2,943.0,34,0,479.69,2088.64,Salario,1124.87,Transporte,Negativo,57.1,Medio,587.31,0,47.56051888916384,En observación
2023-09-07,1146,3717.41,4470.21,0.2,3481.11,Recesión,717.0,0.49,356.72,301.37,6,1397.1,74,0,915.12,2033.97,Mixto,883.59,Transporte,Positivo,67.4,Bajo,0.0,0,41.95321880193245,En riesgo
2023-10-07,1194,2527.45,2186.44,0.08,2687.78,Normal,744.0,0.22,652.43,349.25,4,1800.38,57,0,704.94,1917.09,Salario,1421.32,Otros,Negativo,57.9,Medio,341.01,0,46.35045451018693,En riesgo
2023-11-06,1371,3751.63,4124.7,0.18,2508.1,Normal,591.0,0.47,807.68,313.76,7,425.34,70,0,764.69,2006.19,Salario,919.07,Vivienda,Positivo,67.5,Medio,0.0,0,37.43797021605715,Crítico
2019-01-01,1620,2530.03,2429.15,0.08,2791.76,Inflación,679.0,0.32,301.92,483.91,8,511.17,66,0,727.22,2539.15,Salario,1271.9,Vivienda,Positivo,44.4,Bajo,100.88,0,41.548553365191005,En riesgo
2019-01-31,1227,3209.62,3255.14,0.3,3255.29,Normal,677.0,0.45,598.17,0.0,9,299.11,47,0,456.84,1170.54,Salario,472.97,Educacion,Negativo,14.8,Medio,0.0,0,43.52863344831697,En riesgo
2019-03-02,1773,4523.31,2253.18,0.4,2626.34,Normal,686.0,0.5,224.37,308.4,2,895.96,83,0,560.83,2474.42,Salario,1837.08,Vivienda,Positivo,29.4,Medio,2270.13,0,58.010809766330695,Saludable
2019-04-01,1675,3071.93,2547.39,0.08,2520.47,Normal,634.0,0.42,342.68,456.0,6,1430.27,58,0,316.27,1250.25,Salario,905.44,Transporte,Neutral,36.9,Bajo,524.54,0,45.099444396396926,En riesgo
2019-05-01,1579,3655.22,3146.22,0.36,3762.18,Normal,704.0,0.4,578.86,0.0,2,1292.24,29,0,374.67,3015.8,Salario,999.03,Alimentacion,Positivo,59.9,Medio,509.0,0,53.62300932515918,Estable
2019-05-31,1954,3393.87,1795.98,0.25,1835.81,Inflación,557.0,0.56,388.77,454.03,1,1012.83,79,0,736.27,2560.57,Salario,1571.43,Servicios,Positivo,63.2,Bajo,1597.89,0,47.27291475097277,En observación
2019-06-30,1017,2088.09,1889.04,0.35,3916.17,Normal,680.0,0.19,607.85,787.56,1,903.35,32,0,401.47,2910.03,Salario,1583.61,Alimentacion,Positivo,72.2,Bajo,199.05,0,63.04542536915265,Excelente
2019-07-30,1551,2370.31,4077.64,0.12,2504.04,Normal,739.0,0.44,803.12,878.93,7,1154.28,73,0,704.41,2360.9,Independiente,1349.82,Servicios,Negativo,58.1,Medio,0.0,0,35.936525731848256,Crítico
2019-08-29,1829,2925.98,3851.42,0.08,3612.55,Recesión,812.0,0.55,452.95,363.97,1,464.0,80,0,488.6,2102.23,Salario,1631.4,Vivienda,Negativo,7.4,Bajo,0.0,0,29.901967274880192,Crítico
2019-09-28,1192,3884.71,1642.92,0.08,2196.84,Inflación,752.0,0.5,281.29,369.17,7,1081.9,93,0,556.0,1051.5,Salario,1890.47,Otros,Positivo,56.4,Medio,2241.79,1,44.65850497066365,En riesgo
2019-10-28,1812,3822.42,3772.83,0.28,1993.38,Normal,755.0,0.28,726.3,26.02,9,1257.03,70,0,338.15,1387.28,Salario,1344.55,Salud,Positivo,15.7,Medio,49.59,0,52.42063472628068,Estable
2019-11-27,1522,5263.61,1126.55,0.18,2626.09,Normal,660.0,0.28,417.03,615.24,8,903.41,57,0,485.23,1683.85,Independiente,1230.79,Transporte,Negativo,19.8,Bajo,4137.06,1,60.32560780152361,Saludable
2019-12-27,1164,4562.57,1738.88,0.11,2093.61,Normal,679.0,0.31,270.53,592.38,3,948.69,20,0,441.47,2432.27,Independiente,1215.94,Otros,Neutral,10.3,Medio,2823.69,1,54.32678232936059,Estable
2020-01-26,1036,5227.74,1996.97,0.07,3143.79,Normal,694.0,0.12,660.31,461.61,2,742.12,78,0,186.08,1094.29,Salario,1482.74,Servicios,Neutral,65.8,Medio,3230.77,1,59.996397700076095,Saludable
2020-02-25,1104,3372.16,2710.54,0.07,3037.42,Normal,789.0,0.56,488.08,997.72,4,741.1,73,0,497.05,1127.81,Independiente,1275.86,Transporte,Negativo,71.6,Alto,661.62,0,37.10984038534073,Crítico
2020-03-26,1669,3119.24,2985.71,0.38,2459.62,Normal,615.0,0.38,354.25,1171.69,7,641.3,58,1,362.6,1815.86,Salario,534.39,Salud,Positivo,59.0,Bajo,133.53,0,63.3733592001323,Excelente
2020-04-25,1087,3672.17,2924.18,0.33,2655.87,Normal,653.0,0.13,577.11,568.87,3,947.03,69,0,391.13,2511.88,Salario,1185.81,Otros,Neutral,75.8,Medio,747.99,0,64.92178883096332,Excelente
2020-05-25,1337,1940.34,4399.11,0.38,2491.45,Normal,633.0,0.59,831.11,371.32,7,1540.28,91,0,325.17,2237.63,Salario,1240.29,Otros,Neutral,4.6,Medio,0.0,0,43.563337628397676,En riesgo
2020-06-24,1801,5216.2,2160.1,0.32,2570.2,Normal,651.0,0.14,439.95,322.63,9,0.0,88,0,226.42,2596.43,Salario,1100.58,Transporte,Neutral,38.3,Bajo,3056.1,1,66.37993327535558,Excelente
2020-07-24,1859,3910.61,3453.1,0.39,2853.33,Normal,704.0,0.21,441.82,66.77,2,1193.46,27,0,222.51,2211.43,Salario,463.73,Salud,Positivo,48.8,Bajo,457.51,0,66.42663490490767,Excelente
2020-08-23,1695,3533.21,2639.74,0.26,3156.5,Recesión,731.0,0.53,387.66,519.38,5,1731.88,62,0,486.83,2470.12,Salario,2129.32,Educacion,Positivo,86.3,Bajo,893.47,0,49.27689284137172,En observación
2020-09-22,1295,5057.29,3549.91,0.37,2770.46,Normal,690.0,0.11,0.0,436.45,8,934.99,50,0,361.84,1533.41,Salario,1269.62,Vivienda,Neutral,18.7,Alto,1507.38,0,70.26937384075738,Excelente
2020-10-22,1218,5178.3,3616.94,0.25,2578.88,Normal,592.0,0.44,444.85,358.61,7,1614.76,38,0,50.53,2444.37,Independiente,769.02,Servicios,Negativo,61.3,Medio,1561.36,0,51.85317422629016,En observación
2020-11-21,1610,3575.88,2938.49,0.11,2632.21,Inflación,718.0,0.58,636.39,217.53,2,1220.4,76,0,644.43,2526.53,Mixto,1168.39,Alimentacion,Positivo,5.0,Bajo,637.39,0,36.38137099501605,Crítico
2020-12-21,1943,2406.72,2468.81,0.32,2786.92,Inflación,591.0,0.37,588.35,464.21,6,985.78,31,0,405.85,1989.75,Salario,1227.94,Vivienda,Neutral,0.2,Bajo,0.0,0,53.23370049211533,Estable
2021-01-20,1764,4401.14,4136.39,0.08,2268.12,Recesión,696.0,0.55,562.2,581.28,9,747.9,84,0,458.8,2676.1,Salario,1040.44,Alimentacion,Positivo,65.8,Bajo,264.75,0,34.25016000004682,Crítico
2021-02-19,1789,4017.66,2519.23,0.25,2651.87,Normal,653.0,0.47,587.24,697.94,5,0.0,46,0,490.3,1582.47,Independiente,1321.33,Ocio,Neutral,22.7,Alto,1498.43,0,47.34921588325723,En observación
2021-03-21,1104,1566.74,3182.21,0.07,3533.57,Normal,727.0,0.22,358.7,652.28,3,1901.75,53,0,465.49,1871.63,Salario,1024.91,Servicios,Positivo,45.7,Bajo,0.0,0,49.272486316608315,En observación
2021-04-20,1124,4716.63,3242.59,0.15,2632.95,Inflación,722.0,0.57,637.74,602.56,6,787.82,48,0,458.0,2415.08,Independiente,1670.3,Inversiones,Negativo,61.7,Medio,1474.04,0,37.532193952879744,Crítico
2021-05-20,1988,2569.01,3005.39,0.33,3074.57,Recesión,633.0,0.34,544.4,179.75,4,1045.05,56,0,201.06,2195.44,Salario,1352.61,Gastos_hormiga,Positivo,65.5,Alto,0.0,0,53.54582827357008,Estable
2021-06-19,1318,3174.77,3053.05,0.38,2685.02,Normal,639.0,0.41,50.65,548.88,4,394.28,90,0,304.19,2050.05,Salario,951.26,Transporte,Neutral,34.6,Medio,121.72,0,57.66579027705106,Saludable
2021-07-19,1376,5232.44,2626.44,0.19,3542.76,Normal,643.0,0.59,405.37,514.61,8,147.91,85,0,843.53,2852.1,Salario,789.23,Inversiones,Negativo,18.0,Medio,2606.0,0,38.960627825083904,Crítico
2021-08-18,1635,4738.71,3476.76,0.19,3029.09,Normal,654.0,0.38,444.23,537.72,9,535.8,61,0,998.72,1191.26,Salario,1558.8,Alimentacion,Positivo,14.0,Medio,1261.95,0,46.85720780205466,En observación
2021-09-17,1346,3888.45,908.09,0.22,2399.63,Normal,677.0,0.3,230.28,406.68,1,458.03,98,0,669.41,2302.28,Independiente,1312.26,Transporte,Positivo,8.6,Medio,2980.36,1,59.57121049746107,Saludable
2021-10-17,1440,4530.31,3798.56,0.12,2272.88,Recesión,682.0,0.15,434.77,0.0,3,801.18,35,0,406.72,1691.77,Salario,1160.89,Gastos_hormiga,Positivo,63.3,Bajo,731.75,0,51.720769356793376,En observación
2021-11-16,1003,3465.95,3552.34,0.09,3266.59,Recesión,680.0,0.27,580.76,171.01,7,904.01,92,0,621.01,1646.25,Independiente,1385.61,Servicios,Positivo,12.9,Bajo,0.0,0,42.51346366293144,En riesgo
2021-12-16,1893,4150.37,4561.67,0.1,3145.24,Inflación,567.0,0.51,396.46,401.01,9,1752.97,96,0,561.57,2699.14,Salario,1098.27,Transporte,Neutral,45.9,Bajo,0.0,0,37.073812771823576,Crítico
2022-01-15,1903,5708.64,3088.06,0.36,3827.28,Normal,658.0,0.51,761.11,608.42,4,33.89,74,0,359.77,1108.42,Independiente,1132.04,Transporte,Positivo,61.9,Bajo,2620.58,0,55.94281783220504,Estable
2022-02-14,1572,5251.15,3146.78,0.24,2918.64,Normal,702.0,0.44,553.0,607.88,9,986.26,72,0,189.89,2117.24,Salario,804.71,Transporte,Negativo,36.6,Alto,2104.37,0,50.88997907165798,En observación
2022-03-16,1491,4405.94,3244.75,0.39,2223.09,Recesión,694.0,0.18,662.79,510.18,9,541.48,70,0,39.76,1649.31,Salario,1163.8,Alimentacion,Positivo,45.3,Bajo,1161.19,0,66.90793420600572,Excelente
2022-04-15,1929,2950.32,4466.05,0.13,2430.62,Normal,650.0,0.17,276.26,235.36,9,1287.4,46,0,508.28,3055.92,Salario,1984.93,Gastos_hormiga,Positivo,1.8,Medio,0.0,0,46.65945512443945,En observación
2022-05-15,1755,4559.29,4482.47,0.37,2271.52,Inflación,638.0,0.21,522.48,585.75,8,712.07,67,0,677.31,1955.0,Salario,1296.84,Alimentacion,Neutral,74.9,Alto,76.82,0,58.83315376431001,Saludable
2022-06-14,1180,3659.5,3344.1,0.06,3616.31,Recesión,673.0,0.51,200.84,494.03,7,1742.31,87,0,541.14,1660.11,Salario,1052.77,Inversiones,Positivo,70.8,Bajo,315.4,0,40.42483617709344,En riesgo
2022-07-14,1325,5191.64,3392.09,0.37,3237.67,Normal,661.0,0.22,600.42,0.0,6,1124.84,36,0,470.56,2666.06,Salario,764.61,Educacion,Neutral,25.9,Alto,1799.55,0,61.454466505159516,Saludable
2022-08-13,1615,4252.39,4533.39,0.05,2815.98,Normal,632.0,0.29,499.31,423.77,7,986.2,41,1,217.59,2445.76,Salario,903.47,Inversiones,Positivo,32.7,Medio,0.0,0,43.15150683334925,En riesgo
2022-09-12,1947,3170.92,4245.07,0.06,3367.66,Normal,716.0,0.32,296.1,186.74,9,0.0,89,0,512.26,3578.13,Salario,1739.09,Otros,Negativo,6.7,Medio,0.0,0,30.870787353022145,Crítico
2022-10-12,1740,1147.83,3373.13,0.22,3110.87,Normal,663.0,0.41,891.92,12.52,8,1451.49,66,0,672.85,2003.59,Independiente,474.7,Ocio,Positivo,32.9,Bajo,0.0,0,39.529903332063476,Crítico
2022-11-11,1044,2721.83,2296.99,0.22,3346.71,Normal,668.0,0.41,655.49,746.71,1,403.28,26,0,650.63,1748.83,Independiente,1424.74,Alimentacion,Positivo,22.1,Bajo,424.84,0,47.93646466181612,En observación
2022-12-11,1173,2994.04,1795.21,0.13,2499.65,Recesión,648.0,0.12,465.18,283.97,3,2025.24,37,0,467.5,2854.72,Salario,1254.25,Otros,Positivo,2.1,Bajo,1198.83,0,58.889685632461486,Saludable
2023-01-10,1886,3558.81,3637.59,0.23,2868.84,Recesión,666.0,0.21,751.13,563.36,4,1006.25,34,0,321.25,2834.57,Salario,950.39,Transporte,Positivo,52.9,Bajo,0.0,0,55.494735019551825,Estable
2023-02-09,1824,4633.24,3468.96,0.19,3173.0,Normal,686.0,0.45,500.51,392.36,8,214.48,25,0,292.74,2400.22,Salario,1283.99,Salud,Positivo,20.7,Bajo,1164.28,0,44.589014861751004,En riesgo
2023-03-11,1753,5429.93,2853.01,0.19,2998.79,Normal,672.0,0.39,440.22,463.15,9,1278.85,69,0,712.93,2358.33,Salario,1280.85,Inversiones,Positivo,23.8,Bajo,2576.92,0,51.5955993520527,En observación
2023-04-10,1661,4410.87,2966.3,0.34,3034.19,Normal,580.0,0.3,261.98,0.0,8,324.28,29,0,716.17,3150.67,Salario,674.96,Gastos_hormiga,Positivo,51.0,Medio,1444.57,0,55.120299166980836,Estable
2023-05-10,1478,3870.58,2692.09,0.09,2357.92,Recesión,702.0,0.53,675.74,261.88,7,911.0,82,0,739.19,1991.7,Salario,1084.94,Salud,Positivo,5.9,Bajo,1178.49,0,36.13150288139391,Crítico
2023-06-09,1259,5208.09,2593.68,0.16,2931.37,Inflación,754.0,0.41,550.98,448.71,1,1748.03,92,0,579.3,2205.41,Salario,1075.27,Transporte,Neutral,47.6,Medio,2614.41,0,51.84621503141029,En observación
2023-07-09,1708,4772.57,3599.06,0.35,2110.13,Normal,796.0,0.11,388.87,508.79,8,1169.34,83,0,581.25,2752.12,Salario,873.5,Servicios,Neutral,64.3,Bajo,1173.51,0,66.29364524728327,Excelente
2023-08-08,1941,4170.43,2618.63,0.14,3802.89,Recesión,669.0,0.2,510.04,790.35,6,500.54,24,0,494.61,2817.76,Salario,948.45,Alimentacion,Positivo,0.2,Bajo,1551.8,0,54.112344041302,Estable
2023-09-07,1739,5841.63,3496.89,0.07,2666.34,Normal,670.0,0.29,469.46,117.53,2,1027.7,73,0,755.59,1929.26,Salario,2395.58,Otros,Positivo,45.8,Bajo,2344.74,0,45.454581889920526,En riesgo
2023-10-07,1028,2202.11,1916.99,0.35,2166.9,Inflación,707.0,0.27,614.86,277.25,2,1634.6,30,0,224.33,2760.52,Salario,511.56,Servicios,Positivo,74.0,Medio,285.12,0,62.67945433199446,Excelente
2023-11-06,1979,4675.23,3685.93,0.22,2877.53,Normal,716.0,0.22,335.96,194.28,2,1091.1,51,0,616.83,1514.07,Salario,987.65,Gastos_hormiga,Positivo,84.8,Bajo,989.3,0,57.804047864259346,Saludable
2019-01-01,1465,4784.64,2873.62,0.07,2847.63,Inflación,629.0,0.49,741.76,616.82,7,1483.28,82,0,710.58,2170.36,Independiente,1306.07,Alimentacion,Neutral,9.8,Medio,1911.02,0,39.626271249266175,Crítico
2019-01-31,1125,5246.93,3598.26,0.4,2918.52,Inflación,674.0,0.2,502.34,519.55,3,627.22,93,0,467.73,3083.49,Salario,902.14,Ocio,Positivo,61.6,Bajo,1648.67,0,67.26909551209333,Excelente
2019-03-02,1649,2951.86,2845.98,0.08,2399.68,Normal,681.0,0.52,595.52,292.49,1,782.87,32,0,706.91,2205.78,Mixto,1419.89,Inversiones,Positivo,39.5,Bajo,105.88,0,35.21713071180213,Crítico
2019-04-01,1109,3809.75,2879.78,0.37,2716.9,Normal,640.0,0.56,498.18,235.04,8,1222.64,40,0,328.19,3212.63,Salario,1218.44,Servicios,Positivo,38.3,Medio,929.97,0,50.20080021881101,En observación
2019-05-01,1054,4581.38,3670.36,0.21,2684.65,Normal,733.0,0.6,398.27,1047.18,3,828.45,60,0,510.7,2073.95,Mixto,1215.9,Servicios,Positivo,19.7,Bajo,911.02,0,46.88331062707578,En observación
2019-05-31,1635,4744.85,3129.47,0.38,2529.99,Normal,600.0,0.13,527.18,542.16,2,1279.96,31,0,102.14,1980.02,Salario,1114.93,Inversiones,Neutral,27.0,Medio,1615.38,0,72.12252054061695,Excelente
2019-06-30,1741,2668.89,3551.11,0.12,2528.76,Normal,634.0,0.47,575.49,241.57,1,751.94,99,0,672.9,1000.0,Salario,959.23,Vivienda,Negativo,34.7,Alto,0.0,0,35.82475079988856,Crítico
2019-07-30,1921,4455.12,2669.96,0.19,3281.61,Inflación,702.0,0.17,613.52,472.72,8,1095.61,36,0,342.72,2072.72,Salario,1320.04,Servicios,Neutral,38.9,Bajo,1785.16,0,57.7922506527846,Saludable
2019-08-29,1823,3139.62,4186.89,0.3,2431.98,Inflación,694.0,0.52,359.36,581.41,5,1378.33,88,0,246.46,2463.05,Mixto,1017.52,Servicios,Negativo,16.5,Bajo,0.0,0,48.471545164345386,En observación
2019-09-28,1200,4569.58,3569.71,0.21,2778.01,Normal,625.0,0.27,669.93,561.14,8,1267.48,66,0,660.7,3072.73,Salario,971.84,Gastos_hormiga,Negativo,5.1,Bajo,999.87,0,51.02189239841945,En observación
2019-10-28,1165,2297.31,3144.83,0.15,2473.32,Normal,729.0,0.11,628.01,596.07,8,426.45,30,0,310.65,2618.74,Salario,1277.41,Salud,Neutral,17.1,Bajo,0.0,0,50.699895897160594,En observación
2019-11-27,1827,3606.54,4063.18,0.24,2511.99,Normal,615.0,0.25,446.64,348.41,1,714.95,95,0,558.79,2390.47,Independiente,774.45,Vivienda,Negativo,33.1,Bajo,0.0,0,51.757956485548256,En observación
2019-12-27,1804,3901.15,2717.0,0.3,1855.69,Normal,622.0,0.38,767.81,486.09,2,1199.7,73,0,710.38,1652.88,Salario,740.95,Ocio,Neutral,21.5,Medio,1184.15,0,54.40340369891979,Estable
2020-01-26,1326,4061.33,3102.7,0.08,2469.49,Recesión,680.0,0.57,746.5,0.0,9,1638.43,55,0,773.07,1735.03,Salario,1224.64,Ocio,Neutral,19.6,Medio,958.63,0,31.883530354601984,Crítico
2020-02-25,1621,4200.39,2733.36,0.14,3651.54,Normal,658.0,0.36,737.39,813.94,4,0.0,39,0,666.01,1000.0,Salario,1336.37,Ocio,Positivo,44.8,Alto,1467.03,0,46.23453176442297,En riesgo
2020-03-26,1543,5502.02,3872.48,0.19,3166.58,Normal,650.0,0.16,314.64,360.5,4,1339.67,89,0,502.01,1629.73,Salario,1718.29,Vivienda,Positivo,72.0,Medio,1629.54,0,59.92593366576772,Saludable
2020-04-25,1153,4987.93,2830.48,0.19,2370.91,Recesión,744.0,0.13,411.87,595.71,8,623.64,93,0,560.05,1912.31,Salario,1725.13,Inversiones,Neutral,0.9,Bajo,2157.45,0,58.51486603385663,Saludable
2020-05-25,1585,2416.54,3593.51,0.31,2950.47,Recesión,813.0,0.14,622.13,664.18,9,1144.8,62,0,688.91,1880.83,Salario,1496.4,Alimentacion,Positivo,67.0,Alto,0.0,0,58.262977709575566,Saludable
2020-06-24,1137,4089.74,3465.71,0.36,3078.5,Inflación,642.0,0.34,472.13,860.3,5,1605.97,52,0,605.68,2660.39,Mixto,1054.14,Alimentacion,Negativo,63.2,Medio,624.03,0,60.4311158914517,Saludable
2020-07-24,1655,4286.02,2758.84,0.33,2035.48,Normal,620.0,0.47,598.8,628.88,3,1215.85,57,0,414.96,1269.64,Salario,430.56,Ocio,Positivo,22.1,Alto,1527.18,0,57.604620032381554,Saludable
2020-08-23,1897,2583.09,2897.54,0.38,3668.7,Recesión,687.0,0.55,300.9,368.93,9,1476.93,62,0,268.33,1299.22,Mixto,1594.95,Educacion,Negativo,31.0,Medio,0.0,0,49.91778122544146,En observación
2020-09-22,1501,6066.1,4571.76,0.36,3087.54,Normal,670.0,0.12,690.67,522.01,3,638.92,51,0,748.75,2416.99,Salario,1100.56,Ocio,Positivo,42.3,Medio,1494.34,0,65.24229974088037,Excelente
2020-10-22,1389,2684.49,2944.61,0.05,3266.41,Normal,674.0,0.41,551.49,174.38,4,563.36,38,0,384.87,3327.86,Mixto,610.06,Servicios,Negativo,82.7,Medio,0.0,0,32.69051133806689,Crítico
2020-11-21,1325,3618.4,4133.73,0.19,2797.97,Inflación,722.0,0.23,289.77,736.52,4,1050.57,20,0,514.12,2178.65,Salario,1390.47,Salud,Neutral,55.2,Medio,0.0,0,53.49458163363796,Estable
2020-12-21,1994,3279.4,3719.96,0.15,2515.25,Inflación,604.0,0.57,764.85,217.82,5,501.35,25,0,514.99,2447.74,Independiente,1047.11,Otros,Positivo,7.7,Alto,0.0,0,32.35983156199051,Crítico
2021-01-20,1688,5099.01,1419.91,0.2,3217.43,Normal,650.0,0.29,378.61,462.98,4,797.52,98,0,513.27,2994.56,Salario,1592.53,Servicios,Neutral,23.4,Medio,3679.1,1,59.00266471590665,Saludable
2021-02-19,1198,5254.63,3690.36,0.09,2301.19,Normal,624.0,0.24,525.88,0.0,8,1115.73,77,0,402.0,2631.39,Salario,681.8,Otros,Negativo,87.5,Medio,1564.27,0,44.65616925445344,En riesgo
2021-03-21,1800,1649.18,2785.35,0.13,2418.8,Normal,675.0,0.23,445.31,277.49,3,1734.84,60,0,516.31,3777.13,Salario,1432.21,Vivienda,Positivo,81.7,Bajo,0.0,0,47.522574141746034,En observación
2021-04-20,1419,3788.48,3132.75,0.32,3528.79,Normal,651.0,0.57,403.45,314.11,3,740.87,44,0,76.83,1083.46,Salario,1220.31,Educacion,Positivo,5.3,Bajo,655.73,0,50.796647445202986,En observación
2021-05-20,1885,4534.09,2518.38,0.09,3354.12,Normal,716.0,0.46,278.32,597.13,3,837.61,62,0,452.87,1969.49,Independiente,651.28,Alimentacion,Positivo,84.0,Bajo,2015.71,0,46.94995624922683,En observación
2021-06-19,1824,3824.28,2233.95,0.06,3002.98,Normal,614.0,0.24,703.35,362.14,6,1182.16,73,0,695.69,1849.14,Salario,1627.7,Transporte,Positivo,30.7,Bajo,1590.33,0,47.253424228507235,En observación
2021-07-19,1523,4430.53,3054.13,0.06,3221.31,Normal,702.0,0.59,471.15,709.62,8,1357.61,69,0,334.26,2069.55,Salario,1197.27,Inversiones,Positivo,70.4,Bajo,1376.4,0,39.275128877963766,Crítico
2021-08-18,1098,4609.38,2293.84,0.13,3223.98,Recesión,637.0,0.49,405.86,154.06,3,1005.17,68,0,731.86,1918.98,Mixto,928.51,Transporte,Negativo,51.4,Alto,2315.54,0,41.79513262819224,En riesgo
2021-09-17,1989,5329.29,2140.66,0.14,2394.66,Normal,703.0,0.51,375.64,0.0,1,987.64,26,0,552.32,2568.68,Independiente,968.17,Salud,Negativo,69.4,Medio,3188.63,1,44.35739393615862,En riesgo
2021-10-17,1305,4009.96,3248.56,0.28,2252.4,Inflación,678.0,0.48,334.99,874.2,5,1429.82,89,0,727.99,1629.61,Salario,1582.72,Vivienda,Positivo,86.4,Alto,761.4,0,53.001568811231444,Estable
2021-11-16,1109,3898.66,3497.65,0.08,2377.03,Inflación,608.0,0.5,497.64,567.28,6,1236.2,68,0,288.32,3025.97,Salario,899.63,Gastos_hormiga,Positivo,85.4,Bajo,401.01,0,39.8236190187769,Crítico
2021-12-16,1982,2677.14,1893.56,0.21,2126.29,Inflación,743.0,0.51,452.15,884.72,2,1257.92,27,0,555.0,3182.03,Mixto,1154.29,Transporte,Positivo,1.5,Bajo,783.58,0,49.483666979974785,En observación
2022-01-15,1266,3127.78,2931.47,0.14,3779.13,Normal,710.0,0.47,459.15,250.32,8,1655.27,34,0,783.68,1779.7,Salario,1118.25,Ocio,Positivo,29.8,Alto,196.31,0,39.827411872138775,Crítico
2022-02-14,1200,4064.16,2708.73,0.28,3720.47,Normal,542.0,0.29,265.23,455.75,8,1138.64,91,0,442.76,1616.87,Salario,396.07,Ocio,Positivo,79.1,Medio,1355.43,0,60.23723149521211,Saludable
2022-03-16,1931,2309.58,2313.79,0.2,2261.35,Normal,663.0,0.41,306.97,897.12,7,681.62,55,0,243.34,2065.36,Salario,851.49,Ocio,Negativo,24.8,Bajo,0.0,0,49.21700064617337,En observación
2022-04-15,1128,4805.37,2235.81,0.21,2579.08,Normal,696.0,0.34,817.56,592.76,4,1086.82,59,0,368.48,1954.77,Independiente,1202.22,Salud,Positivo,34.7,Medio,2569.56,0,55.38111132831463,Estable
2022-05-15,1946,2357.92,3605.77,0.18,2843.81,Normal,714.0,0.27,543.27,222.36,5,732.22,96,1,516.19,1524.27,Salario,1554.86,Ocio,Negativo,89.2,Medio,0.0,0,43.86123564777532,En riesgo
2022-06-14,1855,4655.62,3910.49,0.08,2272.65,Normal,706.0,0.56,659.7,282.68,8,2071.49,34,0,519.47,2762.89,Independiente,1683.77,Transporte,Positivo,18.7,Bajo,745.13,0,35.44521101264743,Crítico
2022-07-14,1498,4990.51,1485.77,0.22,2862.51,Normal,746.0,0.44,721.56,370.61,6,1200.48,51,0,461.23,2265.71,Independiente,1121.14,Alimentacion,Positivo,9.9,Medio,3504.74,1,54.925500853886504,Estable
2022-08-13,1927,6737.39,2520.88,0.33,2706.73,Inflación,633.0,0.2,997.38,362.73,3,966.75,42,0,529.83,1313.8,Mixto,814.94,Ocio,Negativo,76.8,Alto,4216.51,1,67.25590046831802,Excelente
2022-09-12,1753,4427.19,2731.95,0.18,3372.03,Normal,700.0,0.34,546.58,251.78,3,822.3,99,0,512.35,2092.76,Salario,1743.16,Educacion,Positivo,19.7,Bajo,1695.24,0,49.928786324008435,En observación
2022-10-12,1272,5710.41,3616.83,0.31,3079.28,Inflación,663.0,0.41,424.15,582.81,9,1713.24,70,0,921.32,1525.48,Salario,1539.99,Ocio,Positivo,59.5,Medio,2093.58,0,57.23753526269455,Saludable
2022-11-11,1406,4150.82,2735.75,0.14,3025.26,Normal,603.0,0.25,664.43,338.87,8,1379.04,73,0,804.24,1913.24,Salario,1680.86,Salud,Positivo,92.1,Alto,1415.07,0,49.177972911944416,En observación
2022-12-11,1486,3266.72,3395.78,0.21,3100.91,Normal,669.0,0.31,709.76,512.31,9,1056.49,26,0,606.47,2557.35,Salario,1738.28,Educacion,Neutral,39.0,Bajo,0.0,0,46.39923085979445,En riesgo
2023-01-10,1737,2651.03,2755.19,0.37,3017.2,Normal,702.0,0.13,612.44,380.8,2,739.54,67,0,953.53,1631.6,Salario,1249.34,Salud,Positivo,15.3,Alto,0.0,0,61.84870613956116,Saludable
2023-02-09,1754,4400.66,3384.67,0.12,2831.23,Normal,631.0,0.41,343.2,297.95,7,1448.24,63,0,217.4,2504.75,Salario,738.7,Otros,Positivo,46.3,Bajo,1015.99,0,47.322675507100605,En observación
2023-03-11,1789,5861.05,3671.37,0.21,3218.28,Normal,737.0,0.29,547.81,69.82,5,1455.41,93,0,318.73,2038.63,Independiente,1907.79,Gastos_hormiga,Negativo,33.6,Medio,2189.68,0,52.35113607745095,En observación
2023-04-10,1175,5085.65,3201.07,0.38,2802.58,Normal,643.0,0.18,482.27,34.58,7,641.21,48,0,407.59,2053.56,Salario,1463.46,Vivienda,Negativo,35.4,Bajo,1884.58,0,62.46960653071194,Excelente
2023-05-10,1236,3926.44,2339.91,0.34,3052.81,Recesión,618.0,0.47,221.04,499.32,7,385.63,32,0,403.51,2459.95,Mixto,495.0,Alimentacion,Positivo,50.3,Bajo,1586.53,0,56.10557576403162,Estable
2023-06-09,1919,3439.29,3526.43,0.18,2635.15,Normal,593.0,0.18,650.92,365.01,4,1765.09,83,0,432.86,1938.33,Salario,916.6,Servicios,Positivo,32.7,Bajo,0.0,0,56.48351734216741,Estable
2023-07-09,1368,2715.23,1976.34,0.31,2803.53,Normal,749.0,0.54,276.48,422.8,2,0.0,43,1,474.65,1844.53,Salario,1262.37,Ocio,Positivo,62.3,Bajo,738.89,0,48.61463724992336,En observación
2023-08-08,1597,5583.22,3617.96,0.12,2848.01,Normal,620.0,0.42,151.38,224.26,9,653.18,75,0,391.85,1603.89,Mixto,1117.16,Gastos_hormiga,Positivo,95.2,Bajo,1965.26,0,46.00464438896476,En riesgo
2023-09-07,1178,5030.67,2803.42,0.14,2764.69,Normal,638.0,0.14,529.14,59.89,4,1147.87,85,0,447.49,1736.85,Salario,1293.03,Otros,Positivo,59.8,Alto,2227.25,0,56.05499793865329,Estable
2023-10-07,1075,3005.0,3515.83,0.16,2947.88,Inflación,691.0,0.46,325.1,403.75,9,778.46,95,0,762.79,2293.56,Mixto,1689.84,Salud,Positivo,45.1,Alto,0.0,0,38.19589268952724,Crítico
2023-11-06,1502,4444.28,3586.98,0.16,3158.17,Inflación,658.0,0.43,243.02,0.0,6,573.8,62,0,634.53,2430.87,Salario,1651.43,Servicios,Neutral,92.2,Alto,857.3,0,39.52784426322798,Crítico
2019-01-01,1048,5026.76,3636.73,0.32,3216.36,Normal,657.0,0.38,750.73,529.29,4,2373.34,69,0,576.9,2100.32,Mixto,863.26,Alimentacion,Positivo,65.0,Bajo,1390.03,0,61.437223729839786,Saludable
2019-01-31,1696,2656.73,2325.14,0.15,2749.16,Inflación,701.0,0.41,474.8,763.89,7,1180.23,72,0,357.14,2505.23,Salario,1719.18,Vivienda,Positivo,82.4,Bajo,331.59,0,46.7471978892443,En observación
2019-03-02,1565,2801.61,2670.41,0.26,2077.18,Normal,691.0,0.4,618.37,467.35,4,827.78,87,0,380.34,2691.71,Mixto,1243.24,Inversiones,Positivo,47.9,Medio,131.2,0,49.81892491482236,En observación
2019-04-01,1675,4721.14,2536.01,0.39,1748.6,Inflación,681.0,0.26,612.85,296.92,2,1124.6,87,0,444.9,2682.73,Salario,1148.62,Gastos_hormiga,Negativo,14.6,Medio,2185.13,1,64.76584364310503,Excelente
2019-05-01,1799,4025.6,3903.41,0.33,2593.2,Normal,657.0,0.57,403.76,190.2,7,866.26,23,0,260.9,1625.73,Independiente,1610.4,Ocio,Positivo,15.7,Bajo,122.19,0,47.085262325071376,En observación
2019-05-31,1196,3306.65,2961.81,0.08,2810.29,Normal,675.0,0.28,572.86,505.5,8,381.89,61,0,842.97,1299.08,Salario,1291.96,Vivienda,Neutral,2.3,Medio,344.84,0,41.54065070917574,En riesgo
2019-06-30,1211,3866.63,5106.9,0.17,2956.73,Recesión,631.0,0.5,964.74,323.48,2,78.75,28,1,648.08,2652.75,Salario,1980.38,Ocio,Positivo,5.4,Bajo,0.0,0,32.43647728747469,Crítico
2019-07-30,1475,5160.89,2513.62,0.36,2139.14,Inflación,649.0,0.32,322.98,440.18,7,1096.7,35,0,922.25,1982.05,Mixto,1023.21,Servicios,Positivo,99.9,Bajo,2647.27,1,64.90018221892493,Excelente
2019-08-29,1649,4543.47,2187.26,0.09,2771.86,Normal,698.0,0.3,399.66,80.53,7,1582.48,37,0,439.06,2190.55,Salario,730.39,Alimentacion,Positivo,70.8,Bajo,2356.21,0,50.972610468474095,En observación
2019-09-28,1464,4184.43,2190.78,0.21,2728.62,Normal,636.0,0.51,353.45,0.0,7,1000.13,67,0,333.29,3286.93,Independiente,965.31,Otros,Positivo,66.8,Medio,1993.65,0,44.979425419408074,En riesgo
2019-10-28,1458,4122.43,4323.02,0.13,3054.99,Normal,607.0,0.24,149.65,300.76,5,1595.21,85,0,613.17,2148.82,Independiente,1558.68,Alimentacion,Positivo,79.5,Bajo,0.0,0,50.594393498547184,En observación
2019-11-27,1053,2551.57,2293.94,0.22,3572.97,Normal,685.0,0.31,503.07,423.98,2,1166.07,86,0,379.32,2753.34,Independiente,300.0,Gastos_hormiga,Positivo,95.9,Medio,257.63,0,52.67984373442302,Estable
2019-12-27,1048,4910.32,2386.86,0.05,2359.45,Normal,693.0,0.2,794.2,558.22,5,716.03,86,0,422.18,2973.95,Salario,1073.34,Ocio,Positivo,71.3,Bajo,2523.46,1,51.690641337469856,En observación
2020-01-26,1284,3324.79,3993.77,0.33,3072.31,Recesión,670.0,0.51,873.74,194.67,6,1396.84,23,0,646.94,1553.7,Salario,1362.0,Servicios,Positivo,96.1,Alto,0.0,0,45.01015308386083,En riesgo
2020-02-25,1408,2571.25,1455.54,0.25,2439.37,Normal,637.0,0.39,486.3,342.51,3,507.87,60,0,452.25,2924.52,Salario,1550.85,Transporte,Positivo,28.8,Bajo,1115.71,0,50.28075853624885,En observación
2020-03-26,1437,4687.22,2770.55,0.36,2952.45,Recesión,687.0,0.22,143.67,560.85,4,1074.57,25,0,493.52,2635.11,Salario,1512.87,Servicios,Neutral,90.0,Bajo,1916.67,0,67.42538462685837,Excelente
2020-04-25,1076,5454.76,2154.47,0.24,2266.39,Normal,710.0,0.5,637.62,641.61,4,677.57,21,0,489.71,2510.36,Independiente,1543.86,Transporte,Negativo,81.4,Medio,3300.29,1,50.43725281578152,En observación
2020-05-25,1343,5347.98,3127.12,0.38,2091.29,Normal,686.0,0.48,830.49,121.27,2,994.79,68,0,545.33,3026.19,Salario,1135.35,Ocio,Positivo,81.8,Medio,2220.86,1,54.84996316505721,Estable
2020-06-24,1747,1876.64,4276.5,0.23,1681.78,Normal,716.0,0.43,899.33,313.01,6,1077.59,35,0,670.36,1882.99,Salario,1160.24,Vivienda,Positivo,55.9,Medio,0.0,0,40.50109104644892,En riesgo
2020-07-24,1851,3742.1,3083.87,0.33,2886.5,Normal,720.0,0.59,427.68,872.32,5,1118.76,75,0,278.09,2981.98,Salario,655.71,Otros,Neutral,97.0,Medio,658.23,0,51.21385235575592,En observación
2020-08-23,1408,3402.84,3095.39,0.06,3036.05,Normal,689.0,0.46,461.02,667.32,3,1516.96,39,0,420.19,1302.91,Mixto,785.19,Servicios,Positivo,65.3,Bajo,307.45,0,44.260516541136774,En riesgo
2020-09-22,1896,3623.36,3528.04,0.38,2213.47,Normal,668.0,0.24,393.33,579.28,3,1738.23,34,0,645.86,2373.8,Independiente,977.71,Educacion,Positivo,32.8,Bajo,95.32,0,65.80301300065463,Excelente
2020-10-22,1215,4266.3,3036.63,0.1,3616.63,Inflación,634.0,0.41,140.33,94.32,7,1396.4,81,0,565.3,1501.63,Salario,1042.62,Inversiones,Positivo,53.5,Medio,1229.67,0,44.71796878598936,En riesgo
2020-11-21,1127,3837.87,3038.68,0.15,3960.25,Normal,672.0,0.21,545.39,472.29,4,1085.05,98,0,349.88,2865.26,Salario,1173.12,Transporte,Positivo,70.5,Medio,799.19,0,52.21624763936814,En observación
2020-12-21,1489,3219.47,2409.59,0.28,3235.17,Normal,674.0,0.47,568.4,643.96,7,1165.88,89,0,610.53,1898.94,Salario,1126.08,Inversiones,Neutral,94.7,Bajo,809.88,0,50.20750122559647,En observación
2021-01-20,1637,3748.07,3559.08,0.24,2634.2,Normal,684.0,0.43,678.38,502.43,9,939.24,36,0,751.18,1903.07,Salario,1791.84,Servicios,Positivo,69.0,Alto,188.99,0,44.65739388716224,En riesgo
2021-02-19,1940,4358.13,3525.91,0.24,3825.04,Normal,755.0,0.31,726.38,95.86,5,925.21,29,0,412.07,1931.73,Salario,1046.86,Alimentacion,Positivo,0.8,Bajo,832.22,0,51.089645081439365,En observación
2021-03-21,1659,2564.52,528.43,0.37,3710.16,Normal,634.0,0.46,446.14,144.37,8,632.62,27,0,454.74,1996.53,Independiente,817.94,Gastos_hormiga,Positivo,78.9,Bajo,2036.09,0,54.91571690158738,Estable
2021-04-20,1668,2482.43,3409.37,0.11,2947.33,Normal,744.0,0.24,840.11,294.95,1,569.85,76,0,780.3,2376.93,Salario,1375.99,Transporte,Positivo,89.4,Alto,0.0,0,40.80523498777585,En riesgo
2021-05-20,1623,4348.67,2319.55,0.29,1793.65,Normal,628.0,0.36,309.35,519.73,3,517.86,41,0,324.08,1977.47,Salario,398.92,Vivienda,Positivo,13.6,Bajo,2029.12,1,61.62399610182347,Saludable
2021-06-19,1804,4558.71,3893.4,0.12,3720.03,Normal,685.0,0.11,427.88,474.65,8,0.0,44,0,589.98,3002.99,Independiente,1199.99,Otros,Positivo,34.1,Bajo,665.31,0,49.62499006567973,En observación
2021-07-19,1528,2696.33,4383.92,0.16,2334.44,Normal,781.0,0.16,541.94,155.02,9,819.03,73,0,286.13,2805.28,Independiente,1382.07,Servicios,Positivo,79.2,Bajo,0.0,0,47.35294331240535,En observación
2021-08-18,1512,3032.06,2532.83,0.08,2491.6,Recesión,626.0,0.31,905.02,441.33,4,1566.03,92,0,811.21,2401.58,Salario,1061.38,Vivienda,Positivo,33.3,Bajo,499.23,0,44.22525513277912,En riesgo
2021-09-17,1992,2586.75,1986.99,0.29,2541.13,Inflación,729.0,0.13,755.51,146.2,5,822.22,58,0,634.8,2620.12,Mixto,823.97,Inversiones,Positivo,0.8,Medio,599.76,0,58.500740186603956,Saludable
2021-10-17,1272,3466.72,3246.7,0.21,3563.86,Inflación,657.0,0.39,608.43,0.0,9,714.29,78,0,761.25,2750.12,Salario,1771.87,Vivienda,Positivo,0.7,Bajo,220.02,0,40.20610297342997,Crítico
2021-11-16,1155,3634.99,4646.84,0.35,3024.86,Recesión,590.0,0.6,291.01,305.78,1,556.13,86,0,433.19,1887.85,Salario,1149.33,Otros,Negativo,78.5,Alto,0.0,0,43.38943258007315,En riesgo
2021-12-16,1213,3878.21,4252.27,0.13,3011.93,Normal,737.0,0.25,445.08,612.36,9,1199.01,37,0,489.46,3072.24,Salario,534.37,Transporte,Positivo,56.4,Bajo,0.0,0,49.046908647614856,En observación
2022-01-15,1098,3381.49,2511.31,0.15,3827.6,Recesión,631.0,0.32,548.03,255.31,2,0.0,77,0,370.14,1862.06,Salario,1062.79,Servicios,Negativo,74.4,Bajo,870.18,0,44.04458070708764,En riesgo
2022-02-14,1367,3721.78,3474.64,0.18,2525.57,Inflación,688.0,0.36,617.54,415.47,2,520.93,55,0,366.05,2204.38,Salario,1225.51,Vivienda,Positivo,92.9,Bajo,247.14,0,47.398420573703554,En observación
2022-03-16,1975,4103.18,1429.14,0.14,3061.88,Normal,578.0,0.48,838.61,218.39,6,1314.01,62,0,538.49,1622.35,Independiente,1188.24,Vivienda,Positivo,42.2,Medio,2674.04,0,44.93917373250701,En riesgo
2022-04-15,1037,3663.05,3183.98,0.2,2415.92,Normal,667.0,0.53,749.44,94.87,7,1186.39,29,0,724.99,2725.55,Salario,1166.44,Inversiones,Positivo,24.5,Alto,479.07,0,37.832147275459064,Crítico
2022-05-15,1773,3431.03,2674.01,0.09,2327.69,Recesión,655.0,0.26,733.69,125.29,1,1546.97,50,0,475.35,2420.72,Salario,1574.76,Educacion,Positivo,69.9,Alto,757.02,0,46.4433244489342,En riesgo
2022-06-14,1359,4564.72,3822.91,0.13,2096.04,Inflación,771.0,0.26,307.19,440.57,6,878.29,86,0,475.14,2673.79,Salario,2331.12,Servicios,Negativo,92.9,Bajo,741.81,0,45.95324779494771,En riesgo
2022-07-14,1703,4530.16,2588.87,0.08,3093.13,Normal,758.0,0.38,799.1,570.77,3,1041.48,70,0,772.5,1455.77,Independiente,1026.23,Servicios,Neutral,50.2,Bajo,1941.29,0,44.963433270979166,En riesgo
2022-08-13,1514,3337.61,3491.33,0.27,2247.47,Normal,590.0,0.4,542.22,288.37,8,941.54,37,0,550.48,1924.02,Mixto,699.54,Alimentacion,Neutral,38.5,Bajo,0.0,0,48.577898326459234,En observación
2022-09-12,1499,4950.53,2660.23,0.1,2722.77,Recesión,697.0,0.13,355.31,626.49,6,1294.31,23,0,191.95,2894.7,Mixto,2070.84,Ocio,Neutral,76.5,Bajo,2290.3,0,57.73958634274365,Saludable
2022-10-12,1074,3604.93,3988.9,0.31,2924.95,Normal,723.0,0.33,899.1,37.24,4,620.93,23,0,463.33,2238.26,Salario,863.76,Alimentacion,Neutral,88.3,Bajo,0.0,0,48.739196138823566,En observación
2022-11-11,1695,3333.42,2866.01,0.28,3242.65,Recesión,656.0,0.45,764.27,0.0,4,1440.17,54,0,463.89,2456.95,Salario,1392.13,Salud,Positivo,83.5,Bajo,467.41,0,47.34539256737253,En observación
2022-12-11,1252,4000.02,2328.58,0.15,2220.19,Recesión,649.0,0.27,847.92,437.01,4,595.56,81,0,1056.87,1689.55,Salario,663.87,Gastos_hormiga,Positivo,73.4,Bajo,1671.44,0,49.04850245543299,En observación
2023-01-10,1224,2223.4,4052.87,0.24,1666.71,Normal,748.0,0.23,302.07,125.3,7,0.0,27,0,462.78,2958.2,Independiente,885.91,Servicios,Positivo,49.7,Bajo,0.0,0,47.47988672836352,En observación
2023-02-09,1525,3317.96,2244.96,0.16,2676.84,Normal,676.0,0.29,564.75,240.94,9,616.13,87,0,771.54,1482.21,Salario,675.18,Transporte,Positivo,17.5,Alto,1073.0,0,47.40281695315638,En observación
2023-03-11,1803,4567.36,1759.78,0.2,2890.83,Normal,691.0,0.55,746.58,567.41,2,1021.65,86,0,394.38,2986.7,Salario,1506.79,Servicios,Positivo,87.4,Alto,2807.58,0,46.7558668927973,En observación
2023-04-10,1153,4736.23,2157.48,0.06,2196.61,Normal,662.0,0.4,289.77,322.29,3,469.2,94,0,589.69,1045.09,Independiente,517.71,Salud,Positivo,25.3,Bajo,2578.75,1,48.12963872053704,En observación
2023-05-10,1807,4482.65,2778.98,0.33,2849.01,Normal,733.0,0.11,542.56,0.0,8,1256.63,34,0,405.33,3889.18,Salario,731.96,Educacion,Negativo,8.9,Medio,1703.67,0,61.79381763728235,Saludable
2023-06-09,1628,4505.88,3163.56,0.29,2157.48,Recesión,759.0,0.27,135.89,917.85,3,957.09,79,0,1053.6,2116.95,Salario,948.3,Alimentacion,Negativo,0.2,Bajo,1342.32,0,60.14463572058978,Saludable
2023-07-09,1256,3700.6,3883.78,0.12,2798.97,Normal,795.0,0.11,230.12,380.85,1,839.0,35,0,367.45,2202.35,Salario,946.23,Servicios,Positivo,95.0,Bajo,0.0,0,55.68869550436202,Estable
2023-08-08,1737,2410.85,2662.64,0.14,3478.9,Inflación,757.0,0.34,430.99,454.46,7,1216.32,29,0,500.57,2090.47,Salario,1451.78,Alimentacion,Positivo,42.6,Bajo,0.0,0,45.45991898298294,En riesgo
2023-09-07,1339,3004.32,2638.58,0.32,3205.82,Recesión,668.0,0.42,682.86,374.24,7,701.97,79,0,214.6,1658.69,Independiente,1406.91,Vivienda,Positivo,9.3,Medio,365.74,0,51.25604253279751,En observación
2023-10-07,1821,3771.84,3244.96,0.08,2780.08,Recesión,667.0,0.39,421.53,557.29,8,794.06,41,0,479.25,2849.38,Salario,1104.26,Otros,Neutral,8.5,Bajo,526.88,0,40.891452328314685,En riesgo
2023-11-06,1582,4735.73,1392.36,0.18,2826.4,Inflación,671.0,0.49,428.61,748.8,5,874.75,68,0,150.96,3448.23,Salario,1142.43,Vivienda,Neutral,96.6,Medio,3343.37,1,52.96620300559772,Estable
2019-01-01,1780,3664.19,1462.03,0.2,2326.2,Normal,598.0,0.23,169.87,674.51,7,796.65,29,0,395.86,2541.82,Salario,1141.8,Servicios,Negativo,36.5,Alto,2202.16,0,57.635211744271196,Saludable
2019-01-31,1374,3885.63,2852.55,0.09,2441.69,Inflación,737.0,0.49,619.97,286.25,4,1245.93,76,0,738.47,1101.12,Independiente,1591.46,Ocio,Negativo,3.5,Bajo,1033.08,0,37.76103434917268,Crítico
2019-03-02,1419,4597.8,1857.4,0.39,3096.4,Normal,655.0,0.21,392.62,188.99,7,754.26,68,0,666.97,2620.23,Salario,1345.19,Ocio,Positivo,53.0,Bajo,2740.4,0,66.55085992143826,Excelente
2019-04-01,1310,5201.93,3669.72,0.21,2392.96,Normal,606.0,0.43,684.12,339.24,6,165.26,41,1,409.53,2547.73,Salario,1065.59,Alimentacion,Positivo,91.9,Medio,1532.21,0,44.4606662521803,En riesgo
2019-05-01,1544,5219.48,2840.75,0.39,2019.63,Normal,719.0,0.52,426.94,129.94,4,1366.26,26,0,404.79,2027.88,Independiente,1731.17,Vivienda,Positivo,43.3,Bajo,2378.73,1,58.44720363481311,Saludable
2019-05-31,1443,3451.76,1246.26,0.13,2080.15,Normal,661.0,0.53,559.8,220.11,4,1191.36,81,0,652.8,2646.93,Salario,1063.34,Alimentacion,Positivo,81.3,Bajo,2205.5,1,44.19901032860805,En riesgo
2019-06-30,1186,4478.78,3190.63,0.06,2752.43,Normal,632.0,0.11,457.55,210.85,7,1130.73,37,0,159.04,2394.08,Salario,300.0,Salud,Positivo,78.1,Bajo,1288.15,0,54.40281292192963,Estable
2019-07-30,1315,2097.52,4403.14,0.37,3017.51,Normal,658.0,0.28,610.22,28.99,9,938.7,57,0,601.95,3608.57,Salario,1287.62,Otros,Positivo,87.3,Medio,0.0,0,48.71477025893396,En observación
2019-08-29,1411,3605.42,1967.19,0.12,3775.75,Normal,632.0,0.31,460.33,802.34,7,669.82,85,0,752.72,2787.72,Salario,763.19,Educacion,Positivo,67.1,Bajo,1638.23,0,49.01793581103997,En observación
2019-09-28,1227,3704.29,3077.46,0.33,2194.05,Recesión,632.0,0.58,569.28,140.81,3,540.88,69,0,464.49,1786.51,Independiente,1071.82,Gastos_hormiga,Negativo,89.4,Medio,626.83,0,43.73963615777974,En riesgo
2019-10-28,1882,2369.32,3415.98,0.16,2228.25,Normal,679.0,0.32,608.52,88.08,6,349.43,96,0,698.75,2691.42,Independiente,762.69,Transporte,Positivo,21.0,Bajo,0.0,0,40.465421974355394,En riesgo
2019-11-27,1605,1940.92,3667.78,0.19,2711.17,Normal,639.0,0.25,663.6,79.0,9,1452.51,21,0,340.8,1193.92,Mixto,755.67,Otros,Neutral,37.7,Bajo,0.0,0,47.93180104455932,En observación
2019-12-27,1757,3568.93,2621.82,0.19,2343.12,Normal,681.0,0.55,385.83,455.31,4,911.69,49,0,360.97,1357.68,Independiente,1028.19,Gastos_hormiga,Positivo,36.7,Alto,947.11,0,44.923894504328494,En riesgo
2020-01-26,1909,3718.65,2586.2,0.27,3746.79,Normal,635.0,0.27,483.14,555.05,3,1282.18,34,0,600.24,3029.1,Independiente,977.26,Vivienda,Neutral,26.4,Medio,1132.45,0,56.65484678854065,Estable
2020-02-25,1220,4237.7,2526.78,0.07,3161.0,Recesión,704.0,0.43,144.97,328.86,1,1301.13,37,0,828.46,1271.5,Salario,1561.97,Servicios,Positivo,35.6,Bajo,1710.92,0,45.621432793140464,En riesgo
2020-03-26,1415,6326.95,3744.31,0.18,2110.99,Normal,734.0,0.54,548.16,565.97,2,883.99,38,0,614.14,2175.37,Mixto,648.88,Ocio,Positivo,60.0,Bajo,2582.64,1,48.50922024170633,En observación
2020-04-25,1631,3397.68,2411.48,0.25,3757.28,Inflación,640.0,0.45,547.43,532.64,4,105.0,93,0,456.26,1885.64,Salario,1065.27,Inversiones,Neutral,59.5,Medio,986.2,0,46.4910939084082,En riesgo
2020-05-25,1261,4122.67,4323.12,0.06,2857.97,Inflación,685.0,0.52,720.77,480.23,4,541.69,58,0,688.68,2639.44,Salario,720.33,Alimentacion,Neutral,95.7,Bajo,0.0,0,31.644278336446718,Crítico
2020-06-24,1418,4108.74,2395.76,0.33,2648.34,Recesión,684.0,0.1,576.5,222.34,3,1440.0,33,0,577.59,1243.61,Salario,1333.61,Alimentacion,Positivo,26.6,Medio,1712.98,0,69.01353395713849,Excelente
2020-07-24,1592,4239.48,2694.98,0.25,3893.65,Normal,629.0,0.19,651.54,492.66,6,649.92,96,0,643.53,2241.09,Salario,1327.77,Ocio,Negativo,5.1,Alto,1544.5,0,54.514085395051275,Estable
2020-08-23,1937,5658.78,1950.82,0.21,2505.21,Normal,753.0,0.11,692.79,602.16,8,1480.39,46,0,94.59,1825.62,Salario,757.66,Gastos_hormiga,Positivo,45.5,Alto,3707.96,1,70.20157853987358,Excelente
2020-09-22,1237,4942.76,2125.28,0.25,3072.48,Normal,718.0,0.55,381.53,575.14,6,1280.06,78,0,568.26,2819.31,Salario,1942.2,Ocio,Positivo,80.3,Alto,2817.48,0,49.85221632947126,En observación
2020-10-22,1517,4701.15,1944.31,0.31,2446.83,Recesión,665.0,0.33,307.81,306.64,7,872.25,29,0,429.85,2213.05,Salario,1159.35,Inversiones,Positivo,51.0,Bajo,2756.84,1,62.863614170172085,Excelente
2020-11-21,1645,4189.92,3941.02,0.29,3687.77,Recesión,608.0,0.46,523.79,55.24,7,1319.76,30,0,437.55,1566.78,Independiente,1575.62,Ocio,Neutral,2.5,Medio,248.9,0,46.43765921386853,En riesgo
2020-12-21,1849,3557.29,3302.7,0.25,3064.54,Inflación,687.0,0.43,344.88,119.36,1,1286.41,33,0,615.96,2166.96,Salario,1813.17,Otros,Positivo,16.4,Alto,254.59,0,47.53245874450764,En observación
2021-01-20,1091,2927.02,2492.13,0.09,2553.59,Inflación,744.0,0.53,497.76,613.9,3,1972.13,86,0,678.52,2991.42,Independiente,771.64,Salud,Positivo,79.1,Bajo,434.89,0,41.263361583841544,En riesgo
2021-02-19,1346,2903.77,1357.21,0.37,3195.68,Normal,628.0,0.21,742.36,618.21,4,763.28,45,0,418.47,2379.46,Independiente,1538.14,Gastos_hormiga,Positivo,22.3,Medio,1546.56,0,64.37832076221406,Excelente
2021-03-21,1637,4327.77,3154.73,0.33,3359.46,Normal,608.0,0.31,717.15,104.91,3,1091.82,23,0,443.4,2752.42,Salario,1140.7,Gastos_hormiga,Positivo,37.5,Medio,1173.04,0,56.303722251979266,Estable
2021-04-20,1047,4873.0,3477.82,0.24,3437.07,Inflación,653.0,0.17,378.11,563.35,8,776.84,57,0,315.63,2119.93,Salario,1972.01,Inversiones,Positivo,12.5,Medio,1395.18,0,59.859520575904426,Saludable
2021-05-20,1667,4207.24,3409.25,0.27,3005.56,Recesión,658.0,0.2,298.73,610.19,1,1578.22,35,0,245.45,2125.75,Salario,1166.55,Otros,Positivo,92.5,Alto,797.99,0,64.96007541591489,Excelente
2021-06-19,1557,4776.26,4119.67,0.07,2743.44,Recesión,766.0,0.32,582.46,849.42,4,1349.01,34,0,479.1,2033.45,Salario,776.98,Ocio,Positivo,19.8,Bajo,656.59,0,48.830288517609965,En observación
2021-07-19,1487,3454.82,3024.92,0.09,2978.65,Normal,634.0,0.43,796.94,600.71,2,1533.13,77,0,717.01,2480.63,Salario,1264.67,Educacion,Positivo,59.7,Bajo,429.9,0,41.857121317886524,En riesgo
2021-08-18,1584,4519.37,3956.7,0.06,2875.26,Normal,630.0,0.29,481.41,629.43,8,629.74,88,0,827.1,2341.3,Salario,831.1,Servicios,Positivo,62.6,Alto,562.67,0,42.45738569742981,En riesgo
2021-09-17,1664,2254.1,2907.71,0.06,2962.08,Normal,627.0,0.37,310.87,111.81,5,1673.62,90,1,71.5,2176.83,Independiente,499.62,Inversiones,Positivo,40.8,Bajo,0.0,0,43.200379670377814,En riesgo
2021-10-17,1882,5347.9,3760.72,0.37,2773.39,Inflación,639.0,0.59,383.98,371.72,7,2412.13,92,0,449.53,2115.78,Salario,1663.95,Vivienda,Positivo,93.6,Medio,1587.18,0,55.32822362968879,Estable
2021-11-16,1228,3473.49,3254.23,0.34,3218.67,Normal,640.0,0.23,956.45,409.35,6,359.86,83,0,365.85,1498.27,Salario,982.54,Gastos_hormiga,Negativo,33.7,Medio,219.26,0,55.15871571981066,Estable
2021-12-16,1756,2288.96,3012.86,0.3,3148.11,Normal,656.0,0.47,563.98,317.43,1,897.06,33,0,535.46,2352.47,Independiente,814.97,Gastos_hormiga,Negativo,75.1,Medio,0.0,0,45.104529777967564,En riesgo
2022-01-15,1509,4723.72,1666.13,0.35,2942.07,Normal,648.0,0.33,134.92,259.89,1,935.92,62,0,389.75,2121.33,Salario,1023.2,Salud,Neutral,92.0,Alto,3057.59,1,66.82964375090725,Excelente
2022-02-14,1769,3548.63,2946.21,0.3,3203.3,Inflación,702.0,0.59,407.48,244.93,4,1070.11,83,0,432.16,1646.46,Salario,632.1,Gastos_hormiga,Positivo,60.4,Medio,602.42,0,47.53892389317604,En observación
2022-03-16,1750,4056.64,2764.49,0.17,2822.13,Inflación,649.0,0.25,542.19,359.37,5,1258.19,63,0,309.1,2440.89,Salario,1239.51,Otros,Neutral,1.4,Bajo,1292.15,0,53.78791447170253,Estable
2022-04-15,1565,4879.61,3328.07,0.17,3469.88,Normal,657.0,0.18,438.02,269.52,9,1667.98,40,0,709.07,1495.18,Independiente,1075.97,Gastos_hormiga,Positivo,51.3,Bajo,1551.54,0,57.15621365855435,Estable
2022-05-15,1494,2506.27,2138.17,0.15,3988.36,Normal,700.0,0.36,803.75,217.53,2,1690.67,77,0,928.48,1711.83,Independiente,843.1,Educacion,Negativo,54.6,Bajo,368.1,0,42.66701386196982,En riesgo
2022-06-14,1589,2791.96,3511.49,0.05,3029.16,Inflación,661.0,0.15,177.3,50.42,1,499.52,59,0,578.31,1469.67,Salario,1022.63,Educacion,Neutral,82.3,Bajo,0.0,0,45.39766347723166,En riesgo
2022-07-14,1678,2367.41,2366.94,0.27,2532.28,Normal,668.0,0.22,669.72,485.37,7,196.47,55,1,412.89,1121.21,Salario,1331.47,Salud,Positivo,80.1,Bajo,0.47,0,55.33286993875594,Estable
2022-08-13,1079,3674.29,2291.63,0.07,2325.51,Normal,812.0,0.49,337.69,317.35,7,992.21,84,0,428.84,2250.66,Salario,1400.5,Educacion,Positivo,48.3,Medio,1382.66,0,39.56468142424976,Crítico
2022-09-12,1998,4997.92,4692.49,0.16,2001.26,Inflación,772.0,0.45,252.7,237.12,1,0.0,23,0,892.63,2629.39,Independiente,729.93,Transporte,Neutral,32.4,Bajo,305.43,0,37.90570387235587,Crítico
2022-10-12,1813,5782.05,3674.54,0.37,3226.92,Inflación,696.0,0.24,395.89,298.8,3,849.83,94,0,0.0,2276.15,Salario,1018.62,Alimentacion,Positivo,42.2,Medio,2107.51,0,67.50331697137383,Excelente
2022-11-11,1212,5144.22,1162.32,0.4,2116.16,Inflación,752.0,0.26,394.54,680.59,2,1278.67,26,0,165.74,1999.85,Salario,1420.82,Inversiones,Positivo,32.1,Bajo,3981.9,1,77.72543075639781,Excelente
2022-12-11,1578,3968.41,5095.19,0.07,3064.73,Normal,748.0,0.24,442.87,449.18,3,882.17,93,0,177.64,1439.32,Independiente,838.76,Transporte,Neutral,75.7,Alto,0.0,0,45.24988319876701,En riesgo
2023-01-10,1221,3299.78,3499.48,0.27,3246.7,Inflación,693.0,0.3,428.05,0.0,1,1253.87,28,0,530.65,2714.9,Salario,1964.7,Vivienda,Positivo,95.2,Bajo,0.0,0,51.305610143680084,En observación
2023-02-09,1297,4091.62,3365.25,0.06,2451.36,Recesión,681.0,0.41,390.24,17.75,2,904.48,30,0,533.97,2025.72,Independiente,1106.88,Gastos_hormiga,Negativo,35.2,Alto,726.37,0,36.55868430862427,Crítico
2023-03-11,1642,4814.81,2795.2,0.34,2271.95,Normal,769.0,0.43,516.65,654.73,8,1460.49,20,0,662.24,2501.98,Independiente,1143.91,Alimentacion,Neutral,29.3,Bajo,2019.61,0,56.94110312620916,Estable
2023-04-10,1684,4546.78,2833.01,0.12,2110.77,Normal,583.0,0.26,363.02,436.14,2,1332.17,77,0,305.12,2884.28,Independiente,1324.98,Servicios,Positivo,50.3,Medio,1713.77,0,52.933256229111564,Estable
2023-05-10,1346,4001.4,3984.94,0.14,3651.38,Recesión,606.0,0.3,497.99,357.93,6,1259.23,24,0,526.9,1804.4,Independiente,1125.57,Salud,Positivo,27.0,Bajo,16.46,0,47.40757395199264,En observación
2023-06-09,1367,5792.43,3796.08,0.4,2173.03,Normal,682.0,0.16,424.06,213.55,3,1345.83,36,0,721.06,2176.12,Salario,748.25,Alimentacion,Positivo,80.9,Alto,1996.35,0,68.39713432026548,Excelente
2023-07-09,1304,3837.97,3080.73,0.18,2712.58,Inflación,716.0,0.41,356.25,352.43,2,1395.87,38,0,547.1,1500.55,Mixto,1413.68,Gastos_hormiga,Positivo,65.9,Bajo,757.24,0,50.52872369030895,En observación
2023-08-08,1076,3718.44,2933.86,0.19,2358.98,Normal,680.0,0.59,365.27,0.0,6,1793.79,37,0,406.21,2921.71,Salario,1716.73,Otros,Positivo,69.6,Medio,784.58,0,40.208430317608745,Crítico
2023-09-07,1537,5138.61,2285.36,0.29,2728.63,Normal,713.0,0.18,766.02,313.06,9,932.81,43,0,980.04,2559.91,Salario,1278.18,Educacion,Positivo,62.6,Bajo,2853.25,1,61.84892606557364,Saludable
2023-10-07,1933,6079.53,4533.26,0.22,2864.57,Normal,685.0,0.51,447.13,664.0,1,1045.78,20,0,439.98,2437.29,Mixto,1262.53,Inversiones,Neutral,74.1,Alto,1546.27,0,47.5840823825724,En observación
2023-11-06,1241,3771.22,4103.4,0.32,2979.76,Recesión,727.0,0.46,459.2,541.03,6,1602.49,73,0,270.15,1849.38,Salario,1400.58,Salud,Positivo,39.1,Bajo,0.0,0,54.1584895036314,Estable
2019-01-01,1017,3589.97,2726.37,0.05,3083.59,Inflación,608.0,0.25,257.02,312.7,1,855.49,80,0,547.19,2914.13,Salario,855.44,Educacion,Negativo,83.6,Medio,863.6,0,44.582689650126916,En riesgo
2019-01-31,1121,3762.45,1712.47,0.2,3338.04,Normal,762.0,0.46,442.66,701.87,1,1271.44,68,0,592.1,2585.21,Salario,1302.86,Transporte,Positivo,48.9,Medio,2049.98,0,51.71503453394989,En observación
2019-03-02,1436,5412.31,1600.09,0.16,3514.24,Normal,761.0,0.47,381.71,371.93,8,1012.52,87,0,485.92,2238.0,Salario,872.1,Gastos_hormiga,Neutral,42.9,Medio,3812.22,1,51.75217110584723,En observación
2019-04-01,1570,3034.42,3808.02,0.28,3043.21,Normal,668.0,0.28,714.36,292.83,1,1274.66,21,0,551.7,2484.35,Independiente,1040.23,Alimentacion,Neutral,31.1,Bajo,0.0,0,52.283927813027276,En observación
2019-05-01,1023,4906.9,2553.71,0.14,2855.85,Normal,645.0,0.31,521.18,41.58,2,999.27,38,0,464.28,2756.06,Salario,1342.65,Ocio,Negativo,27.8,Bajo,2353.19,0,47.980945176242585,En observación
2019-05-31,1103,4449.16,2932.84,0.1,3124.74,Inflación,709.0,0.37,685.28,624.06,6,0.0,93,0,768.56,1516.18,Salario,1112.05,Salud,Positivo,59.1,Bajo,1516.32,0,43.27257880468354,En riesgo
2019-06-30,1668,6392.56,3031.79,0.15,2516.95,Normal,736.0,0.5,594.2,550.83,6,1647.33,25,0,577.06,2319.01,Mixto,1227.23,Transporte,Positivo,65.5,Bajo,3360.77,1,50.844637782310365,En observación
2019-07-30,1200,2963.42,3658.31,0.14,3342.9,Normal,716.0,0.4,531.41,494.25,8,1829.8,26,0,281.63,2672.15,Salario,1354.65,Vivienda,Positivo,89.3,Alto,0.0,0,43.4833710784596,En riesgo
2019-08-29,1607,1988.41,2745.91,0.18,2064.93,Normal,685.0,0.15,173.49,0.0,7,1106.14,39,0,372.8,2435.91,Independiente,811.73,Inversiones,Positivo,35.2,Medio,0.0,0,53.12873735221629,Estable
2019-09-28,1087,4045.07,3018.16,0.24,2691.5,Normal,652.0,0.21,678.91,340.77,6,1266.38,99,0,557.61,1893.1,Salario,911.51,Gastos_hormiga,Positivo,55.1,Alto,1026.91,0,57.1461684729475,Estable
2019-10-28,1860,3105.32,2551.36,0.29,3082.91,Normal,655.0,0.34,355.22,547.17,8,1116.9,89,0,686.77,2002.55,Independiente,1431.15,Transporte,Positivo,97.7,Alto,553.96,0,53.953013870909814,Estable
2019-11-27,1570,3873.08,3407.05,0.24,2344.84,Inflación,715.0,0.42,456.39,542.11,9,332.7,37,0,776.79,1890.7,Salario,1970.0,Salud,Positivo,37.0,Bajo,466.03,0,45.486747632708344,En riesgo
2019-12-27,1642,3306.56,3844.91,0.28,2816.23,Normal,668.0,0.13,270.83,818.92,7,1064.48,56,1,222.52,2888.05,Salario,1127.29,Transporte,Neutral,20.8,Medio,0.0,0,62.235169718093445,Saludable
2020-01-26,1603,4408.77,1486.82,0.11,2672.12,Normal,728.0,0.45,646.13,289.43,8,1194.49,96,0,546.06,2838.96,Mixto,1394.25,Otros,Positivo,59.3,Bajo,2921.95,1,46.60615526054484,En riesgo
2020-02-25,1755,2333.97,3590.9,0.29,2591.53,Normal,649.0,0.57,895.03,493.96,3,1245.38,87,0,292.21,2806.17,Independiente,763.47,Educacion,Positivo,74.4,Medio,0.0,0,43.12226665114958,En riesgo
2020-03-26,1938,1634.88,1022.59,0.14,2389.2,Normal,622.0,0.12,280.81,544.65,8,1196.04,31,0,527.18,3060.86,Independiente,1520.66,Servicios,Negativo,36.8,Alto,612.29,0,52.56076838597431,Estable
2020-04-25,1529,3001.94,3635.21,0.13,3014.23,Recesión,667.0,0.13,859.22,110.94,5,158.97,64,0,766.06,1421.02,Salario,2056.76,Otros,Negativo,41.0,Alto,0.0,0,41.188415270435925,En riesgo
2020-05-25,1619,3910.25,2312.95,0.31,2256.79,Recesión,710.0,0.54,592.73,324.49,8,1198.11,91,0,417.42,3314.53,Salario,1528.43,Gastos_hormiga,Positivo,76.4,Medio,1597.3,0,48.08538203321597,En observación
2020-06-24,1827,2171.37,1861.96,0.15,3247.58,Inflación,685.0,0.13,478.95,513.26,2,0.0,20,0,633.72,1665.56,Salario,1145.73,Gastos_hormiga,Positivo,90.5,Medio,309.41,0,52.3327624047419,En observación
2020-07-24,1001,3542.3,2119.47,0.16,2765.1,Normal,755.0,0.19,722.67,156.73,9,1793.11,74,0,424.14,1312.69,Independiente,1880.87,Inversiones,Positivo,72.3,Bajo,1422.83,0,55.04772436642955,Estable
2020-08-23,1825,3677.49,2050.05,0.19,2571.56,Recesión,745.0,0.45,494.19,476.24,6,871.03,70,0,357.31,3564.66,Independiente,1174.83,Salud,Neutral,85.9,Medio,1627.44,0,45.82482385422662,En riesgo
2020-09-22,1726,5189.83,3776.52,0.39,3373.01,Recesión,717.0,0.17,382.35,356.08,4,525.89,68,0,453.29,2092.46,Independiente,1293.29,Inversiones,Positivo,23.9,Medio,1413.31,0,66.77103709128636,Excelente
2020-10-22,1061,5662.9,3656.95,0.29,3156.62,Recesión,757.0,0.33,560.17,335.75,5,1349.06,56,0,734.8,2726.2,Salario,538.42,Gastos_hormiga,Negativo,70.9,Bajo,2005.95,0,55.76162041899305,Estable
2020-11-21,1899,3567.25,1068.14,0.08,2229.95,Normal,720.0,0.37,154.93,162.2,4,1479.92,57,0,682.87,2019.73,Salario,522.63,Otros,Positivo,19.1,Medio,2499.11,1,51.58135182102566,En observación
2020-12-21,1606,2765.03,2939.4,0.06,2516.77,Normal,765.0,0.56,405.48,326.93,2,0.0,66,0,609.73,2477.11,Salario,1758.01,Ocio,Positivo,23.7,Bajo,0.0,0,30.005863800709115,Crítico
2021-01-20,1442,2139.48,1782.53,0.25,2591.05,Normal,688.0,0.29,601.04,495.66,9,1860.88,98,0,340.98,1580.57,Salario,1434.48,Alimentacion,Negativo,77.5,Bajo,356.95,0,55.206187475631765,Estable
2021-02-19,1114,4703.74,2549.44,0.36,3028.03,Inflación,734.0,0.46,469.28,257.73,5,626.0,51,0,337.08,2798.89,Salario,1368.36,Transporte,Neutral,94.4,Alto,2154.3,0,53.89174870888952,Estable
2021-03-21,1383,6719.71,3624.44,0.21,3402.32,Recesión,656.0,0.45,804.08,386.81,8,2035.45,41,0,303.37,2541.14,Salario,1357.32,Educacion,Neutral,47.2,Medio,3095.27,0,51.35043992560399,En observación
2021-04-20,1422,3145.64,2968.69,0.05,3104.11,Normal,630.0,0.4,524.76,566.24,1,270.5,23,0,702.69,2086.69,Salario,1251.21,Gastos_hormiga,Negativo,73.2,Bajo,176.95,0,36.19202211715863,Crítico
2021-05-20,1126,3323.18,2835.22,0.34,2140.74,Normal,632.0,0.33,309.13,728.45,1,967.05,63,0,347.36,1975.94,Mixto,1730.98,Vivienda,Positivo,46.5,Bajo,487.96,0,62.24886823565896,Saludable
2021-06-19,1474,4397.68,2868.96,0.17,2385.19,Normal,618.0,0.51,472.33,536.84,2,551.22,91,0,743.73,2144.9,Independiente,913.85,Otros,Negativo,82.9,Alto,1528.72,0,41.13133894056375,En riesgo
2021-07-19,1148,3715.31,3449.86,0.12,2880.33,Normal,686.0,0.23,572.62,340.35,8,1369.7,66,0,347.39,1971.13,Salario,841.69,Inversiones,Neutral,41.2,Bajo,265.45,0,49.6466279660463,En observación
2021-08-18,1061,3151.25,2228.61,0.11,3473.51,Recesión,705.0,0.29,815.94,259.86,8,1515.69,25,0,604.6,1712.89,Salario,1161.33,Vivienda,Positivo,26.0,Bajo,922.64,0,46.378147132450515,En riesgo
2021-09-17,1830,5657.79,2451.35,0.39,3379.92,Recesión,699.0,0.13,335.67,0.0,1,707.36,74,0,305.22,2246.46,Salario,1225.69,Otros,Positivo,53.2,Medio,3206.44,0,72.28833368214367,Excelente
2021-10-17,1271,3917.35,2160.18,0.25,2024.55,Inflación,633.0,0.11,661.66,147.98,4,749.62,67,0,892.8,1518.04,Salario,2132.3,Ocio,Positivo,24.0,Alto,1757.17,0,57.683424740354894,Saludable
2021-11-16,1255,5865.23,3666.39,0.38,4028.47,Normal,708.0,0.45,385.4,331.27,9,920.44,79,0,137.84,1185.71,Salario,1453.6,Alimentacion,Positivo,48.7,Bajo,2198.84,0,60.31319548530183,Saludable
2021-12-16,1005,4621.77,3289.25,0.05,2779.03,Normal,767.0,0.3,612.69,405.21,6,149.31,35,0,711.91,2145.24,Mixto,680.52,Salud,Positivo,46.1,Bajo,1332.52,0,42.32920181961207,En riesgo
2022-01-15,1339,3236.56,3967.34,0.13,2793.95,Recesión,683.0,0.28,305.32,269.23,4,1482.47,21,0,822.59,2466.9,Mixto,1523.5,Vivienda,Neutral,64.3,Bajo,0.0,0,45.37216681364988,En riesgo
2022-02-14,1580,4942.42,2770.88,0.08,3312.92,Normal,754.0,0.23,399.71,458.55,5,895.11,71,0,870.33,1015.29,Independiente,1358.84,Alimentacion,Positivo,6.7,Bajo,2171.54,0,51.85354149007827,En observación
2022-03-16,1171,4718.97,3348.12,0.28,3399.58,Normal,713.0,0.37,552.89,817.77,5,1403.7,86,0,514.05,1995.95,Salario,750.6,Educacion,Positivo,57.8,Alto,1370.85,0,58.42016933887156,Saludable
2022-04-15,1636,5361.83,2557.75,0.34,2857.59,Inflación,677.0,0.58,710.04,629.21,4,849.56,86,0,465.22,1687.28,Salario,686.33,Transporte,Positivo,9.8,Bajo,2804.08,0,55.16389821281695,Estable
2022-05-15,1730,3988.94,2043.14,0.16,3685.66,Inflación,626.0,0.17,741.49,495.19,1,631.24,70,0,285.31,2843.3,Salario,927.81,Alimentacion,Negativo,25.3,Bajo,1945.8,0,54.77501570591125,Estable
2022-06-14,1813,3149.46,3665.56,0.18,3175.2,Normal,708.0,0.55,356.67,718.61,2,1600.42,99,0,614.59,1943.0,Mixto,1642.13,Alimentacion,Positivo,66.5,Bajo,0.0,0,44.00341794787114,En riesgo
2022-07-14,1704,3737.92,2977.82,0.33,4194.51,Recesión,773.0,0.58,300.87,0.0,3,653.67,63,0,635.26,2365.06,Salario,1040.59,Educacion,Neutral,38.8,Bajo,760.1,0,44.11921619006424,En riesgo
2022-08-13,1519,5455.07,2837.07,0.2,2297.22,Normal,754.0,0.14,233.27,532.26,5,1470.04,42,0,470.47,2678.14,Independiente,1122.42,Transporte,Negativo,40.3,Bajo,2618.0,1,64.26547769075773,Excelente
2022-09-12,1553,5558.89,1461.78,0.16,3851.46,Normal,593.0,0.57,224.51,166.73,1,1234.22,35,0,409.61,2376.26,Independiente,1331.74,Gastos_hormiga,Neutral,98.6,Medio,4097.11,1,49.86671045702349,En observación
2022-10-12,1050,5144.68,2707.01,0.19,2709.53,Normal,646.0,0.32,827.5,545.92,4,1328.28,99,0,663.84,1903.01,Independiente,1341.3,Inversiones,Neutral,8.1,Bajo,2437.67,0,53.15568593852169,Estable
2022-11-11,1497,4408.5,3183.57,0.1,2607.66,Normal,761.0,0.31,548.67,1014.45,9,1825.57,77,0,165.53,2021.6,Salario,888.01,Ocio,Negativo,66.3,Alto,1224.93,0,51.85464838534432,En observación
2022-12-11,1835,4595.71,159.21,0.25,2779.17,Normal,615.0,0.12,105.1,842.22,6,851.32,41,0,406.52,3019.44,Salario,890.54,Ocio,Positivo,62.5,Bajo,4436.5,1,75.68280601356562,Excelente
2023-01-10,1260,3710.47,3382.21,0.29,2221.05,Inflación,676.0,0.4,458.11,461.35,5,998.14,31,0,668.39,1000.0,Salario,638.79,Vivienda,Positivo,82.3,Alto,328.26,0,53.29435760466495,Estable
2023-02-09,1783,4493.7,3541.55,0.23,3067.35,Normal,688.0,0.13,468.64,424.69,9,1027.44,27,0,448.09,2408.5,Salario,654.83,Servicios,Positivo,13.6,Bajo,952.15,0,60.501896060894886,Saludable
2023-03-11,1714,3425.53,2319.56,0.11,1821.19,Normal,662.0,0.21,320.81,437.86,7,1549.53,44,0,133.05,2050.99,Salario,1545.01,Salud,Positivo,13.6,Bajo,1105.97,0,55.14632415641774,Estable
2023-04-10,1291,3534.28,4770.88,0.1,1296.24,Normal,761.0,0.13,0.0,502.91,2,1105.44,56,0,417.22,2126.88,Mixto,1580.48,Servicios,Positivo,78.2,Medio,0.0,0,52.40676189733302,Estable
2023-05-10,1250,6059.3,3231.19,0.36,2913.89,Recesión,698.0,0.48,276.0,596.98,1,1499.32,83,0,686.98,2392.21,Independiente,1741.81,Ocio,Negativo,47.3,Bajo,2828.11,0,58.78345639765417,Saludable
2023-06-09,1525,4407.44,2683.39,0.13,2545.35,Normal,625.0,0.44,442.04,547.04,4,209.57,45,0,349.12,2416.05,Salario,1150.38,Educacion,Positivo,60.6,Bajo,1724.05,0,45.120896613902985,En riesgo
2023-07-09,1201,3883.83,3041.49,0.12,3322.87,Normal,694.0,0.24,631.3,237.93,5,1983.97,93,0,302.36,2766.93,Independiente,907.76,Otros,Positivo,11.2,Bajo,842.34,0,51.911966344454804,En observación
2023-08-08,1275,4335.66,3006.87,0.36,2935.92,Recesión,795.0,0.21,586.96,370.94,3,551.27,94,0,253.69,2878.82,Salario,1316.88,Vivienda,Positivo,9.0,Alto,1328.79,0,62.78421483215097,Excelente
2023-09-07,1108,2005.99,3629.29,0.32,3636.33,Recesión,719.0,0.55,511.48,286.02,8,909.45,47,0,233.64,1374.61,Mixto,838.19,Ocio,Positivo,29.1,Bajo,0.0,0,44.906019026344936,En riesgo
2023-10-07,1317,3198.63,3813.3,0.31,3126.13,Normal,624.0,0.53,620.3,561.44,1,1007.28,99,0,648.54,2034.08,Salario,1482.48,Ocio,Positivo,89.0,Bajo,0.0,0,47.13639456339237,En observación
2023-11-06,1579,4783.39,3650.01,0.39,1480.23,Normal,609.0,0.28,480.78,664.2,4,2225.82,33,0,522.71,2563.09,Salario,1076.62,Inversiones,Neutral,77.5,Bajo,1133.38,0,66.5245811974308,Excelente
2019-01-01,1889,3046.65,3646.54,0.33,2908.95,Normal,621.0,0.4,523.53,598.52,3,748.87,73,0,792.46,2696.17,Salario,1697.84,Transporte,Positivo,77.4,Bajo,0.0,0,50.7540874601366,En observación
2019-01-31,1140,3857.63,2069.97,0.31,2982.6,Inflación,639.0,0.24,560.63,267.57,1,335.28,57,0,315.68,1696.92,Independiente,1866.63,Educacion,Positivo,35.6,Alto,1787.66,0,59.69117054115448,Saludable
2019-03-02,1969,4108.86,2732.11,0.23,2751.24,Normal,692.0,0.23,740.6,533.59,1,1005.95,25,0,442.75,3832.2,Independiente,953.32,Educacion,Positivo,97.9,Bajo,1376.75,0,56.9239682535827,Estable
2019-04-01,1057,4975.91,3192.79,0.13,3828.46,Inflación,660.0,0.14,294.49,40.18,1,100.09,21,0,502.3,1878.9,Salario,1474.99,Gastos_hormiga,Positivo,95.1,Bajo,1783.12,0,53.331022217565234,Estable
2019-05-01,1203,2774.04,3265.47,0.26,3025.18,Recesión,722.0,0.4,749.97,231.8,6,1264.35,28,0,0.0,2114.77,Independiente,300.0,Ocio,Positivo,38.1,Alto,0.0,0,49.35574333999304,En observación
2019-05-31,1574,3391.05,1889.03,0.36,2795.75,Inflación,685.0,0.47,165.18,924.16,6,636.17,91,0,528.43,2799.05,Salario,835.42,Gastos_hormiga,Positivo,87.1,Medio,1502.02,0,58.921445430015794,Saludable
2019-06-30,1363,4148.98,3374.17,0.15,3015.78,Recesión,592.0,0.59,319.0,126.64,1,1957.93,22,0,405.67,1595.64,Mixto,832.47,Servicios,Positivo,43.5,Bajo,774.81,0,44.347083396456114,En riesgo
2019-07-30,1964,3119.97,2867.39,0.39,2903.96,Normal,689.0,0.15,88.74,223.52,2,1310.95,72,0,278.75,2877.75,Salario,1392.31,Otros,Positivo,93.5,Bajo,252.58,0,68.78133413238598,Excelente
2019-08-29,1541,3658.24,3009.93,0.18,2489.24,Normal,684.0,0.6,250.23,661.53,6,955.7,28,0,282.09,1412.52,Independiente,1225.41,Inversiones,Positivo,22.9,Medio,648.31,0,44.09741559441267,En riesgo
2019-09-28,1975,3195.06,1142.97,0.09,3431.81,Normal,738.0,0.11,610.43,343.98,9,349.47,74,0,517.17,1059.52,Salario,662.86,Servicios,Positivo,53.6,Bajo,2052.09,0,54.083777073234145,Estable
2019-10-28,1622,3316.88,4179.63,0.16,3308.06,Normal,657.0,0.52,450.56,237.51,9,1140.89,30,0,248.06,1144.77,Salario,916.55,Salud,Negativo,28.4,Medio,0.0,0,37.5284589285195,Crítico
2019-11-27,1821,4505.99,3356.57,0.18,3326.8,Normal,712.0,0.38,569.62,863.13,9,922.02,40,0,847.83,2191.06,Salario,1173.82,Servicios,Positivo,22.8,Medio,1149.42,0,48.39998269325596,En observación
2019-12-27,1103,4147.44,2334.44,0.17,2864.82,Recesión,655.0,0.36,824.75,160.43,3,683.93,63,0,417.61,3503.29,Salario,1761.14,Transporte,Positivo,15.5,Medio,1813.0,0,45.13245691362032,En riesgo
2020-01-26,1872,4136.71,3142.13,0.33,2719.09,Recesión,696.0,0.4,307.57,15.69,2,1111.57,20,1,296.46,2135.55,Independiente,1540.86,Salud,Positivo,69.0,Medio,994.58,0,55.532707360821306,Estable
2020-02-25,1274,3844.43,2510.8,0.17,1990.63,Normal,697.0,0.3,363.42,678.57,8,747.35,55,0,249.0,3586.9,Salario,1343.76,Ocio,Positivo,37.4,Medio,1333.63,0,51.297294077438494,En observación
2020-03-26,1719,2096.05,3937.16,0.24,2905.61,Recesión,675.0,0.23,471.65,385.39,8,1105.46,87,0,514.62,1826.23,Salario,1224.98,Servicios,Positivo,38.2,Medio,0.0,0,51.08234749461553,En observación
2020-04-25,1472,3764.76,3345.58,0.31,2450.86,Inflación,678.0,0.47,512.46,211.66,9,846.86,96,0,694.38,2051.12,Salario,983.29,Otros,Negativo,96.6,Bajo,419.18,0,46.048804678001815,En riesgo
2020-05-25,1352,4561.96,2382.51,0.09,3748.59,Inflación,650.0,0.19,258.36,333.67,4,1112.19,84,0,727.74,2052.55,Independiente,1518.6,Inversiones,Neutral,95.2,Bajo,2179.45,0,52.35118818719861,Estable
2020-06-24,1395,4848.12,2614.36,0.32,2353.06,Recesión,683.0,0.46,794.75,168.95,3,417.83,99,0,526.53,3205.27,Salario,1657.44,Otros,Positivo,77.3,Bajo,2233.76,0,49.24251278106377,En observación
2020-07-24,1409,4088.89,1871.65,0.39,3200.46,Normal,711.0,0.34,284.75,402.34,7,172.62,42,0,375.04,2557.64,Independiente,1096.9,Educacion,Positivo,2.7,Medio,2217.24,0,61.47646133539711,Saludable
2020-08-23,1177,2288.93,3113.9,0.14,3378.39,Normal,650.0,0.32,412.71,629.77,5,961.66,54,0,518.1,1930.25,Salario,2041.58,Servicios,Positivo,94.3,Bajo,0.0,0,45.49334608397917,En riesgo
2020-09-22,1971,4527.09,3459.57,0.12,2571.35,Recesión,658.0,0.45,633.83,884.1,1,327.58,22,0,175.03,1838.21,Salario,1245.84,Ocio,Positivo,97.5,Bajo,1067.52,0,46.197323895547854,En riesgo
2020-10-22,1200,4085.78,3541.49,0.32,2188.42,Normal,712.0,0.25,490.75,285.65,2,1061.38,79,0,763.2,2569.37,Salario,1250.68,Ocio,Negativo,41.3,Medio,544.29,0,55.50437145783431,Estable
2020-11-21,1793,3333.01,3081.26,0.3,2355.67,Normal,640.0,0.44,507.6,447.63,9,608.74,80,0,459.76,1508.47,Salario,515.61,Educacion,Negativo,54.2,Bajo,251.75,0,49.474601810574526,En observación
2020-12-21,1112,4616.28,2470.75,0.31,2572.41,Recesión,682.0,0.5,738.24,687.53,9,528.83,62,0,591.36,2694.35,Mixto,921.51,Alimentacion,Positivo,90.9,Bajo,2145.53,0,51.295990326658014,En observación
2021-01-20,1972,3254.1,3542.05,0.09,2932.3,Inflación,614.0,0.14,341.82,152.04,3,939.15,49,1,654.42,2334.65,Salario,1040.13,Alimentacion,Negativo,24.2,Medio,0.0,0,46.4789529069546,En riesgo
2021-02-19,1845,2521.06,4569.64,0.38,2527.71,Normal,723.0,0.57,520.34,414.0,3,1269.8,38,0,664.34,1979.96,Mixto,1242.13,Otros,Neutral,32.5,Medio,0.0,0,46.136187085711036,En riesgo
2021-03-21,1140,4527.17,3254.12,0.27,2388.43,Normal,661.0,0.28,728.01,657.83,8,1083.87,26,0,709.98,2444.32,Salario,1572.03,Educacion,Neutral,57.7,Bajo,1273.05,0,54.57768448568833,Estable
2021-04-20,1972,3981.14,2555.05,0.15,3392.84,Normal,659.0,0.6,325.47,802.38,4,29.48,40,0,117.47,3458.21,Salario,1707.07,Educacion,Positivo,14.8,Bajo,1426.09,0,40.1917596201865,Crítico
2021-05-20,1755,5234.77,2789.89,0.19,2344.17,Normal,686.0,0.57,527.26,697.75,8,1408.05,54,0,43.36,1939.32,Salario,996.99,Gastos_hormiga,Neutral,22.4,Bajo,2444.88,1,50.76329462495531,En observación
2021-06-19,1891,4200.93,2412.25,0.27,3061.44,Normal,544.0,0.55,1021.44,44.1,3,1969.86,98,0,344.11,2701.03,Salario,770.85,Alimentacion,Negativo,32.1,Bajo,1788.68,0,46.549155205992136,En riesgo
2021-07-19,1060,4745.85,4025.03,0.14,2402.46,Inflación,768.0,0.58,332.26,333.84,2,250.1,40,0,409.04,2012.69,Independiente,1507.37,Alimentacion,Neutral,34.4,Bajo,720.82,0,36.289934058243865,Crítico
2021-08-18,1927,5332.78,3326.59,0.38,2237.31,Normal,604.0,0.38,517.24,553.71,6,449.66,92,0,684.91,3058.31,Salario,1024.83,Ocio,Positivo,22.2,Bajo,2006.19,0,57.67853505137009,Saludable
2021-09-17,1440,4377.63,2794.15,0.39,3077.36,Normal,692.0,0.29,266.4,736.35,8,82.81,43,0,429.96,1431.11,Salario,1077.81,Transporte,Negativo,82.7,Bajo,1583.48,0,63.45435257111838,Excelente
2021-10-17,1380,4416.04,2748.6,0.39,2753.85,Inflación,700.0,0.1,361.42,0.0,8,545.98,43,0,143.84,2082.64,Salario,1577.77,Servicios,Positivo,46.0,Alto,1667.44,0,67.59544079670938,Excelente
2021-11-16,1625,4898.97,3303.06,0.18,3391.34,Normal,666.0,0.11,766.84,467.32,2,894.36,76,0,500.72,2054.1,Mixto,1475.34,Gastos_hormiga,Positivo,14.0,Medio,1595.91,0,58.86904993311782,Saludable
2021-12-16,1057,4668.63,3140.53,0.19,2274.37,Recesión,694.0,0.22,553.57,0.0,2,1169.19,23,0,361.98,1982.72,Salario,656.45,Educacion,Positivo,63.2,Medio,1528.1,0,55.35663902479754,Estable
2022-01-15,1223,4476.38,3222.82,0.4,1749.03,Normal,634.0,0.57,672.52,367.22,6,954.26,99,0,526.51,2059.92,Salario,1175.16,Salud,Negativo,31.8,Bajo,1253.56,0,49.57884430700064,En observación
2022-02-14,1518,4102.03,2703.0,0.27,2097.5,Inflación,733.0,0.31,439.8,448.72,5,150.0,23,0,666.59,2983.82,Salario,1080.98,Inversiones,Negativo,97.2,Bajo,1399.03,0,51.021545023246865,En observación
2022-03-16,1613,4500.81,3431.49,0.13,2160.4,Inflación,633.0,0.24,448.69,575.98,3,1454.65,27,0,389.36,1312.4,Salario,1051.97,Otros,Positivo,20.9,Bajo,1069.32,0,55.90911303926495,Estable
2022-04-15,1475,4827.33,2973.87,0.24,2766.82,Inflación,705.0,0.3,474.42,682.25,8,1443.89,24,0,486.31,2505.71,Salario,921.62,Ocio,Positivo,76.7,Alto,1853.46,0,58.1159558059703,Saludable
2022-05-15,1992,4478.42,3134.06,0.08,3211.82,Normal,720.0,0.43,705.09,200.03,3,134.96,45,0,768.95,1399.35,Salario,1055.83,Otros,Positivo,6.2,Bajo,1344.36,0,38.2582683828593,Crítico
2022-06-14,1980,2832.07,1557.11,0.19,1714.11,Inflación,647.0,0.49,395.16,553.13,8,935.26,30,0,385.27,3419.11,Salario,916.87,Educacion,Positivo,55.1,Bajo,1274.96,0,46.12784028693354,En riesgo
2022-07-14,1565,4891.76,3210.39,0.28,1825.61,Recesión,643.0,0.17,608.48,0.0,8,1564.69,99,0,355.87,2069.32,Salario,1728.01,Inversiones,Positivo,33.7,Bajo,1681.37,0,60.0432685393539,Saludable
2022-08-13,1265,1980.37,3628.76,0.2,2585.87,Normal,615.0,0.41,549.93,370.39,1,1308.53,76,0,339.73,1931.89,Salario,980.77,Salud,Neutral,57.2,Medio,0.0,0,44.989260599014635,En riesgo
2022-09-12,1749,4545.67,2386.48,0.23,3041.63,Normal,729.0,0.29,680.71,403.78,7,704.44,84,0,614.35,2331.66,Salario,1574.01,Ocio,Positivo,40.9,Medio,2159.19,0,53.60350736293166,Estable
2022-10-12,1932,4779.21,3920.42,0.05,3225.64,Normal,688.0,0.18,499.08,462.01,3,1125.11,80,0,423.15,1623.55,Salario,1456.12,Otros,Positivo,11.1,Bajo,858.79,0,51.04134748250234,En observación
2022-11-11,1763,4194.95,2869.99,0.32,3338.56,Recesión,682.0,0.58,125.12,220.85,1,1045.59,32,0,376.22,1945.68,Independiente,1724.73,Vivienda,Positivo,29.3,Bajo,1324.96,0,51.34447140061459,En observación
2022-12-11,1857,3849.63,3572.89,0.32,1451.79,Normal,706.0,0.12,603.6,601.7,5,887.18,28,0,722.86,1000.0,Mixto,587.13,Gastos_hormiga,Negativo,62.5,Bajo,276.74,0,62.79290286821033,Excelente
2023-01-10,1378,4781.64,5030.97,0.3,3117.82,Normal,715.0,0.11,435.78,81.4,7,690.1,59,0,668.84,2504.07,Salario,1622.36,Salud,Neutral,19.5,Alto,0.0,0,55.285310146085905,Estable
2023-02-09,1303,1794.54,2157.26,0.29,2882.37,Normal,731.0,0.55,773.54,79.93,9,1547.32,86,0,612.85,2219.94,Salario,2382.05,Servicios,Negativo,2.5,Medio,0.0,0,37.97684719003071,Crítico
2023-03-11,1114,4230.4,2549.94,0.11,3329.11,Normal,663.0,0.34,625.97,296.01,3,1024.14,81,0,353.98,2086.6,Mixto,366.11,Salud,Positivo,93.2,Medio,1680.46,0,48.96841462807478,En observación
2023-04-10,1918,4701.5,2826.46,0.1,2556.09,Normal,679.0,0.5,461.47,619.9,7,206.58,97,0,319.16,3140.73,Salario,1850.73,Transporte,Positivo,66.6,Alto,1875.04,0,38.495891060647985,Crítico
2023-05-10,1152,4634.02,2889.31,0.39,2527.64,Inflación,672.0,0.12,787.72,0.0,9,932.07,47,1,323.31,2075.98,Salario,1264.09,Transporte,Positivo,45.0,Alto,1744.71,0,65.10252167903546,Excelente
2023-06-09,1137,5069.41,3163.55,0.35,2332.08,Recesión,636.0,0.59,895.85,0.0,9,934.81,81,0,370.07,2682.15,Salario,1185.62,Transporte,Positivo,31.0,Bajo,1905.86,0,45.62235087853548,En riesgo
2023-07-09,1137,4923.67,2812.56,0.07,3242.19,Normal,689.0,0.59,227.65,431.04,1,722.28,87,0,575.84,1953.72,Salario,1185.89,Vivienda,Neutral,90.0,Medio,2111.11,0,38.50974967711555,Crítico
2023-08-08,1292,4335.15,2725.2,0.28,2305.0,Normal,792.0,0.33,706.76,5.8,2,1044.93,44,0,351.12,2410.97,Salario,1392.54,Servicios,Negativo,33.1,Bajo,1609.95,0,52.42116276100918,Estable
2023-09-07,1651,3756.91,2873.61,0.24,2982.2,Normal,632.0,0.38,459.71,230.33,5,485.76,88,0,196.84,3119.97,Salario,1047.01,Ocio,Negativo,41.2,Bajo,883.3,0,47.66750861302679,En observación
2023-10-07,1265,3703.98,2988.52,0.15,3138.36,Inflación,627.0,0.12,133.25,524.12,6,794.85,59,0,1029.84,2069.51,Mixto,1895.62,Salud,Positivo,18.1,Medio,715.46,0,54.336695086333975,Estable
2023-11-06,1027,3598.08,2577.2,0.21,3437.93,Recesión,640.0,0.32,591.18,779.54,5,686.19,48,0,611.64,1729.19,Salario,1202.26,Transporte,Positivo,44.3,Alto,1020.88,0,52.228422217576004,En observación
2019-01-01,1080,4545.36,2532.77,0.34,2466.77,Recesión,763.0,0.34,457.27,420.3,3,1138.46,60,0,423.1,2366.2,Independiente,1685.28,Alimentacion,Positivo,33.6,Bajo,2012.59,0,61.14175268202229,Saludable
2019-01-31,1581,2892.75,2785.55,0.26,2904.2,Normal,687.0,0.35,416.21,728.46,3,701.69,83,0,105.01,2285.0,Independiente,1114.0,Gastos_hormiga,Neutral,37.1,Bajo,107.2,0,54.473423921099446,Estable
2019-03-02,1015,4794.07,2387.72,0.39,2463.0,Recesión,640.0,0.29,353.47,0.0,6,1127.83,44,0,495.9,2294.82,Independiente,1684.27,Gastos_hormiga,Positivo,81.4,Bajo,2406.35,0,63.18195681552719,Excelente
2019-04-01,1354,4100.14,2051.32,0.24,3013.49,Normal,744.0,0.43,575.77,595.97,4,1053.51,85,0,358.0,1937.24,Mixto,1606.13,Vivienda,Neutral,13.0,Bajo,2048.82,0,53.569648586285815,Estable
2019-05-01,1799,3614.14,3876.57,0.27,3259.97,Recesión,648.0,0.2,503.12,797.97,9,967.62,91,0,738.36,1151.84,Salario,952.5,Otros,Neutral,89.4,Medio,0.0,0,57.352054090992645,Saludable
2019-05-31,1414,5293.31,2841.84,0.13,3132.23,Inflación,650.0,0.15,563.19,0.0,9,1397.58,61,0,330.68,2161.19,Salario,1812.33,Otros,Positivo,47.6,Bajo,2451.47,0,55.15260263300079,Estable
2019-06-30,1572,3331.15,2118.51,0.2,2919.34,Normal,667.0,0.19,193.92,455.14,2,742.87,85,0,686.7,2517.08,Salario,863.62,Inversiones,Positivo,53.7,Bajo,1212.64,0,58.37104955230292,Saludable
2019-07-30,1422,5941.25,2760.54,0.07,2811.88,Normal,686.0,0.35,375.36,175.61,1,941.36,30,0,651.86,2515.65,Salario,726.75,Educacion,Positivo,35.5,Alto,3180.71,1,49.045023825824025,En observación
2019-08-29,1171,4373.5,3078.52,0.15,2364.9,Normal,681.0,0.57,280.56,614.43,2,1583.72,71,0,390.81,2605.64,Salario,1223.07,Ocio,Positivo,83.8,Alto,1294.98,0,44.795931650071715,En riesgo
2019-09-28,1825,3270.53,3556.06,0.31,2727.97,Recesión,620.0,0.18,604.15,778.78,4,995.67,50,0,564.55,3401.18,Salario,1478.25,Otros,Neutral,41.9,Alto,0.0,0,58.02425996342668,Saludable
2019-10-28,1825,4569.73,2998.19,0.17,2844.53,Inflación,703.0,0.58,542.89,708.07,2,519.0,34,0,488.43,2242.08,Salario,1127.25,Gastos_hormiga,Negativo,82.6,Medio,1571.54,0,41.02453740158216,En riesgo
2019-11-27,1502,4074.98,3802.35,0.37,2054.54,Inflación,654.0,0.25,305.42,692.32,1,1243.48,48,0,717.86,3050.1,Independiente,1650.43,Salud,Positivo,95.4,Medio,272.63,0,62.47737582676854,Excelente
2019-12-27,1584,4819.38,2130.07,0.08,3172.58,Normal,604.0,0.45,563.5,465.6,3,966.55,72,0,793.26,3060.69,Salario,1584.54,Inversiones,Positivo,54.2,Alto,2689.31,0,41.91553714011942,En riesgo
2020-01-26,1668,3497.41,4721.74,0.1,2507.54,Inflación,650.0,0.21,980.37,531.63,2,1686.95,69,0,745.91,3182.4,Salario,790.89,Otros,Positivo,47.3,Bajo,0.0,0,46.28978243070253,En riesgo
2020-02-25,1901,2733.95,2653.62,0.18,3020.08,Inflación,677.0,0.58,365.7,725.23,6,657.65,89,0,495.89,1856.22,Independiente,906.49,Alimentacion,Positivo,86.1,Bajo,80.33,0,41.34111249471446,En riesgo
2020-03-26,1788,5235.56,3948.58,0.11,2463.44,Inflación,706.0,0.42,826.13,471.72,2,981.71,75,0,455.22,2786.8,Salario,1793.05,Salud,Positivo,98.7,Medio,1286.98,0,41.327941120192676,En riesgo
2020-04-25,1167,2108.86,2913.53,0.39,2092.26,Recesión,660.0,0.38,380.34,255.41,5,659.84,40,0,392.67,2158.27,Independiente,1586.08,Ocio,Positivo,86.7,Bajo,0.0,0,54.96004799299401,Estable
2020-05-25,1532,3578.14,2769.0,0.09,2344.06,Recesión,591.0,0.56,406.31,0.0,4,622.39,74,0,552.3,2086.62,Salario,1445.13,Gastos_hormiga,Positivo,76.1,Medio,809.14,0,33.706779559554604,Crítico
2020-06-24,1688,3398.49,3196.16,0.2,3833.5,Inflación,698.0,0.37,828.35,126.98,8,1115.66,52,0,378.85,2450.75,Salario,1450.66,Alimentacion,Negativo,19.6,Bajo,202.33,0,41.69813173130173,En riesgo
2020-07-24,1446,4757.04,4022.08,0.24,2490.21,Inflación,601.0,0.53,376.17,90.01,3,977.01,92,0,404.84,1431.37,Salario,1220.86,Vivienda,Positivo,83.4,Medio,734.96,0,45.41205394473791,En riesgo
2020-08-23,1532,3330.29,3129.31,0.4,3624.04,Normal,685.0,0.53,511.23,171.1,3,1175.1,44,0,568.51,2385.59,Independiente,1692.47,Gastos_hormiga,Positivo,28.8,Medio,200.98,0,49.97654894950122,En observación
2020-09-22,1384,5436.27,2985.14,0.36,1934.64,Normal,661.0,0.45,438.7,409.32,1,1264.36,93,0,601.31,2246.11,Salario,1588.28,Salud,Neutral,83.1,Medio,2451.13,1,59.23355503935797,Saludable
2020-10-22,1737,3664.43,3876.58,0.23,3302.16,Normal,661.0,0.27,1176.88,0.0,4,9.65,77,0,428.05,2168.28,Salario,1381.6,Otros,Negativo,64.1,Alto,0.0,0,40.77386220360949,En riesgo
2020-11-21,1118,3863.43,3626.77,0.3,2313.28,Normal,589.0,0.22,277.83,249.34,8,1011.75,39,0,381.46,2232.63,Salario,652.34,Educacion,Positivo,46.2,Bajo,236.66,0,59.64929914091717,Saludable
2020-12-21,1946,2254.13,1827.98,0.13,2391.37,Recesión,735.0,0.25,642.43,308.36,2,598.24,63,0,428.13,3063.51,Salario,1955.03,Vivienda,Positivo,75.3,Alto,426.15,0,45.43945983966884,En riesgo
2021-01-20,1689,4273.24,2288.66,0.34,1659.19,Inflación,700.0,0.3,163.0,521.28,8,480.48,83,0,618.15,1555.72,Salario,1520.62,Inversiones,Neutral,94.9,Bajo,1984.58,1,62.36548916018802,Saludable
2021-02-19,1363,4823.73,2477.5,0.11,2673.76,Normal,698.0,0.25,326.84,378.41,1,1665.82,51,0,418.02,3054.5,Salario,1778.03,Gastos_hormiga,Neutral,86.4,Bajo,2346.23,0,54.12699181954046,Estable
2021-03-21,1443,4861.04,4084.19,0.24,2800.26,Normal,578.0,0.17,471.2,645.87,7,1675.17,61,0,977.44,1453.88,Salario,1457.29,Educacion,Positivo,30.4,Medio,776.85,0,59.998331938778385,Saludable
2021-04-20,1010,5648.44,2333.81,0.34,3674.57,Normal,641.0,0.47,121.07,262.16,2,1290.21,60,0,499.09,1602.6,Salario,1918.23,Inversiones,Positivo,33.6,Alto,3314.63,0,60.6043340593243,Saludable
2021-05-20,1134,3965.94,3729.55,0.24,2727.19,Normal,811.0,0.19,551.28,614.36,9,748.35,24,0,500.59,2381.94,Independiente,382.8,Gastos_hormiga,Positivo,90.9,Alto,236.39,0,56.20817912480981,Estable
2021-06-19,1340,3678.87,4179.37,0.13,3457.13,Recesión,712.0,0.31,1008.01,407.02,3,904.63,68,0,716.07,2044.41,Salario,1088.68,Alimentacion,Positivo,81.5,Medio,0.0,0,41.73183459821512,En riesgo
2021-07-19,1156,4750.44,3312.93,0.4,2444.19,Normal,781.0,0.52,40.45,388.44,6,1143.81,41,0,497.51,2500.25,Salario,1719.79,Transporte,Positivo,62.1,Bajo,1437.51,0,57.084048344049805,Estable
2021-08-18,1495,3791.23,2182.44,0.1,2468.39,Normal,620.0,0.4,407.04,331.81,6,263.94,82,0,810.9,2354.17,Independiente,1349.77,Salud,Positivo,87.9,Medio,1608.79,0,40.75384977416827,En riesgo
2021-09-17,1863,4481.62,4257.87,0.18,3410.0,Normal,718.0,0.18,253.33,226.09,3,270.58,63,0,706.62,2023.32,Mixto,1209.92,Otros,Positivo,47.4,Medio,223.75,0,51.452711402020704,En observación
2021-10-17,1026,5545.12,2705.48,0.24,3874.76,Normal,722.0,0.15,502.38,476.52,9,1544.95,91,0,265.47,3119.43,Salario,1202.94,Alimentacion,Positivo,86.1,Medio,2839.64,0,64.64076998544847,Excelente
2021-11-16,1552,4110.99,2114.38,0.15,2782.81,Recesión,724.0,0.23,617.89,535.01,5,1655.32,80,0,199.98,1375.04,Independiente,875.99,Servicios,Positivo,34.9,Medio,1996.61,0,59.62211443640669,Saludable
2021-12-16,1003,4757.29,3222.0,0.22,2479.19,Normal,703.0,0.45,505.99,474.38,4,1480.14,69,0,667.41,2888.12,Salario,1714.23,Transporte,Neutral,76.4,Medio,1535.29,0,47.60119442320922,En observación
2022-01-15,1393,3988.51,2911.85,0.18,3015.69,Recesión,759.0,0.47,449.98,83.17,3,445.1,31,0,309.24,2575.14,Salario,765.94,Otros,Neutral,7.8,Alto,1076.66,0,41.87206450526345,En riesgo
2022-02-14,1859,5569.24,4227.33,0.3,1420.07,Normal,711.0,0.45,383.95,261.48,7,1218.68,56,0,704.9,2117.77,Salario,1354.42,Alimentacion,Negativo,1.0,Medio,1341.91,0,47.68748180983026,En observación
2022-03-16,1370,4280.45,3611.48,0.23,3033.93,Normal,621.0,0.24,257.52,748.77,3,1326.04,86,0,109.94,3438.13,Salario,1518.92,Otros,Neutral,31.2,Alto,668.97,0,58.442905758425496,Saludable
2022-04-15,1017,4381.37,3842.65,0.08,2397.67,Normal,619.0,0.59,492.76,570.7,8,829.1,53,0,319.05,1804.62,Salario,860.31,Educacion,Positivo,67.8,Medio,538.72,0,35.79301987090301,Crítico
2022-05-15,1737,685.28,3747.72,0.39,1872.0,Inflación,647.0,0.34,581.47,603.27,1,1113.07,22,0,283.97,1198.89,Salario,1472.97,Educacion,Negativo,97.0,Alto,0.0,0,54.91633331502773,Estable
2022-06-14,1422,3784.62,2236.96,0.31,2850.61,Inflación,762.0,0.33,768.76,291.93,8,1328.51,25,0,721.39,2739.56,Independiente,782.44,Servicios,Negativo,88.3,Bajo,1547.66,0,53.77716118756837,Estable
2022-07-14,1047,3530.64,2391.78,0.39,3044.65,Recesión,706.0,0.17,278.87,154.1,8,1476.66,30,0,557.45,1014.29,Salario,803.78,Ocio,Positivo,10.8,Medio,1138.86,0,69.06756823706571,Excelente
2022-08-13,1505,4102.74,2539.84,0.27,2763.23,Recesión,655.0,0.54,354.77,124.01,2,901.13,84,0,891.01,2263.92,Salario,1139.67,Ocio,Positivo,30.3,Medio,1562.9,0,46.590639504635575,En riesgo
2022-09-12,1065,3443.28,4650.25,0.26,2628.64,Recesión,718.0,0.49,235.5,424.02,1,1179.87,46,0,545.94,2720.59,Salario,1157.9,Inversiones,Neutral,31.6,Bajo,0.0,0,46.135547059517684,En riesgo
2022-10-12,1421,4415.51,2821.05,0.22,3232.88,Inflación,685.0,0.55,468.13,0.0,5,1482.55,33,0,531.76,2225.26,Salario,1530.83,Servicios,Positivo,17.4,Medio,1594.46,0,44.228212503810916,En riesgo
2022-11-11,1744,4106.89,2535.23,0.31,2805.5,Normal,639.0,0.26,554.53,712.04,7,628.71,36,0,298.07,2327.02,Salario,1249.31,Transporte,Negativo,18.9,Medio,1571.66,0,59.65252430793378,Saludable
2022-12-11,1030,4067.94,3821.36,0.34,2963.75,Inflación,679.0,0.36,709.64,43.22,8,1087.31,78,0,65.61,2868.43,Independiente,1054.49,Alimentacion,Negativo,38.9,Bajo,246.58,0,51.44353311619258,En observación
2023-01-10,1044,4501.42,2668.71,0.29,2276.92,Recesión,716.0,0.25,707.37,221.72,6,1765.13,67,0,525.57,2174.65,Mixto,934.37,Servicios,Negativo,11.9,Medio,1832.71,0,58.59116810747511,Saludable
2023-02-09,1046,5713.73,2937.3,0.1,2445.77,Inflación,571.0,0.43,425.91,537.91,7,899.39,44,0,178.65,1000.0,Salario,2037.21,Inversiones,Positivo,89.0,Medio,2776.43,1,49.63950633702722,En observación
2023-03-11,1113,3595.8,4349.94,0.15,2894.59,Inflación,649.0,0.47,453.89,487.09,7,1012.64,45,0,483.73,1739.46,Salario,1642.4,Servicios,Positivo,28.9,Bajo,0.0,0,40.881387083849035,En riesgo
2023-04-10,1273,4235.87,1885.1,0.26,3360.81,Normal,652.0,0.5,928.93,503.43,9,1438.58,32,1,795.01,2898.36,Salario,1095.78,Alimentacion,Neutral,53.5,Bajo,2350.77,0,47.45092055463727,En observación
2023-05-10,1949,4199.27,1629.0,0.32,2548.16,Inflación,765.0,0.34,681.69,0.0,6,1189.41,53,0,909.8,1946.65,Salario,1004.45,Educacion,Negativo,51.2,Bajo,2570.27,1,56.91557596965125,Estable
2023-06-09,1967,4158.12,4342.91,0.13,2856.85,Normal,722.0,0.55,412.76,383.22,3,1623.24,20,0,576.14,1125.19,Salario,839.25,Salud,Positivo,9.6,Bajo,0.0,0,41.963100801185355,En riesgo
2023-07-09,1822,3254.55,3992.02,0.17,2675.77,Normal,704.0,0.3,285.16,597.74,9,466.11,81,0,408.23,2088.32,Mixto,2079.99,Salud,Positivo,43.2,Bajo,0.0,0,47.085864194404245,En observación
2023-08-08,1907,2752.78,5685.18,0.26,2682.99,Recesión,697.0,0.12,417.06,587.44,7,807.86,21,0,167.78,2445.34,Salario,832.95,Ocio,Neutral,46.0,Bajo,0.0,0,56.07895622933624,Estable
2023-09-07,1464,3691.1,3228.05,0.12,3893.53,Normal,626.0,0.12,621.01,286.47,6,780.17,34,0,275.53,3231.56,Salario,790.68,Servicios,Neutral,40.7,Medio,463.05,0,49.54114322583785,En observación
2023-10-07,1346,3133.24,4335.72,0.08,2854.72,Inflación,628.0,0.42,650.23,966.6,2,712.12,92,0,373.85,2305.14,Salario,903.82,Servicios,Positivo,57.1,Bajo,0.0,0,41.27096159255911,En riesgo
2023-11-06,1140,4090.06,3546.83,0.23,2365.61,Normal,655.0,0.46,117.15,0.0,5,902.69,78,0,695.36,3142.37,Salario,316.24,Ocio,Positivo,54.8,Bajo,543.23,0,45.66886663473377,En riesgo
